run_id,experiment,system,method,family,split,metric,tags,value,sd,ci_lo,ci_hi
federated.localization-ieee118-migrated,federated.localization,ieee118,cnn,Ad,,macro_auprc,clients=1;pool=all,0.9979448497399384,0.0002878321390626706,,
federated.localization-ieee118-migrated,federated.localization,ieee118,cnn,Ad,,macro_auprc,clients=1;pool=benign,0.9979448497399384,0.0002878321390626706,,
federated.localization-ieee118-migrated,federated.localization,ieee118,cnn,Ad,,macro_auprc,clients=2;pool=all,0.9971741808042641,0.000388138379125059,,
federated.localization-ieee118-migrated,federated.localization,ieee118,cnn,Ad,,macro_auprc,clients=2;pool=benign,0.9971741808042641,0.000388138379125059,,
federated.localization-ieee118-migrated,federated.localization,ieee118,cnn,Ad,,macro_auprc,clients=3;pool=all,0.9967871296734417,0.00011392433275515778,,
federated.localization-ieee118-migrated,federated.localization,ieee118,cnn,Ad,,macro_auprc,clients=3;pool=benign,0.9967871296734417,0.00011392433275515778,,
federated.localization-ieee118-migrated,federated.localization,ieee118,cnn,Ad,,macro_dr,clients=1;pool=all,0.987547478822491,0.0002233396446395242,,
federated.localization-ieee118-migrated,federated.localization,ieee118,cnn,Ad,,macro_dr,clients=1;pool=benign,0.987547478822491,0.0002233396446395242,,
federated.localization-ieee118-migrated,federated.localization,ieee118,cnn,Ad,,macro_dr,clients=2;pool=all,0.9854057193628026,0.002569933986198053,,
federated.localization-ieee118-migrated,federated.localization,ieee118,cnn,Ad,,macro_dr,clients=2;pool=benign,0.9854057193628026,0.002569933986198053,,
federated.localization-ieee118-migrated,federated.localization,ieee118,cnn,Ad,,macro_dr,clients=3;pool=all,0.9846402434025059,0.0010665409561708456,,
federated.localization-ieee118-migrated,federated.localization,ieee118,cnn,Ad,,macro_dr,clients=3;pool=benign,0.9846402434025059,0.0010665409561708456,,
federated.localization-ieee118-migrated,federated.localization,ieee118,cnn,Ad,,macro_f1,clients=1;pool=all,0.9850392076056317,0.0003128151755494241,,
federated.localization-ieee118-migrated,federated.localization,ieee118,cnn,Ad,,macro_f1,clients=1;pool=benign,0.9850392076056317,0.0003128151755494241,,
federated.localization-ieee118-migrated,federated.localization,ieee118,cnn,Ad,,macro_f1,clients=2;pool=all,0.9818974775824207,0.001782098771959094,,
federated.localization-ieee118-migrated,federated.localization,ieee118,cnn,Ad,,macro_f1,clients=2;pool=benign,0.9818974775824207,0.001782098771959094,,
federated.localization-ieee118-migrated,federated.localization,ieee118,cnn,Ad,,macro_f1,clients=3;pool=all,0.980875627462488,0.0012436896064184672,,
federated.localization-ieee118-migrated,federated.localization,ieee118,cnn,Ad,,macro_f1,clients=3;pool=benign,0.980875627462488,0.0012436896064184672,,
federated.localization-ieee118-migrated,federated.localization,ieee118,cnn,Ad,,macro_fr,clients=1;pool=all,8.684393677526994e-05,4.257555325552773e-06,,
federated.localization-ieee118-migrated,federated.localization,ieee118,cnn,Ad,,macro_fr,clients=1;pool=benign,4.7563262706644545e-06,6.726461119045113e-07,,
federated.localization-ieee118-migrated,federated.localization,ieee118,cnn,Ad,,macro_fr,clients=2;pool=all,0.00010897885553426375,3.1199344694775914e-05,,
federated.localization-ieee118-migrated,federated.localization,ieee118,cnn,Ad,,macro_fr,clients=2;pool=benign,1.1415183049594691e-05,6.990343447993649e-06,,
federated.localization-ieee118-migrated,federated.localization,ieee118,cnn,Ad,,macro_fr,clients=3;pool=all,0.00011314442840183762,1.903191662515989e-05,,
federated.localization-ieee118-migrated,federated.localization,ieee118,cnn,Ad,,macro_fr,clients=3;pool=benign,1.6171509320259146e-05,3.7451350506581135e-06,,
federated.localization-ieee118-migrated,federated.localization,ieee118,cnn,Aq,,macro_auprc,clients=1;pool=all,0.881968661439862,0.0037443341049094936,,
federated.localization-ieee118-migrated,federated.localization,ieee118,cnn,Aq,,macro_auprc,clients=1;pool=benign,0.881968661439862,0.0037443341049094936,,
federated.localization-ieee118-migrated,federated.localization,ieee118,cnn,Aq,,macro_auprc,clients=2;pool=all,0.8623157740291162,0.007555596480145547,,
federated.localization-ieee118-migrated,federated.localization,ieee118,cnn,Aq,,macro_auprc,clients=2;pool=benign,0.8623157740291162,0.007555596480145547,,
federated.localization-ieee118-migrated,federated.localization,ieee118,cnn,Aq,,macro_auprc,clients=3;pool=all,0.8904855031564681,0.0006832376784085599,,
federated.localization-ieee118-migrated,federated.localization,ieee118,cnn,Aq,,macro_auprc,clients=3;pool=benign,0.8904855031564681,0.0006832376784085599,,
federated.localization-ieee118-migrated,federated.localization,ieee118,cnn,Aq,,macro_dr,clients=1;pool=all,0.3813574748073467,0.003763082880779512,,
federated.localization-ieee118-migrated,federated.localization,ieee118,cnn,Aq,,macro_dr,clients=1;pool=benign,0.3813574748073467,0.003763082880779512,,
federated.localization-ieee118-migrated,federated.localization,ieee118,cnn,Aq,,macro_dr,clients=2;pool=all,0.3738339700307203,0.00721959711624401,,
federated.localization-ieee118-migrated,federated.localization,ieee118,cnn,Aq,,macro_dr,clients=2;pool=benign,0.3738339700307203,0.00721959711624401,,
federated.localization-ieee118-migrated,federated.localization,ieee118,cnn,Aq,,macro_dr,clients=3;pool=all,0.3898616713047464,0.000694917953178231,,
federated.localization-ieee118-migrated,federated.localization,ieee118,cnn,Aq,,macro_dr,clients=3;pool=benign,0.3898616713047464,0.000694917953178231,,
federated.localization-ieee118-migrated,federated.localization,ieee118,cnn,Aq,,macro_f1,clients=1;pool=all,0.39106027777989266,0.002866812081208563,,
federated.localization-ieee118-migrated,federated.localization,ieee118,cnn,Aq,,macro_f1,clients=1;pool=benign,0.39106027777989266,0.002866812081208563,,
federated.localization-ieee118-migrated,federated.localization,ieee118,cnn,Aq,,macro_f1,clients=2;pool=all,0.3838390763884543,0.0049277269418188325,,
federated.localization-ieee118-migrated,federated.localization,ieee118,cnn,Aq,,macro_f1,clients=2;pool=benign,0.3838390763884543,0.0049277269418188325,,
federated.localization-ieee118-migrated,federated.localization,ieee118,cnn,Aq,,macro_f1,clients=3;pool=all,0.39875870481232556,0.0020464787521738688,,
federated.localization-ieee118-migrated,federated.localization,ieee118,cnn,Aq,,macro_f1,clients=3;pool=benign,0.39875870481232556,0.0020464787521738688,,
federated.localization-ieee118-migrated,federated.localization,ieee118,cnn,Aq,,macro_fr,clients=1;pool=all,0.0003912610021758282,2.089933020907661e-05,,
federated.localization-ieee118-migrated,federated.localization,ieee118,cnn,Aq,,macro_fr,clients=1;pool=benign,4.7563262706644545e-06,6.726461119045113e-07,,
federated.localization-ieee118-migrated,federated.localization,ieee118,cnn,Aq,,macro_fr,clients=2;pool=all,0.0003466546429148933,3.142579660045248e-05,,
federated.localization-ieee118-migrated,federated.localization,ieee118,cnn,Aq,,macro_fr,clients=2;pool=benign,1.1415183049594691e-05,6.990343447993649e-06,,
federated.localization-ieee118-migrated,federated.localization,ieee118,cnn,Aq,,macro_fr,clients=3;pool=all,0.00023337073957024987,5.543296870712721e-05,,
federated.localization-ieee118-migrated,federated.localization,ieee118,cnn,Aq,,macro_fr,clients=3;pool=benign,1.6171509320259146e-05,3.7451350506581135e-06,,
federated.localization-ieee118-migrated,federated.localization,ieee118,cnn,Ar,,macro_auprc,clients=1;pool=all,0.7988953250074919,0.0019290332828775557,,
federated.localization-ieee118-migrated,federated.localization,ieee118,cnn,Ar,,macro_auprc,clients=1;pool=benign,0.7988953250074919,0.0019290332828775557,,
federated.localization-ieee118-migrated,federated.localization,ieee118,cnn,Ar,,macro_auprc,clients=2;pool=all,0.7868744932412218,0.0036879258954229535,,
federated.localization-ieee118-migrated,federated.localization,ieee118,cnn,Ar,,macro_auprc,clients=2;pool=benign,0.7868744932412218,0.0036879258954229535,,
federated.localization-ieee118-migrated,federated.localization,ieee118,cnn,Ar,,macro_auprc,clients=3;pool=all,0.788552046262971,0.00270487940601317,,
federated.localization-ieee118-migrated,federated.localization,ieee118,cnn,Ar,,macro_auprc,clients=3;pool=benign,0.788552046262971,0.00270487940601317,,
federated.localization-ieee118-migrated,federated.localization,ieee118,cnn,Ar,,macro_dr,clients=1;pool=all,0.637455606649114,0.010540170573575699,,
federated.localization-ieee118-migrated,federated.localization,ieee118,cnn,Ar,,macro_dr,clients=1;pool=benign,0.637455606649114,0.010540170573575699,,
federated.localization-ieee118-migrated,federated.localization,ieee118,cnn,Ar,,macro_dr,clients=2;pool=all,0.6500460291750657,0.007310065844485178,,
federated.localization-ieee118-migrated,federated.localization,ieee118,cnn,Ar,,macro_dr,clients=2;pool=benign,0.6500460291750657,0.007310065844485178,,
federated.localization-ieee118-migrated,federated.localization,ieee118,cnn,Ar,,macro_dr,clients=3;pool=all,0.6565015662752987,0.012894416671153267,,
federated.localization-ieee118-migrated,federated.localization,ieee118,cnn,Ar,,macro_dr,clients=3;pool=benign,0.6565015662752987,0.012894416671153267,,
federated.localization-ieee118-migrated,federated.localization,ieee118,cnn,Ar,,macro_f1,clients=1;pool=all,0.7494232843595325,0.007681806671312619,,
federated.localization-ieee118-migrated,federated.localization,ieee118,cnn,Ar,,macro_f1,clients=1;pool=benign,0.7494232843595325,0.007681806671312619,,
federated.localization-ieee118-migrated,federated.localization,ieee118,cnn,Ar,,macro_f1,clients=2;pool=all,0.7565583939557716,0.004248646209438316,,
federated.localization-ieee118-migrated,federated.localization,ieee118,cnn,Ar,,macro_f1,clients=2;pool=benign,0.7565583939557716,0.004248646209438316,,
federated.localization-ieee118-migrated,federated.localization,ieee118,cnn,Ar,,macro_f1,clients=3;pool=all,0.7617785350071351,0.008311747784636935,,
federated.localization-ieee118-migrated,federated.localization,ieee118,cnn,Ar,,macro_f1,clients=3;pool=benign,0.7617785350071351,0.008311747784636935,,
federated.localization-ieee118-migrated,federated.localization,ieee118,cnn,Ar,,macro_fr,clients=1;pool=all,7.43752319779926e-05,1.2710183617235683e-05,,
federated.localization-ieee118-migrated,federated.localization,ieee118,cnn,Ar,,macro_fr,clients=1;pool=benign,4.7563262706644545e-06,6.726461119045113e-07,,
federated.localization-ieee118-migrated,federated.localization,ieee118,cnn,Ar,,macro_fr,clients=2;pool=all,7.519982988633758e-05,2.360051993264065e-05,,
federated.localization-ieee118-migrated,federated.localization,ieee118,cnn,Ar,,macro_fr,clients=2;pool=benign,1.1415183049594691e-05,6.990343447993649e-06,,
federated.localization-ieee118-migrated,federated.localization,ieee118,cnn,Ar,,macro_fr,clients=3;pool=all,7.228009982807969e-05,2.3608368832494685e-05,,
federated.localization-ieee118-migrated,federated.localization,ieee118,cnn,Ar,,macro_fr,clients=3;pool=benign,1.6171509320259146e-05,3.7451350506581135e-06,,
federated.localization-ieee118-migrated,federated.localization,ieee118,cnn,As,,macro_auprc,clients=1;pool=all,0.980259939972691,0.0008557929570842156,,
federated.localization-ieee118-migrated,federated.localization,ieee118,cnn,As,,macro_auprc,clients=1;pool=benign,0.980259939972691,0.0008557929570842156,,
federated.localization-ieee118-migrated,federated.localization,ieee118,cnn,As,,macro_auprc,clients=2;pool=all,0.9750028634208494,0.0008675658249633664,,
federated.localization-ieee118-migrated,federated.localization,ieee118,cnn,As,,macro_auprc,clients=2;pool=benign,0.9750028634208494,0.0008675658249633664,,
federated.localization-ieee118-migrated,federated.localization,ieee118,cnn,As,,macro_auprc,clients=3;pool=all,0.974544078252736,0.0015819249426841655,,
federated.localization-ieee118-migrated,federated.localization,ieee118,cnn,As,,macro_auprc,clients=3;pool=benign,0.974544078252736,0.0015819249426841655,,
federated.localization-ieee118-migrated,federated.localization,ieee118,cnn,As,,macro_dr,clients=1;pool=all,0.926315729378349,0.002697575709478759,,
federated.localization-ieee118-migrated,federated.localization,ieee118,cnn,As,,macro_dr,clients=1;pool=benign,0.926315729378349,0.002697575709478759,,
federated.localization-ieee118-migrated,federated.localization,ieee118,cnn,As,,macro_dr,clients=2;pool=all,0.9177679205103016,0.003966190545191844,,
federated.localization-ieee118-migrated,federated.localization,ieee118,cnn,As,,macro_dr,clients=2;pool=benign,0.9177679205103016,0.003966190545191844,,
federated.localization-ieee118-migrated,federated.localization,ieee118,cnn,As,,macro_dr,clients=3;pool=all,0.9191862750568264,0.004838313346766238,,
federated.localization-ieee118-migrated,federated.localization,ieee118,cnn,As,,macro_dr,clients=3;pool=benign,0.9191862750568264,0.004838313346766238,,
federated.localization-ieee118-migrated,federated.localization,ieee118,cnn,As,,macro_f1,clients=1;pool=all,0.9499778098891968,0.002226796358476613,,
federated.localization-ieee118-migrated,federated.localization,ieee118,cnn,As,,macro_f1,clients=1;pool=benign,0.9499778098891968,0.002226796358476613,,
federated.localization-ieee118-migrated,federated.localization,ieee118,cnn,As,,macro_f1,clients=2;pool=all,0.9424140717564509,0.0029157979668720385,,
federated.localization-ieee118-migrated,federated.localization,ieee118,cnn,As,,macro_f1,clients=2;pool=benign,0.9424140717564509,0.0029157979668720385,,
federated.localization-ieee118-migrated,federated.localization,ieee118,cnn,As,,macro_f1,clients=3;pool=all,0.9447089158208115,0.002399939950578821,,
federated.localization-ieee118-migrated,federated.localization,ieee118,cnn,As,,macro_f1,clients=3;pool=benign,0.9447089158208115,0.002399939950578821,,
federated.localization-ieee118-migrated,federated.localization,ieee118,cnn,As,,macro_fr,clients=1;pool=all,0.0001035095040117992,6.159211714498633e-06,,
federated.localization-ieee118-migrated,federated.localization,ieee118,cnn,As,,macro_fr,clients=1;pool=benign,4.7563262706644545e-06,6.726461119045113e-07,,
federated.localization-ieee118-migrated,federated.localization,ieee118,cnn,As,,macro_fr,clients=2;pool=all,0.00012563437877656636,4.312887564686713e-05,,
federated.localization-ieee118-migrated,federated.localization,ieee118,cnn,As,,macro_fr,clients=2;pool=benign,1.1415183049594691e-05,6.990343447993649e-06,,
federated.localization-ieee118-migrated,federated.localization,ieee118,cnn,As,,macro_fr,clients=3;pool=all,0.00011019367836552751,6.379684574699771e-06,,
federated.localization-ieee118-migrated,federated.localization,ieee118,cnn,As,,macro_fr,clients=3;pool=benign,1.6171509320259146e-05,3.7451350506581135e-06,,
federated.localization-ieee118-migrated,federated.localization,ieee118,cnn,all,,macro_auprc,clients=1;pool=all,0.9219697221119647,0.0017578194328648135,,
federated.localization-ieee118-migrated,federated.localization,ieee118,cnn,all,,macro_auprc,clients=1;pool=benign,0.9219697221119647,0.0017578194328648135,,
federated.localization-ieee118-migrated,federated.localization,ieee118,cnn,all,,macro_auprc,clients=2;pool=all,0.9186926166478547,0.0013371791333305941,,
federated.localization-ieee118-migrated,federated.localization,ieee118,cnn,all,,macro_auprc,clients=2;pool=benign,0.9186926166478547,0.0013371791333305941,,
federated.localization-ieee118-migrated,federated.localization,ieee118,cnn,all,,macro_auprc,clients=3;pool=all,0.9218831223153953,0.0004637282507745209,,
federated.localization-ieee118-migrated,federated.localization,ieee118,cnn,all,,macro_auprc,clients=3;pool=benign,0.9218831223153953,0.0004637282507745209,,
federated.localization-ieee118-migrated,federated.localization,ieee118,cnn,all,,macro_dr,clients=1;pool=all,0.8478971062354949,0.0028712963451343713,,
federated.localization-ieee118-migrated,federated.localization,ieee118,cnn,all,,macro_dr,clients=1;pool=benign,0.8478971062354949,0.0028712963451343713,,
federated.localization-ieee118-migrated,federated.localization,ieee118,cnn,all,,macro_dr,clients=2;pool=all,0.8471064333050458,0.005600944245608609,,
federated.localization-ieee118-migrated,federated.localization,ieee118,cnn,all,,macro_dr,clients=2;pool=benign,0.8471064333050458,0.005600944245608609,,
federated.localization-ieee118-migrated,federated.localization,ieee118,cnn,all,,macro_dr,clients=3;pool=all,0.8529924556432128,0.004877249277527274,,
federated.localization-ieee118-migrated,federated.localization,ieee118,cnn,all,,macro_dr,clients=3;pool=benign,0.8529924556432128,0.004877249277527274,,
federated.localization-ieee118-migrated,federated.localization,ieee118,cnn,all,,macro_f1,clients=1;pool=all,0.8993348060821642,0.0016144483028944345,,
federated.localization-ieee118-migrated,federated.localization,ieee118,cnn,all,,macro_f1,clients=1;pool=benign,0.8993348060821642,0.0016144483028944345,,
federated.localization-ieee118-migrated,federated.localization,ieee118,cnn,all,,macro_f1,clients=2;pool=all,0.8980859871639578,0.0007922875045743151,,
federated.localization-ieee118-migrated,federated.localization,ieee118,cnn,all,,macro_f1,clients=2;pool=benign,0.8980859871639578,0.0007922875045743151,,
federated.localization-ieee118-migrated,federated.localization,ieee118,cnn,all,,macro_f1,clients=3;pool=all,0.9041679566405492,0.0009645902227593379,,
federated.localization-ieee118-migrated,federated.localization,ieee118,cnn,all,,macro_f1,clients=3;pool=benign,0.9041679566405492,0.0009645902227593379,,
federated.localization-ieee118-migrated,federated.localization,ieee118,cnn,all,,macro_fr,clients=1;pool=all,0.00047068738714120756,2.2708215135452903e-05,,
federated.localization-ieee118-migrated,federated.localization,ieee118,cnn,all,,macro_fr,clients=1;pool=benign,4.7563262706644545e-06,6.726461119045113e-07,,
federated.localization-ieee118-migrated,federated.localization,ieee118,cnn,all,,macro_fr,clients=2;pool=all,0.0004582359383504815,8.17594483347807e-05,,
federated.localization-ieee118-migrated,federated.localization,ieee118,cnn,all,,macro_fr,clients=2;pool=benign,1.1415183049594691e-05,6.990343447993649e-06,,
federated.localization-ieee118-migrated,federated.localization,ieee118,cnn,all,,macro_fr,clients=3;pool=all,0.000355916609165305,6.368648652965292e-05,,
federated.localization-ieee118-migrated,federated.localization,ieee118,cnn,all,,macro_fr,clients=3;pool=benign,1.6171509320259146e-05,3.7451350506581135e-06,,
federated.localization-ieee118-migrated,federated.localization,ieee118,mlp,Ad,,macro_auprc,clients=1;pool=all,0.9945831415043175,0.000225602490346698,,
federated.localization-ieee118-migrated,federated.localization,ieee118,mlp,Ad,,macro_auprc,clients=1;pool=benign,0.9945831415043175,0.000225602490346698,,
federated.localization-ieee118-migrated,federated.localization,ieee118,mlp,Ad,,macro_auprc,clients=2;pool=all,0.9948766711346866,0.00043762946174198095,,
federated.localization-ieee118-migrated,federated.localization,ieee118,mlp,Ad,,macro_auprc,clients=2;pool=benign,0.9948766711346866,0.00043762946174198095,,
federated.localization-ieee118-migrated,federated.localization,ieee118,mlp,Ad,,macro_auprc,clients=3;pool=all,0.9950775729414015,0.00026038853346772324,,
federated.localization-ieee118-migrated,federated.localization,ieee118,mlp,Ad,,macro_auprc,clients=3;pool=benign,0.9950775729414015,0.00026038853346772324,,
federated.localization-ieee118-migrated,federated.localization,ieee118,mlp,Ad,,macro_dr,clients=1;pool=all,0.9856977535964427,0.0008990734178691865,,
federated.localization-ieee118-migrated,federated.localization,ieee118,mlp,Ad,,macro_dr,clients=1;pool=benign,0.9856977535964427,0.0008990734178691865,,
federated.localization-ieee118-migrated,federated.localization,ieee118,mlp,Ad,,macro_dr,clients=2;pool=all,0.9784805221895589,0.0023746920084996813,,
federated.localization-ieee118-migrated,federated.localization,ieee118,mlp,Ad,,macro_dr,clients=2;pool=benign,0.9784805221895589,0.0023746920084996813,,
federated.localization-ieee118-migrated,federated.localization,ieee118,mlp,Ad,,macro_dr,clients=3;pool=all,0.9821289742581253,0.0016339746846346043,,
federated.localization-ieee118-migrated,federated.localization,ieee118,mlp,Ad,,macro_dr,clients=3;pool=benign,0.9821289742581253,0.0016339746846346043,,
federated.localization-ieee118-migrated,federated.localization,ieee118,mlp,Ad,,macro_f1,clients=1;pool=all,0.9756680974136934,0.0016977993618869345,,
federated.localization-ieee118-migrated,federated.localization,ieee118,mlp,Ad,,macro_f1,clients=1;pool=benign,0.9756680974136934,0.0016977993618869345,,
federated.localization-ieee118-migrated,federated.localization,ieee118,mlp,Ad,,macro_f1,clients=2;pool=all,0.966730227949366,0.0023608350218966966,,
federated.localization-ieee118-migrated,federated.localization,ieee118,mlp,Ad,,macro_f1,clients=2;pool=benign,0.966730227949366,0.0023608350218966966,,
federated.localization-ieee118-migrated,federated.localization,ieee118,mlp,Ad,,macro_f1,clients=3;pool=all,0.9619679378858798,0.002948017668817473,,
federated.localization-ieee118-migrated,federated.localization,ieee118,mlp,Ad,,macro_f1,clients=3;pool=benign,0.9619679378858798,0.002948017668817473,,
federated.localization-ieee118-migrated,federated.localization,ieee118,mlp,Ad,,macro_fr,clients=1;pool=all,0.00017242574829340026,2.3684585718228034e-05,,
federated.localization-ieee118-migrated,federated.localization,ieee118,mlp,Ad,,macro_fr,clients=1;pool=benign,1.6171509320259146e-05,3.363230559522558e-06,,
federated.localization-ieee118-migrated,federated.localization,ieee118,mlp,Ad,,macro_fr,clients=2;pool=all,0.0002571141778306675,5.312780219531676e-05,,
federated.localization-ieee118-migrated,federated.localization,ieee118,mlp,Ad,,macro_fr,clients=2;pool=benign,6.040534363743857e-05,3.561214926937575e-05,,
federated.localization-ieee118-migrated,federated.localization,ieee118,mlp,Ad,,macro_fr,clients=3;pool=all,0.0003622824381562797,4.315972793890752e-05,,
federated.localization-ieee118-migrated,federated.localization,ieee118,mlp,Ad,,macro_fr,clients=3;pool=benign,6.896673092463458e-05,7.757333389600725e-06,,
federated.localization-ieee118-migrated,federated.localization,ieee118,mlp,Aq,,macro_auprc,clients=1;pool=all,0.8816726391688775,0.005962127972857505,,
federated.localization-ieee118-migrated,federated.localization,ieee118,mlp,Aq,,macro_auprc,clients=1;pool=benign,0.8816726391688775,0.005962127972857505,,
federated.localization-ieee118-migrated,federated.localization,ieee118,mlp,Aq,,macro_auprc,clients=2;pool=all,0.8699184331980504,0.005480446137590557,,
federated.localization-ieee118-migrated,federated.localization,ieee118,mlp,Aq,,macro_auprc,clients=2;pool=benign,0.8699184331980504,0.005480446137590557,,
federated.localization-ieee118-migrated,federated.localization,ieee118,mlp,Aq,,macro_auprc,clients=3;pool=all,0.8403595897945558,0.003499022276191952,,
federated.localization-ieee118-migrated,federated.localization,ieee118,mlp,Aq,,macro_auprc,clients=3;pool=benign,0.8403595897945558,0.003499022276191952,,
federated.localization-ieee118-migrated,federated.localization,ieee118,mlp,Aq,,macro_dr,clients=1;pool=all,0.3596894336823066,0.002065502278847524,,
federated.localization-ieee118-migrated,federated.localization,ieee118,mlp,Aq,,macro_dr,clients=1;pool=benign,0.3596894336823066,0.002065502278847524,,
federated.localization-ieee118-migrated,federated.localization,ieee118,mlp,Aq,,macro_dr,clients=2;pool=all,0.3223831920374944,0.015079620008628032,,
federated.localization-ieee118-migrated,federated.localization,ieee118,mlp,Aq,,macro_dr,clients=2;pool=benign,0.3223831920374944,0.015079620008628032,,
federated.localization-ieee118-migrated,federated.localization,ieee118,mlp,Aq,,macro_dr,clients=3;pool=all,0.3106661236643979,0.012670418071117023,,
federated.localization-ieee118-migrated,federated.localization,ieee118,mlp,Aq,,macro_dr,clients=3;pool=benign,0.3106661236643979,0.012670418071117023,,
federated.localization-ieee118-migrated,federated.localization,ieee118,mlp,Aq,,macro_f1,clients=1;pool=all,0.3758420705117611,0.0010406559209969093,,
federated.localization-ieee118-migrated,federated.localization,ieee118,mlp,Aq,,macro_f1,clients=1;pool=benign,0.3758420705117611,0.0010406559209969093,,
federated.localization-ieee118-migrated,federated.localization,ieee118,mlp,Aq,,macro_f1,clients=2;pool=all,0.341748846435157,0.012448016599403965,,
federated.localization-ieee118-migrated,federated.localization,ieee118,mlp,Aq,,macro_f1,clients=2;pool=benign,0.341748846435157,0.012448016599403965,,
federated.localization-ieee118-migrated,federated.localization,ieee118,mlp,Aq,,macro_f1,clients=3;pool=all,0.3305719204076855,0.007772756349559285,,
federated.localization-ieee118-migrated,federated.localization,ieee118,mlp,Aq,,macro_f1,clients=3;pool=benign,0.3305719204076855,0.007772756349559285,,
federated.localization-ieee118-migrated,federated.localization,ieee118,mlp,Aq,,macro_fr,clients=1;pool=all,0.0003512688174474199,2.9851000584839813e-05,,
federated.localization-ieee118-migrated,federated.localization,ieee118,mlp,Aq,,macro_fr,clients=1;pool=benign,1.6171509320259146e-05,3.363230559522558e-06,,
federated.localization-ieee118-migrated,federated.localization,ieee118,mlp,Aq,,macro_fr,clients=2;pool=all,0.00034040873393000986,9.760673513695499e-05,,
federated.localization-ieee118-migrated,federated.localization,ieee118,mlp,Aq,,macro_fr,clients=2;pool=benign,6.040534363743857e-05,3.561214926937575e-05,,
federated.localization-ieee118-migrated,federated.localization,ieee118,mlp,Aq,,macro_fr,clients=3;pool=all,0.00042592390642431124,6.37167788670544e-05,,
federated.localization-ieee118-migrated,federated.localization,ieee118,mlp,Aq,,macro_fr,clients=3;pool=benign,6.896673092463458e-05,7.757333389600725e-06,,
federated.localization-ieee118-migrated,federated.localization,ieee118,mlp,Ar,,macro_auprc,clients=1;pool=all,0.7962871736362586,0.005257351991842159,,
federated.localization-ieee118-migrated,federated.localization,ieee118,mlp,Ar,,macro_auprc,clients=1;pool=benign,0.7962871736362586,0.005257351991842159,,
federated.localization-ieee118-migrated,federated.localization,ieee118,mlp,Ar,,macro_auprc,clients=2;pool=all,0.7934310477715704,0.001958433971791045,,
federated.localization-ieee118-migrated,federated.localization,ieee118,mlp,Ar,,macro_auprc,clients=2;pool=benign,0.7934310477715704,0.001958433971791045,,
federated.localization-ieee118-migrated,federated.localization,ieee118,mlp,Ar,,macro_auprc,clients=3;pool=all,0.7904222064598683,0.00302644863087312,,
federated.localization-ieee118-migrated,federated.localization,ieee118,mlp,Ar,,macro_auprc,clients=3;pool=benign,0.7904222064598683,0.00302644863087312,,
federated.localization-ieee118-migrated,federated.localization,ieee118,mlp,Ar,,macro_dr,clients=1;pool=all,0.652141334618315,0.003987981559549806,,
federated.localization-ieee118-migrated,federated.localization,ieee118,mlp,Ar,,macro_dr,clients=1;pool=benign,0.652141334618315,0.003987981559549806,,
federated.localization-ieee118-migrated,federated.localization,ieee118,mlp,Ar,,macro_dr,clients=2;pool=all,0.6207588574805712,0.011650514797771596,,
federated.localization-ieee118-migrated,federated.localization,ieee118,mlp,Ar,,macro_dr,clients=2;pool=benign,0.6207588574805712,0.011650514797771596,,
federated.localization-ieee118-migrated,federated.localization,ieee118,mlp,Ar,,macro_dr,clients=3;pool=all,0.6419832348046021,0.008154563169187263,,
federated.localization-ieee118-migrated,federated.localization,ieee118,mlp,Ar,,macro_dr,clients=3;pool=benign,0.6419832348046021,0.008154563169187263,,
federated.localization-ieee118-migrated,federated.localization,ieee118,mlp,Ar,,macro_f1,clients=1;pool=all,0.7561567073167087,0.0024726925562276844,,
federated.localization-ieee118-migrated,federated.localization,ieee118,mlp,Ar,,macro_f1,clients=1;pool=benign,0.7561567073167087,0.0024726925562276844,,
federated.localization-ieee118-migrated,federated.localization,ieee118,mlp,Ar,,macro_f1,clients=2;pool=all,0.7253670706073608,0.008474767331056168,,
federated.localization-ieee118-migrated,federated.localization,ieee118,mlp,Ar,,macro_f1,clients=2;pool=benign,0.7253670706073608,0.008474767331056168,,
federated.localization-ieee118-migrated,federated.localization,ieee118,mlp,Ar,,macro_f1,clients=3;pool=all,0.7398915932366551,0.005921900003043304,,
federated.localization-ieee118-migrated,federated.localization,ieee118,mlp,Ar,,macro_f1,clients=3;pool=benign,0.7398915932366551,0.005921900003043304,,
federated.localization-ieee118-migrated,federated.localization,ieee118,mlp,Ar,,macro_fr,clients=1;pool=all,9.527118209161338e-05,1.7928754640762435e-05,,
federated.localization-ieee118-migrated,federated.localization,ieee118,mlp,Ar,,macro_fr,clients=1;pool=benign,1.6171509320259146e-05,3.363230559522558e-06,,
federated.localization-ieee118-migrated,federated.localization,ieee118,mlp,Ar,,macro_fr,clients=2;pool=all,0.00016709162702618926,5.0859891324592213e-05,,
federated.localization-ieee118-migrated,federated.localization,ieee118,mlp,Ar,,macro_fr,clients=2;pool=benign,6.040534363743857e-05,3.561214926937575e-05,,
federated.localization-ieee118-migrated,federated.localization,ieee118,mlp,Ar,,macro_fr,clients=3;pool=all,0.00021429554318657922,3.599240771749221e-05,,
federated.localization-ieee118-migrated,federated.localization,ieee118,mlp,Ar,,macro_fr,clients=3;pool=benign,6.896673092463458e-05,7.757333389600725e-06,,
federated.localization-ieee118-migrated,federated.localization,ieee118,mlp,As,,macro_auprc,clients=1;pool=all,0.9557512960740718,0.0017023291984143577,,
federated.localization-ieee118-migrated,federated.localization,ieee118,mlp,As,,macro_auprc,clients=1;pool=benign,0.9557512960740718,0.0017023291984143577,,
federated.localization-ieee118-migrated,federated.localization,ieee118,mlp,As,,macro_auprc,clients=2;pool=all,0.9552254124114216,0.003267990433547174,,
federated.localization-ieee118-migrated,federated.localization,ieee118,mlp,As,,macro_auprc,clients=2;pool=benign,0.9552254124114216,0.003267990433547174,,
federated.localization-ieee118-migrated,federated.localization,ieee118,mlp,As,,macro_auprc,clients=3;pool=all,0.9541030394557963,0.000842768438646397,,
federated.localization-ieee118-migrated,federated.localization,ieee118,mlp,As,,macro_auprc,clients=3;pool=benign,0.9541030394557963,0.000842768438646397,,
federated.localization-ieee118-migrated,federated.localization,ieee118,mlp,As,,macro_dr,clients=1;pool=all,0.8830165761054367,0.003764345916072375,,
federated.localization-ieee118-migrated,federated.localization,ieee118,mlp,As,,macro_dr,clients=1;pool=benign,0.8830165761054367,0.003764345916072375,,
federated.localization-ieee118-migrated,federated.localization,ieee118,mlp,As,,macro_dr,clients=2;pool=all,0.8657375949805234,0.007246180573953636,,
federated.localization-ieee118-migrated,federated.localization,ieee118,mlp,As,,macro_dr,clients=2;pool=benign,0.8657375949805234,0.007246180573953636,,
federated.localization-ieee118-migrated,federated.localization,ieee118,mlp,As,,macro_dr,clients=3;pool=all,0.8660396935672359,0.00638901169051226,,
federated.localization-ieee118-migrated,federated.localization,ieee118,mlp,As,,macro_dr,clients=3;pool=benign,0.8660396935672359,0.00638901169051226,,
federated.localization-ieee118-migrated,federated.localization,ieee118,mlp,As,,macro_f1,clients=1;pool=all,0.9172001486649733,0.0019811526700113024,,
federated.localization-ieee118-migrated,federated.localization,ieee118,mlp,As,,macro_f1,clients=1;pool=benign,0.9172001486649733,0.0019811526700113024,,
federated.localization-ieee118-migrated,federated.localization,ieee118,mlp,As,,macro_f1,clients=2;pool=all,0.9030674793821025,0.004461762094267556,,
federated.localization-ieee118-migrated,federated.localization,ieee118,mlp,As,,macro_f1,clients=2;pool=benign,0.9030674793821025,0.004461762094267556,,
federated.localization-ieee118-migrated,federated.localization,ieee118,mlp,As,,macro_f1,clients=3;pool=all,0.8973215905371336,0.0019812791996550077,,
federated.localization-ieee118-migrated,federated.localization,ieee118,mlp,As,,macro_f1,clients=3;pool=benign,0.8973215905371336,0.0019812791996550077,,
federated.localization-ieee118-migrated,federated.localization,ieee118,mlp,As,,macro_fr,clients=1;pool=all,0.00014526380875334722,1.0676513749049002e-05,,
federated.localization-ieee118-migrated,federated.localization,ieee118,mlp,As,,macro_fr,clients=1;pool=benign,1.6171509320259146e-05,3.363230559522558e-06,,
federated.localization-ieee118-migrated,federated.localization,ieee118,mlp,As,,macro_fr,clients=2;pool=all,0.00019824719401082477,4.6787359280509285e-05,,
federated.localization-ieee118-migrated,federated.localization,ieee118,mlp,As,,macro_fr,clients=2;pool=benign,6.040534363743857e-05,3.561214926937575e-05,,
federated.localization-ieee118-migrated,federated.localization,ieee118,mlp,As,,macro_fr,clients=3;pool=all,0.00027463016736587034,4.62872510856395e-05,,
federated.localization-ieee118-migrated,federated.localization,ieee118,mlp,As,,macro_fr,clients=3;pool=benign,6.896673092463458e-05,7.757333389600725e-06,,
federated.localization-ieee118-migrated,federated.localization,ieee118,mlp,all,,macro_auprc,clients=1;pool=all,0.9180721981382699,0.002694142113174831,,
federated.localization-ieee118-migrated,federated.localization,ieee118,mlp,all,,macro_auprc,clients=1;pool=benign,0.9180721981382699,0.002694142113174831,,
federated.localization-ieee118-migrated,federated.localization,ieee118,mlp,all,,macro_auprc,clients=2;pool=all,0.9124453782376928,0.00015061092570012156,,
federated.localization-ieee118-migrated,federated.localization,ieee118,mlp,all,,macro_auprc,clients=2;pool=benign,0.9124453782376928,0.00015061092570012156,,
federated.localization-ieee118-migrated,federated.localization,ieee118,mlp,all,,macro_auprc,clients=3;pool=all,0.9085494524738374,0.00020828517842818426,,
federated.localization-ieee118-migrated,federated.localization,ieee118,mlp,all,,macro_auprc,clients=3;pool=benign,0.9085494524738374,0.00020828517842818426,,
federated.localization-ieee118-migrated,federated.localization,ieee118,mlp,all,,macro_dr,clients=1;pool=all,0.8290265349390498,0.002431283468240965,,
federated.localization-ieee118-migrated,federated.localization,ieee118,mlp,all,,macro_dr,clients=1;pool=benign,0.8290265349390498,0.002431283468240965,,
federated.localization-ieee118-migrated,federated.localization,ieee118,mlp,all,,macro_dr,clients=2;pool=all,0.8021848682240722,0.009902349943980029,,
federated.localization-ieee118-migrated,federated.localization,ieee118,mlp,all,,macro_dr,clients=2;pool=benign,0.8021848682240722,0.009902349943980029,,
federated.localization-ieee118-migrated,federated.localization,ieee118,mlp,all,,macro_dr,clients=3;pool=all,0.8053376588531296,0.008471568513768468,,
federated.localization-ieee118-migrated,federated.localization,ieee118,mlp,all,,macro_dr,clients=3;pool=benign,0.8053376588531296,0.008471568513768468,,
federated.localization-ieee118-migrated,federated.localization,ieee118,mlp,all,,macro_f1,clients=1;pool=all,0.8845331007057556,0.0007296484395644945,,
federated.localization-ieee118-migrated,federated.localization,ieee118,mlp,all,,macro_f1,clients=1;pool=benign,0.8845331007057556,0.0007296484395644945,,
federated.localization-ieee118-migrated,federated.localization,ieee118,mlp,all,,macro_f1,clients=2;pool=all,0.8645312717459402,0.004470213597759881,,
federated.localization-ieee118-migrated,federated.localization,ieee118,mlp,all,,macro_f1,clients=2;pool=benign,0.8645312717459402,0.004470213597759881,,
federated.localization-ieee118-migrated,federated.localization,ieee118,mlp,all,,macro_f1,clients=3;pool=all,0.8610303326968335,0.0029501187494154237,,
federated.localization-ieee118-migrated,federated.localization,ieee118,mlp,all,,macro_f1,clients=3;pool=benign,0.8610303326968335,0.0029501187494154237,,
federated.localization-ieee118-migrated,federated.localization,ieee118,mlp,all,,macro_fr,clients=1;pool=all,0.0005281144723216943,4.5615548049316584e-05,,
federated.localization-ieee118-migrated,federated.localization,ieee118,mlp,all,,macro_fr,clients=1;pool=benign,1.6171509320259146e-05,3.363230559522558e-06,,
federated.localization-ieee118-migrated,federated.localization,ieee118,mlp,all,,macro_fr,clients=2;pool=all,0.0005883046144370495,0.0001144712625865484,,
federated.localization-ieee118-migrated,federated.localization,ieee118,mlp,all,,macro_fr,clients=2;pool=benign,6.040534363743857e-05,3.561214926937575e-05,,
federated.localization-ieee118-migrated,federated.localization,ieee118,mlp,all,,macro_fr,clients=3;pool=all,0.0008019059992822034,0.00011099999761324012,,
federated.localization-ieee118-migrated,federated.localization,ieee118,mlp,all,,macro_fr,clients=3;pool=benign,6.896673092463458e-05,7.757333389600725e-06,,
federated.localization-ieee14-migrated,federated.localization,ieee14,cnn,Ad,,macro_auprc,clients=1;pool=all,0.9970590608468243,0.0002635951038306394,,
federated.localization-ieee14-migrated,federated.localization,ieee14,cnn,Ad,,macro_auprc,clients=1;pool=benign,0.9970590608468243,0.0002635951038306394,,
federated.localization-ieee14-migrated,federated.localization,ieee14,cnn,Ad,,macro_auprc,clients=2;pool=all,0.9936606692807007,0.0004835719137546737,,
federated.localization-ieee14-migrated,federated.localization,ieee14,cnn,Ad,,macro_auprc,clients=2;pool=benign,0.9936606692807007,0.0004835719137546737,,
federated.localization-ieee14-migrated,federated.localization,ieee14,cnn,Ad,,macro_auprc,clients=3;pool=all,0.9924806932689113,0.00022064754171876902,,
federated.localization-ieee14-migrated,federated.localization,ieee14,cnn,Ad,,macro_auprc,clients=3;pool=benign,0.9924806932689113,0.00022064754171876902,,
federated.localization-ieee14-migrated,federated.localization,ieee14,cnn,Ad,,macro_dr,clients=1;pool=all,0.9858656991022,0.002008770366904175,,
federated.localization-ieee14-migrated,federated.localization,ieee14,cnn,Ad,,macro_dr,clients=1;pool=benign,0.9858656991022,0.002008770366904175,,
federated.localization-ieee14-migrated,federated.localization,ieee14,cnn,Ad,,macro_dr,clients=2;pool=all,0.9766870825419577,0.005255916885839866,,
federated.localization-ieee14-migrated,federated.localization,ieee14,cnn,Ad,,macro_dr,clients=2;pool=benign,0.9766870825419577,0.005255916885839866,,
federated.localization-ieee14-migrated,federated.localization,ieee14,cnn,Ad,,macro_dr,clients=3;pool=all,0.9694912962311495,0.0022919299510190737,,
federated.localization-ieee14-migrated,federated.localization,ieee14,cnn,Ad,,macro_dr,clients=3;pool=benign,0.9694912962311495,0.0022919299510190737,,
federated.localization-ieee14-migrated,federated.localization,ieee14,cnn,Ad,,macro_f1,clients=1;pool=all,0.9799628309539324,0.0013261397844066905,,
federated.localization-ieee14-migrated,federated.localization,ieee14,cnn,Ad,,macro_f1,clients=1;pool=benign,0.9799628309539324,0.0013261397844066905,,
federated.localization-ieee14-migrated,federated.localization,ieee14,cnn,Ad,,macro_f1,clients=2;pool=all,0.9654956132975004,0.0026917665647132804,,
federated.localization-ieee14-migrated,federated.localization,ieee14,cnn,Ad,,macro_f1,clients=2;pool=benign,0.9654956132975004,0.0026917665647132804,,
federated.localization-ieee14-migrated,federated.localization,ieee14,cnn,Ad,,macro_f1,clients=3;pool=all,0.962275218272184,0.0030754464854922843,,
federated.localization-ieee14-migrated,federated.localization,ieee14,cnn,Ad,,macro_f1,clients=3;pool=benign,0.962275218272184,0.0030754464854922843,,
federated.localization-ieee14-migrated,federated.localization,ieee14,cnn,Ad,,macro_fr,clients=1;pool=all,0.0012651705416936712,0.00011656933328315143,,
federated.localization-ieee14-migrated,federated.localization,ieee14,cnn,Ad,,macro_fr,clients=1;pool=benign,4.129040782535809e-06,5.83934547425376e-06,,
federated.localization-ieee14-migrated,federated.localization,ieee14,cnn,Ad,,macro_fr,clients=2;pool=all,0.002282656455105682,0.00038416054723089963,,
federated.localization-ieee14-migrated,federated.localization,ieee14,cnn,Ad,,macro_fr,clients=2;pool=benign,4.129040782535809e-06,5.83934547425376e-06,,
federated.localization-ieee14-migrated,federated.localization,ieee14,cnn,Ad,,macro_fr,clients=3;pool=all,0.0022334696357889238,0.0003347542170159628,,
federated.localization-ieee14-migrated,federated.localization,ieee14,cnn,Ad,,macro_fr,clients=3;pool=benign,0.0001362583458236817,0.00013607053271467157,,
federated.localization-ieee14-migrated,federated.localization,ieee14,cnn,Aq,,macro_auprc,clients=1;pool=all,0.9607495591071505,0.005597726666533363,,
federated.localization-ieee14-migrated,federated.localization,ieee14,cnn,Aq,,macro_auprc,clients=1;pool=benign,0.9607495591071505,0.005597726666533363,,
federated.localization-ieee14-migrated,federated.localization,ieee14,cnn,Aq,,macro_auprc,clients=2;pool=all,0.9235324263334537,0.006379345501592133,,
federated.localization-ieee14-migrated,federated.localization,ieee14,cnn,Aq,,macro_auprc,clients=2;pool=benign,0.9235324263334537,0.006379345501592133,,
federated.localization-ieee14-migrated,federated.localization,ieee14,cnn,Aq,,macro_auprc,clients=3;pool=all,0.9370389687931883,0.013773912695606424,,
federated.localization-ieee14-migrated,federated.localization,ieee14,cnn,Aq,,macro_auprc,clients=3;pool=benign,0.9370389687931883,0.013773912695606424,,
federated.localization-ieee14-migrated,federated.localization,ieee14,cnn,Aq,,macro_dr,clients=1;pool=all,0.6937877456480076,0.008837545685300598,,
federated.localization-ieee14-migrated,federated.localization,ieee14,cnn,Aq,,macro_dr,clients=1;pool=benign,0.6937877456480076,0.008837545685300598,,
federated.localization-ieee14-migrated,federated.localization,ieee14,cnn,Aq,,macro_dr,clients=2;pool=all,0.667427743516169,0.018056035612042328,,
federated.localization-ieee14-migrated,federated.localization,ieee14,cnn,Aq,,macro_dr,clients=2;pool=benign,0.667427743516169,0.018056035612042328,,
federated.localization-ieee14-migrated,federated.localization,ieee14,cnn,Aq,,macro_dr,clients=3;pool=all,0.6552713456622471,0.0030276362799958128,,
federated.localization-ieee14-migrated,federated.localization,ieee14,cnn,Aq,,macro_dr,clients=3;pool=benign,0.6552713456622471,0.0030276362799958128,,
federated.localization-ieee14-migrated,federated.localization,ieee14,cnn,Aq,,macro_f1,clients=1;pool=all,0.6714427032169246,0.0064481066749258065,,
federated.localization-ieee14-migrated,federated.localization,ieee14,cnn,Aq,,macro_f1,clients=1;pool=benign,0.6714427032169246,0.0064481066749258065,,
federated.localization-ieee14-migrated,federated.localization,ieee14,cnn,Aq,,macro_f1,clients=2;pool=all,0.6564774829634198,0.009053612292766784,,
federated.localization-ieee14-migrated,federated.localization,ieee14,cnn,Aq,,macro_f1,clients=2;pool=benign,0.6564774829634198,0.009053612292766784,,
federated.localization-ieee14-migrated,federated.localization,ieee14,cnn,Aq,,macro_f1,clients=3;pool=all,0.6474589375773215,0.0020518964949434912,,
federated.localization-ieee14-migrated,federated.localization,ieee14,cnn,Aq,,macro_f1,clients=3;pool=benign,0.6474589375773215,0.0020518964949434912,,
federated.localization-ieee14-migrated,federated.localization,ieee14,cnn,Aq,,macro_fr,clients=1;pool=all,0.0027002454265803552,0.0005614603494125783,,
federated.localization-ieee14-migrated,federated.localization,ieee14,cnn,Aq,,macro_fr,clients=1;pool=benign,4.129040782535809e-06,5.83934547425376e-06,,
federated.localization-ieee14-migrated,federated.localization,ieee14,cnn,Aq,,macro_fr,clients=2;pool=all,0.0026176912717861336,0.000326298488426051,,
federated.localization-ieee14-migrated,federated.localization,ieee14,cnn,Aq,,macro_fr,clients=2;pool=benign,4.129040782535809e-06,5.83934547425376e-06,,
federated.localization-ieee14-migrated,federated.localization,ieee14,cnn,Aq,,macro_fr,clients=3;pool=all,0.0024426946887254573,0.00017259888179660366,,
federated.localization-ieee14-migrated,federated.localization,ieee14,cnn,Aq,,macro_fr,clients=3;pool=benign,0.0001362583458236817,0.00013607053271467157,,
federated.localization-ieee14-migrated,federated.localization,ieee14,cnn,Ar,,macro_auprc,clients=1;pool=all,0.708832896929791,0.009693750652533533,,
federated.localization-ieee14-migrated,federated.localization,ieee14,cnn,Ar,,macro_auprc,clients=1;pool=benign,0.708832896929791,0.009693750652533533,,
federated.localization-ieee14-migrated,federated.localization,ieee14,cnn,Ar,,macro_auprc,clients=2;pool=all,0.7385894081603559,0.006643876059996701,,
federated.localization-ieee14-migrated,federated.localization,ieee14,cnn,Ar,,macro_auprc,clients=2;pool=benign,0.7385894081603559,0.006643876059996701,,
federated.localization-ieee14-migrated,federated.localization,ieee14,cnn,Ar,,macro_auprc,clients=3;pool=all,0.7256075288430958,0.01070117736240417,,
federated.localization-ieee14-migrated,federated.localization,ieee14,cnn,Ar,,macro_auprc,clients=3;pool=benign,0.7256075288430958,0.01070117736240417,,
federated.localization-ieee14-migrated,federated.localization,ieee14,cnn,Ar,,macro_dr,clients=1;pool=all,0.47961294223400813,0.020708010271910528,,
federated.localization-ieee14-migrated,federated.localization,ieee14,cnn,Ar,,macro_dr,clients=1;pool=benign,0.47961294223400813,0.020708010271910528,,
federated.localization-ieee14-migrated,federated.localization,ieee14,cnn,Ar,,macro_dr,clients=2;pool=all,0.44485612039020755,0.020252175684891634,,
federated.localization-ieee14-migrated,federated.localization,ieee14,cnn,Ar,,macro_dr,clients=2;pool=benign,0.44485612039020755,0.020252175684891634,,
federated.localization-ieee14-migrated,federated.localization,ieee14,cnn,Ar,,macro_dr,clients=3;pool=all,0.41526521412035483,0.009599820919248353,,
federated.localization-ieee14-migrated,federated.localization,ieee14,cnn,Ar,,macro_dr,clients=3;pool=benign,0.41526521412035483,0.009599820919248353,,
federated.localization-ieee14-migrated,federated.localization,ieee14,cnn,Ar,,macro_f1,clients=1;pool=all,0.6270868293239732,0.017626419851800138,,
federated.localization-ieee14-migrated,federated.localization,ieee14,cnn,Ar,,macro_f1,clients=1;pool=benign,0.6270868293239732,0.017626419851800138,,
federated.localization-ieee14-migrated,federated.localization,ieee14,cnn,Ar,,macro_f1,clients=2;pool=all,0.5848552697033546,0.020898388223627738,,
federated.localization-ieee14-migrated,federated.localization,ieee14,cnn,Ar,,macro_f1,clients=2;pool=benign,0.5848552697033546,0.020898388223627738,,
federated.localization-ieee14-migrated,federated.localization,ieee14,cnn,Ar,,macro_f1,clients=3;pool=all,0.5540866488395544,0.010461751095093692,,
federated.localization-ieee14-migrated,federated.localization,ieee14,cnn,Ar,,macro_f1,clients=3;pool=benign,0.5540866488395544,0.010461751095093692,,
federated.localization-ieee14-migrated,federated.localization,ieee14,cnn,Ar,,macro_fr,clients=1;pool=all,0.0010461672271346548,0.00037293158693681535,,
federated.localization-ieee14-migrated,federated.localization,ieee14,cnn,Ar,,macro_fr,clients=1;pool=benign,4.129040782535809e-06,5.83934547425376e-06,,
federated.localization-ieee14-migrated,federated.localization,ieee14,cnn,Ar,,macro_fr,clients=2;pool=all,0.0004774189738609223,4.259177838688005e-05,,
federated.localization-ieee14-migrated,federated.localization,ieee14,cnn,Ar,,macro_fr,clients=2;pool=benign,4.129040782535809e-06,5.83934547425376e-06,,
federated.localization-ieee14-migrated,federated.localization,ieee14,cnn,Ar,,macro_fr,clients=3;pool=all,0.0005729549730915828,0.0001814378418734153,,
federated.localization-ieee14-migrated,federated.localization,ieee14,cnn,Ar,,macro_fr,clients=3;pool=benign,0.0001362583458236817,0.00013607053271467157,,
federated.localization-ieee14-migrated,federated.localization,ieee14,cnn,As,,macro_auprc,clients=1;pool=all,0.9665884524090532,0.004831867533057711,,
federated.localization-ieee14-migrated,federated.localization,ieee14,cnn,As,,macro_auprc,clients=1;pool=benign,0.9665884524090532,0.004831867533057711,,
federated.localization-ieee14-migrated,federated.localization,ieee14,cnn,As,,macro_auprc,clients=2;pool=all,0.958159255169632,0.0027295183109626846,,
federated.localization-ieee14-migrated,federated.localization,ieee14,cnn,As,,macro_auprc,clients=2;pool=benign,0.958159255169632,0.0027295183109626846,,
federated.localization-ieee14-migrated,federated.localization,ieee14,cnn,As,,macro_auprc,clients=3;pool=all,0.9526560115422482,0.0019653445366311522,,
federated.localization-ieee14-migrated,federated.localization,ieee14,cnn,As,,macro_auprc,clients=3;pool=benign,0.9526560115422482,0.0019653445366311522,,
federated.localization-ieee14-migrated,federated.localization,ieee14,cnn,As,,macro_dr,clients=1;pool=all,0.9196492276718939,0.0070985079256325806,,
federated.localization-ieee14-migrated,federated.localization,ieee14,cnn,As,,macro_dr,clients=1;pool=benign,0.9196492276718939,0.0070985079256325806,,
federated.localization-ieee14-migrated,federated.localization,ieee14,cnn,As,,macro_dr,clients=2;pool=all,0.8686221543923432,0.014890301736690799,,
federated.localization-ieee14-migrated,federated.localization,ieee14,cnn,As,,macro_dr,clients=2;pool=benign,0.8686221543923432,0.014890301736690799,,
federated.localization-ieee14-migrated,federated.localization,ieee14,cnn,As,,macro_dr,clients=3;pool=all,0.8580379345916613,0.016013427803323235,,
federated.localization-ieee14-migrated,federated.localization,ieee14,cnn,As,,macro_dr,clients=3;pool=benign,0.8580379345916613,0.016013427803323235,,
federated.localization-ieee14-migrated,federated.localization,ieee14,cnn,As,,macro_f1,clients=1;pool=all,0.917495940304534,0.009853474098624441,,
federated.localization-ieee14-migrated,federated.localization,ieee14,cnn,As,,macro_f1,clients=1;pool=benign,0.917495940304534,0.009853474098624441,,
federated.localization-ieee14-migrated,federated.localization,ieee14,cnn,As,,macro_f1,clients=2;pool=all,0.8995593772641904,0.007257857679153951,,
federated.localization-ieee14-migrated,federated.localization,ieee14,cnn,As,,macro_f1,clients=2;pool=benign,0.8995593772641904,0.007257857679153951,,
federated.localization-ieee14-migrated,federated.localization,ieee14,cnn,As,,macro_f1,clients=3;pool=all,0.8947125433181866,0.005487672620123899,,
federated.localization-ieee14-migrated,federated.localization,ieee14,cnn,As,,macro_f1,clients=3;pool=benign,0.8947125433181866,0.005487672620123899,,
federated.localization-ieee14-migrated,federated.localization,ieee14,cnn,As,,macro_fr,clients=1;pool=all,0.004173478761339155,0.0009887721120738393,,
federated.localization-ieee14-migrated,federated.localization,ieee14,cnn,As,,macro_fr,clients=1;pool=benign,4.129040782535809e-06,5.83934547425376e-06,,
federated.localization-ieee14-migrated,federated.localization,ieee14,cnn,As,,macro_fr,clients=2;pool=all,0.0028174135034265894,0.00035861343447208497,,
federated.localization-ieee14-migrated,federated.localization,ieee14,cnn,As,,macro_fr,clients=2;pool=benign,4.129040782535809e-06,5.83934547425376e-06,,
federated.localization-ieee14-migrated,federated.localization,ieee14,cnn,As,,macro_fr,clients=3;pool=all,0.0027499833605623383,0.0005403788709909363,,
federated.localization-ieee14-migrated,federated.localization,ieee14,cnn,As,,macro_fr,clients=3;pool=benign,0.0001362583458236817,0.00013607053271467157,,
federated.localization-ieee14-migrated,federated.localization,ieee14,cnn,all,,macro_auprc,clients=1;pool=all,0.9141891513420388,0.0017519996134672652,,
federated.localization-ieee14-migrated,federated.localization,ieee14,cnn,all,,macro_auprc,clients=1;pool=benign,0.9141891513420388,0.0017519996134672652,,
federated.localization-ieee14-migrated,federated.localization,ieee14,cnn,all,,macro_auprc,clients=2;pool=all,0.9175727751624415,0.0022706887463056686,,
federated.localization-ieee14-migrated,federated.localization,ieee14,cnn,all,,macro_auprc,clients=2;pool=benign,0.9175727751624415,0.0022706887463056686,,
federated.localization-ieee14-migrated,federated.localization,ieee14,cnn,all,,macro_auprc,clients=3;pool=all,0.9146977063839201,0.0031080621070666372,,
federated.localization-ieee14-migrated,federated.localization,ieee14,cnn,all,,macro_auprc,clients=3;pool=benign,0.9146977063839201,0.0031080621070666372,,
federated.localization-ieee14-migrated,federated.localization,ieee14,cnn,all,,macro_dr,clients=1;pool=all,0.8250367052458506,0.008857649967620524,,
federated.localization-ieee14-migrated,federated.localization,ieee14,cnn,all,,macro_dr,clients=1;pool=benign,0.8250367052458506,0.008857649967620524,,
federated.localization-ieee14-migrated,federated.localization,ieee14,cnn,all,,macro_dr,clients=2;pool=all,0.7924071271091098,0.015024269714968841,,
federated.localization-ieee14-migrated,federated.localization,ieee14,cnn,all,,macro_dr,clients=2;pool=benign,0.7924071271091098,0.015024269714968841,,
federated.localization-ieee14-migrated,federated.localization,ieee14,cnn,all,,macro_dr,clients=3;pool=all,0.775432639765215,0.006364235024381865,,
federated.localization-ieee14-migrated,federated.localization,ieee14,cnn,all,,macro_dr,clients=3;pool=benign,0.775432639765215,0.006364235024381865,,
federated.localization-ieee14-migrated,federated.localization,ieee14,cnn,all,,macro_f1,clients=1;pool=all,0.8776947872865267,0.0024568259250830225,,
federated.localization-ieee14-migrated,federated.localization,ieee14,cnn,all,,macro_f1,clients=1;pool=benign,0.8776947872865267,0.0024568259250830225,,
federated.localization-ieee14-migrated,federated.localization,ieee14,cnn,all,,macro_f1,clients=2;pool=all,0.8597760581003125,0.006845372350190867,,
federated.localization-ieee14-migrated,federated.localization,ieee14,cnn,all,,macro_f1,clients=2;pool=benign,0.8597760581003125,0.006845372350190867,,
federated.localization-ieee14-migrated,federated.localization,ieee14,cnn,all,,macro_f1,clients=3;pool=all,0.8503139482186475,0.002178704084923444,,
federated.localization-ieee14-migrated,federated.localization,ieee14,cnn,all,,macro_f1,clients=3;pool=benign,0.8503139482186475,0.002178704084923444,,
federated.localization-ieee14-migrated,federated.localization,ieee14,cnn,all,,macro_fr,clients=1;pool=all,0.0073505804142935185,0.001393474183570282,,
federated.localization-ieee14-migrated,federated.localization,ieee14,cnn,all,,macro_fr,clients=1;pool=benign,4.129040782535809e-06,5.83934547425376e-06,,
federated.localization-ieee14-migrated,federated.localization,ieee14,cnn,all,,macro_fr,clients=2;pool=all,0.006550159838609793,0.0008134624244119618,,
federated.localization-ieee14-migrated,federated.localization,ieee14,cnn,all,,macro_fr,clients=2;pool=benign,4.129040782535809e-06,5.83934547425376e-06,,
federated.localization-ieee14-migrated,federated.localization,ieee14,cnn,all,,macro_fr,clients=3;pool=all,0.00610760841334946,0.0005702539608205535,,
federated.localization-ieee14-migrated,federated.localization,ieee14,cnn,all,,macro_fr,clients=3;pool=benign,0.0001362583458236817,0.00013607053271467157,,
federated.localization-ieee14-migrated,federated.localization,ieee14,mlp,Ad,,macro_auprc,clients=1;pool=all,0.9905830879227008,0.0004255111830469956,,
federated.localization-ieee14-migrated,federated.localization,ieee14,mlp,Ad,,macro_auprc,clients=1;pool=benign,0.9905830879227008,0.0004255111830469956,,
federated.localization-ieee14-migrated,federated.localization,ieee14,mlp,Ad,,macro_auprc,clients=2;pool=all,0.9893626976477884,0.00031936947360079954,,
federated.localization-ieee14-migrated,federated.localization,ieee14,mlp,Ad,,macro_auprc,clients=2;pool=benign,0.9893626976477884,0.00031936947360079954,,
federated.localization-ieee14-migrated,federated.localization,ieee14,mlp,Ad,,macro_auprc,clients=3;pool=all,0.9891425974679243,0.0005210746138988193,,
federated.localization-ieee14-migrated,federated.localization,ieee14,mlp,Ad,,macro_auprc,clients=3;pool=benign,0.9891425974679243,0.0005210746138988193,,
federated.localization-ieee14-migrated,federated.localization,ieee14,mlp,Ad,,macro_dr,clients=1;pool=all,0.979428214452782,0.0049611130774774225,,
federated.localization-ieee14-migrated,federated.localization,ieee14,mlp,Ad,,macro_dr,clients=1;pool=benign,0.979428214452782,0.0049611130774774225,,
federated.localization-ieee14-migrated,federated.localization,ieee14,mlp,Ad,,macro_dr,clients=2;pool=all,0.9715998204207733,0.008701285014748063,,
federated.localization-ieee14-migrated,federated.localization,ieee14,mlp,Ad,,macro_dr,clients=2;pool=benign,0.9715998204207733,0.008701285014748063,,
federated.localization-ieee14-migrated,federated.localization,ieee14,mlp,Ad,,macro_dr,clients=3;pool=all,0.9781238982730286,0.0042364752106569415,,
federated.localization-ieee14-migrated,federated.localization,ieee14,mlp,Ad,,macro_dr,clients=3;pool=benign,0.9781238982730286,0.0042364752106569415,,
federated.localization-ieee14-migrated,federated.localization,ieee14,mlp,Ad,,macro_f1,clients=1;pool=all,0.9661325784258618,0.002418463898109852,,
federated.localization-ieee14-migrated,federated.localization,ieee14,mlp,Ad,,macro_f1,clients=1;pool=benign,0.9661325784258618,0.002418463898109852,,
federated.localization-ieee14-migrated,federated.localization,ieee14,mlp,Ad,,macro_f1,clients=2;pool=all,0.9577276220410808,0.0006446865646524151,,
federated.localization-ieee14-migrated,federated.localization,ieee14,mlp,Ad,,macro_f1,clients=2;pool=benign,0.9577276220410808,0.0006446865646524151,,
federated.localization-ieee14-migrated,federated.localization,ieee14,mlp,Ad,,macro_f1,clients=3;pool=all,0.9528569054973645,0.003500636013509629,,
federated.localization-ieee14-migrated,federated.localization,ieee14,mlp,Ad,,macro_f1,clients=3;pool=benign,0.9528569054973645,0.003500636013509629,,
federated.localization-ieee14-migrated,federated.localization,ieee14,mlp,Ad,,macro_fr,clients=1;pool=all,0.0023423058086280224,0.0004542553858955486,,
federated.localization-ieee14-migrated,federated.localization,ieee14,mlp,Ad,,macro_fr,clients=1;pool=benign,9.49679379983236e-05,4.989138960222709e-05,,
federated.localization-ieee14-migrated,federated.localization,ieee14,mlp,Ad,,macro_fr,clients=2;pool=all,0.002819385153701783,0.0005441318576805815,,
federated.localization-ieee14-migrated,federated.localization,ieee14,mlp,Ad,,macro_fr,clients=2;pool=benign,0.00010322601956339522,6.179782377706386e-05,,
federated.localization-ieee14-migrated,federated.localization,ieee14,mlp,Ad,,macro_fr,clients=3;pool=all,0.003688139157711245,0.0005702896981333505,,
federated.localization-ieee14-migrated,federated.localization,ieee14,mlp,Ad,,macro_fr,clients=3;pool=benign,6.606465252057294e-05,4.779710266360385e-05,,
federated.localization-ieee14-migrated,federated.localization,ieee14,mlp,Aq,,macro_auprc,clients=1;pool=all,0.8676223396613473,0.0065277061372134735,,
federated.localization-ieee14-migrated,federated.localization,ieee14,mlp,Aq,,macro_auprc,clients=1;pool=benign,0.8676223396613473,0.0065277061372134735,,
federated.localization-ieee14-migrated,federated.localization,ieee14,mlp,Aq,,macro_auprc,clients=2;pool=all,0.8752715504827814,0.002535632813719093,,
federated.localization-ieee14-migrated,federated.localization,ieee14,mlp,Aq,,macro_auprc,clients=2;pool=benign,0.8752715504827814,0.002535632813719093,,
federated.localization-ieee14-migrated,federated.localization,ieee14,mlp,Aq,,macro_auprc,clients=3;pool=all,0.867908674996778,0.006665454008849829,,
federated.localization-ieee14-migrated,federated.localization,ieee14,mlp,Aq,,macro_auprc,clients=3;pool=benign,0.867908674996778,0.006665454008849829,,
federated.localization-ieee14-migrated,federated.localization,ieee14,mlp,Aq,,macro_dr,clients=1;pool=all,0.5968027637640115,0.013957128164195743,,
federated.localization-ieee14-migrated,federated.localization,ieee14,mlp,Aq,,macro_dr,clients=1;pool=benign,0.5968027637640115,0.013957128164195743,,
federated.localization-ieee14-migrated,federated.localization,ieee14,mlp,Aq,,macro_dr,clients=2;pool=all,0.6136963693916436,0.02075540644255878,,
federated.localization-ieee14-migrated,federated.localization,ieee14,mlp,Aq,,macro_dr,clients=2;pool=benign,0.6136963693916436,0.02075540644255878,,
federated.localization-ieee14-migrated,federated.localization,ieee14,mlp,Aq,,macro_dr,clients=3;pool=all,0.6132998781060328,0.011029916938711713,,
federated.localization-ieee14-migrated,federated.localization,ieee14,mlp,Aq,,macro_dr,clients=3;pool=benign,0.6132998781060328,0.011029916938711713,,
federated.localization-ieee14-migrated,federated.localization,ieee14,mlp,Aq,,macro_f1,clients=1;pool=all,0.6021880441845621,0.0062114885117293215,,
federated.localization-ieee14-migrated,federated.localization,ieee14,mlp,Aq,,macro_f1,clients=1;pool=benign,0.6021880441845621,0.0062114885117293215,,
federated.localization-ieee14-migrated,federated.localization,ieee14,mlp,Aq,,macro_f1,clients=2;pool=all,0.6128129890632961,0.005546115874460503,,
federated.localization-ieee14-migrated,federated.localization,ieee14,mlp,Aq,,macro_f1,clients=2;pool=benign,0.6128129890632961,0.005546115874460503,,
federated.localization-ieee14-migrated,federated.localization,ieee14,mlp,Aq,,macro_f1,clients=3;pool=all,0.599454241775339,0.011832711707985293,,
federated.localization-ieee14-migrated,federated.localization,ieee14,mlp,Aq,,macro_f1,clients=3;pool=benign,0.599454241775339,0.011832711707985293,,
federated.localization-ieee14-migrated,federated.localization,ieee14,mlp,Aq,,macro_fr,clients=1;pool=all,0.0033952698209897027,0.00041859792281020444,,
federated.localization-ieee14-migrated,federated.localization,ieee14,mlp,Aq,,macro_fr,clients=1;pool=benign,9.49679379983236e-05,4.989138960222709e-05,,
federated.localization-ieee14-migrated,federated.localization,ieee14,mlp,Aq,,macro_fr,clients=2;pool=all,0.0036915271305914582,0.0007805369156692566,,
federated.localization-ieee14-migrated,federated.localization,ieee14,mlp,Aq,,macro_fr,clients=2;pool=benign,0.00010322601956339522,6.179782377706386e-05,,
federated.localization-ieee14-migrated,federated.localization,ieee14,mlp,Aq,,macro_fr,clients=3;pool=all,0.004988677801946992,0.0007784083987094078,,
federated.localization-ieee14-migrated,federated.localization,ieee14,mlp,Aq,,macro_fr,clients=3;pool=benign,6.606465252057294e-05,4.779710266360385e-05,,
federated.localization-ieee14-migrated,federated.localization,ieee14,mlp,Ar,,macro_auprc,clients=1;pool=all,0.7577764142014048,0.012841118448043231,,
federated.localization-ieee14-migrated,federated.localization,ieee14,mlp,Ar,,macro_auprc,clients=1;pool=benign,0.7577764142014048,0.012841118448043231,,
federated.localization-ieee14-migrated,federated.localization,ieee14,mlp,Ar,,macro_auprc,clients=2;pool=all,0.7522145664369572,0.007409801069747013,,
federated.localization-ieee14-migrated,federated.localization,ieee14,mlp,Ar,,macro_auprc,clients=2;pool=benign,0.7522145664369572,0.007409801069747013,,
federated.localization-ieee14-migrated,federated.localization,ieee14,mlp,Ar,,macro_auprc,clients=3;pool=all,0.7580281546442467,0.020211692291219746,,
federated.localization-ieee14-migrated,federated.localization,ieee14,mlp,Ar,,macro_auprc,clients=3;pool=benign,0.7580281546442467,0.020211692291219746,,
federated.localization-ieee14-migrated,federated.localization,ieee14,mlp,Ar,,macro_dr,clients=1;pool=all,0.4062677707580992,0.037228342274118774,,
federated.localization-ieee14-migrated,federated.localization,ieee14,mlp,Ar,,macro_dr,clients=1;pool=benign,0.4062677707580992,0.037228342274118774,,
federated.localization-ieee14-migrated,federated.localization,ieee14,mlp,Ar,,macro_dr,clients=2;pool=all,0.40882829583524466,0.030051820020328187,,
federated.localization-ieee14-migrated,federated.localization,ieee14,mlp,Ar,,macro_dr,clients=2;pool=benign,0.40882829583524466,0.030051820020328187,,
federated.localization-ieee14-migrated,federated.localization,ieee14,mlp,Ar,,macro_dr,clients=3;pool=all,0.44025228603284133,0.03333197058404935,,
federated.localization-ieee14-migrated,federated.localization,ieee14,mlp,Ar,,macro_dr,clients=3;pool=benign,0.44025228603284133,0.03333197058404935,,
federated.localization-ieee14-migrated,federated.localization,ieee14,mlp,Ar,,macro_f1,clients=1;pool=all,0.5436848325747939,0.03891670439622803,,
federated.localization-ieee14-migrated,federated.localization,ieee14,mlp,Ar,,macro_f1,clients=1;pool=benign,0.5436848325747939,0.03891670439622803,,
federated.localization-ieee14-migrated,federated.localization,ieee14,mlp,Ar,,macro_f1,clients=2;pool=all,0.5366866826348715,0.031421880140826884,,
federated.localization-ieee14-migrated,federated.localization,ieee14,mlp,Ar,,macro_f1,clients=2;pool=benign,0.5366866826348715,0.031421880140826884,,
federated.localization-ieee14-migrated,federated.localization,ieee14,mlp,Ar,,macro_f1,clients=3;pool=all,0.5709050834543166,0.03242525150313279,,
federated.localization-ieee14-migrated,federated.localization,ieee14,mlp,Ar,,macro_f1,clients=3;pool=benign,0.5709050834543166,0.03242525150313279,,
federated.localization-ieee14-migrated,federated.localization,ieee14,mlp,Ar,,macro_fr,clients=1;pool=all,0.0003829130481797908,7.462502358583864e-05,,
federated.localization-ieee14-migrated,federated.localization,ieee14,mlp,Ar,,macro_fr,clients=1;pool=benign,9.49679379983236e-05,4.989138960222709e-05,,
federated.localization-ieee14-migrated,federated.localization,ieee14,mlp,Ar,,macro_fr,clients=2;pool=all,0.0007464871630459973,0.00032106910296713807,,
federated.localization-ieee14-migrated,federated.localization,ieee14,mlp,Ar,,macro_fr,clients=2;pool=benign,0.00010322601956339522,6.179782377706386e-05,,
federated.localization-ieee14-migrated,federated.localization,ieee14,mlp,Ar,,macro_fr,clients=3;pool=all,0.0007728394428333238,0.0003008613392902829,,
federated.localization-ieee14-migrated,federated.localization,ieee14,mlp,Ar,,macro_fr,clients=3;pool=benign,6.606465252057294e-05,4.779710266360385e-05,,
federated.localization-ieee14-migrated,federated.localization,ieee14,mlp,As,,macro_auprc,clients=1;pool=all,0.9415318609981944,0.004781460619905507,,
federated.localization-ieee14-migrated,federated.localization,ieee14,mlp,As,,macro_auprc,clients=1;pool=benign,0.9415318609981944,0.004781460619905507,,
federated.localization-ieee14-migrated,federated.localization,ieee14,mlp,As,,macro_auprc,clients=2;pool=all,0.9445581683100648,0.0017810065814610372,,
federated.localization-ieee14-migrated,federated.localization,ieee14,mlp,As,,macro_auprc,clients=2;pool=benign,0.9445581683100648,0.0017810065814610372,,
federated.localization-ieee14-migrated,federated.localization,ieee14,mlp,As,,macro_auprc,clients=3;pool=all,0.9395450280734616,0.003967760607520759,,
federated.localization-ieee14-migrated,federated.localization,ieee14,mlp,As,,macro_auprc,clients=3;pool=benign,0.9395450280734616,0.003967760607520759,,
federated.localization-ieee14-migrated,federated.localization,ieee14,mlp,As,,macro_dr,clients=1;pool=all,0.8048893380827304,0.04934248037742881,,
federated.localization-ieee14-migrated,federated.localization,ieee14,mlp,As,,macro_dr,clients=1;pool=benign,0.8048893380827304,0.04934248037742881,,
federated.localization-ieee14-migrated,federated.localization,ieee14,mlp,As,,macro_dr,clients=2;pool=all,0.8036766455892699,0.049092639773098634,,
federated.localization-ieee14-migrated,federated.localization,ieee14,mlp,As,,macro_dr,clients=2;pool=benign,0.8036766455892699,0.049092639773098634,,
federated.localization-ieee14-migrated,federated.localization,ieee14,mlp,As,,macro_dr,clients=3;pool=all,0.8305299744524289,0.04357562396028347,,
federated.localization-ieee14-migrated,federated.localization,ieee14,mlp,As,,macro_dr,clients=3;pool=benign,0.8305299744524289,0.04357562396028347,,
federated.localization-ieee14-migrated,federated.localization,ieee14,mlp,As,,macro_f1,clients=1;pool=all,0.8630082211606594,0.03248956546864064,,
federated.localization-ieee14-migrated,federated.localization,ieee14,mlp,As,,macro_f1,clients=1;pool=benign,0.8630082211606594,0.03248956546864064,,
federated.localization-ieee14-migrated,federated.localization,ieee14,mlp,As,,macro_f1,clients=2;pool=all,0.854517480779693,0.03070324143249084,,
federated.localization-ieee14-migrated,federated.localization,ieee14,mlp,As,,macro_f1,clients=2;pool=benign,0.854517480779693,0.03070324143249084,,
federated.localization-ieee14-migrated,federated.localization,ieee14,mlp,As,,macro_f1,clients=3;pool=all,0.8657905207821234,0.026267272010254424,,
federated.localization-ieee14-migrated,federated.localization,ieee14,mlp,As,,macro_f1,clients=3;pool=benign,0.8657905207821234,0.026267272010254424,,
federated.localization-ieee14-migrated,federated.localization,ieee14,mlp,As,,macro_fr,clients=1;pool=all,0.0021566315103762404,0.00028610273590450226,,
federated.localization-ieee14-migrated,federated.localization,ieee14,mlp,As,,macro_fr,clients=1;pool=benign,9.49679379983236e-05,4.989138960222709e-05,,
federated.localization-ieee14-migrated,federated.localization,ieee14,mlp,As,,macro_fr,clients=2;pool=all,0.0026212701114020232,0.0006106860067928438,,
federated.localization-ieee14-migrated,federated.localization,ieee14,mlp,As,,macro_fr,clients=2;pool=benign,0.00010322601956339522,6.179782377706386e-05,,
federated.localization-ieee14-migrated,federated.localization,ieee14,mlp,As,,macro_fr,clients=3;pool=all,0.0034338540078664996,0.0005852653022568425,,
federated.localization-ieee14-migrated,federated.localization,ieee14,mlp,As,,macro_fr,clients=3;pool=benign,6.606465252057294e-05,4.779710266360385e-05,,
federated.localization-ieee14-migrated,federated.localization,ieee14,mlp,all,,macro_auprc,clients=1;pool=all,0.8995946788691631,0.004997040157425431,,
federated.localization-ieee14-migrated,federated.localization,ieee14,mlp,all,,macro_auprc,clients=1;pool=benign,0.8995946788691631,0.004997040157425431,,
federated.localization-ieee14-migrated,federated.localization,ieee14,mlp,all,,macro_auprc,clients=2;pool=all,0.8989725992670056,0.0005498088372484268,,
federated.localization-ieee14-migrated,federated.localization,ieee14,mlp,all,,macro_auprc,clients=2;pool=benign,0.8989725992670056,0.0005498088372484268,,
federated.localization-ieee14-migrated,federated.localization,ieee14,mlp,all,,macro_auprc,clients=3;pool=all,0.8973010559148925,0.004987561348614967,,
federated.localization-ieee14-migrated,federated.localization,ieee14,mlp,all,,macro_auprc,clients=3;pool=benign,0.8973010559148925,0.004987561348614967,,
federated.localization-ieee14-migrated,federated.localization,ieee14,mlp,all,,macro_dr,clients=1;pool=all,0.750420003722613,0.02815286687782907,,
federated.localization-ieee14-migrated,federated.localization,ieee14,mlp,all,,macro_dr,clients=1;pool=benign,0.750420003722613,0.02815286687782907,,
federated.localization-ieee14-migrated,federated.localization,ieee14,mlp,all,,macro_dr,clients=2;pool=all,0.7530004800453561,0.027252217359654263,,
federated.localization-ieee14-migrated,federated.localization,ieee14,mlp,all,,macro_dr,clients=2;pool=benign,0.7530004800453561,0.027252217359654263,,
federated.localization-ieee14-migrated,federated.localization,ieee14,mlp,all,,macro_dr,clients=3;pool=all,0.7703116893738201,0.021976103019436324,,
federated.localization-ieee14-migrated,federated.localization,ieee14,mlp,all,,macro_dr,clients=3;pool=benign,0.7703116893738201,0.021976103019436324,,
federated.localization-ieee14-migrated,federated.localization,ieee14,mlp,all,,macro_f1,clients=1;pool=all,0.8326126950818554,0.016159937826712774,,
federated.localization-ieee14-migrated,federated.localization,ieee14,mlp,all,,macro_f1,clients=1;pool=benign,0.8326126950818554,0.016159937826712774,,
federated.localization-ieee14-migrated,federated.localization,ieee14,mlp,all,,macro_f1,clients=2;pool=all,0.8279568967983796,0.01361006498439505,,
federated.localization-ieee14-migrated,federated.localization,ieee14,mlp,all,,macro_f1,clients=2;pool=benign,0.8279568967983796,0.01361006498439505,,
federated.localization-ieee14-migrated,federated.localization,ieee14,mlp,all,,macro_f1,clients=3;pool=all,0.832173613416196,0.009675431932369234,,
federated.localization-ieee14-migrated,federated.localization,ieee14,mlp,all,,macro_f1,clients=3;pool=benign,0.832173613416196,0.009675431932369234,,
federated.localization-ieee14-migrated,federated.localization,ieee14,mlp,all,,macro_fr,clients=1;pool=all,0.006421036427515948,0.0008906477180324127,,
federated.localization-ieee14-migrated,federated.localization,ieee14,mlp,all,,macro_fr,clients=1;pool=benign,9.49679379983236e-05,4.989138960222709e-05,,
federated.localization-ieee14-migrated,federated.localization,ieee14,mlp,all,,macro_fr,clients=2;pool=all,0.007677389426551849,0.0016322055810237565,,
federated.localization-ieee14-migrated,federated.localization,ieee14,mlp,all,,macro_fr,clients=2;pool=benign,0.00010322601956339522,6.179782377706386e-05,,
federated.localization-ieee14-migrated,federated.localization,ieee14,mlp,all,,macro_fr,clients=3;pool=all,0.010167203854663564,0.0016678593822169211,,
federated.localization-ieee14-migrated,federated.localization,ieee14,mlp,all,,macro_fr,clients=3;pool=benign,6.606465252057294e-05,4.779710266360385e-05,,
federated.localization-ieee300-migrated,federated.localization,ieee300,cnn,Ad,,macro_auprc,clients=1;pool=all,0.9950688510648081,0.0003035481245789132,,
federated.localization-ieee300-migrated,federated.localization,ieee300,cnn,Ad,,macro_auprc,clients=1;pool=benign,0.9950688510648081,0.0003035481245789132,,
federated.localization-ieee300-migrated,federated.localization,ieee300,cnn,Ad,,macro_auprc,clients=2;pool=all,0.9937541282665916,0.0002682394710148411,,
federated.localization-ieee300-migrated,federated.localization,ieee300,cnn,Ad,,macro_auprc,clients=2;pool=benign,0.9937541282665916,0.0002682394710148411,,
federated.localization-ieee300-migrated,federated.localization,ieee300,cnn,Ad,,macro_auprc,clients=3;pool=all,0.9937863014281474,0.0007079044930864644,,
federated.localization-ieee300-migrated,federated.localization,ieee300,cnn,Ad,,macro_auprc,clients=3;pool=benign,0.9937863014281474,0.0007079044930864644,,
federated.localization-ieee300-migrated,federated.localization,ieee300,cnn,Ad,,macro_dr,clients=1;pool=all,0.9771619940665751,0.004019294114681466,,
federated.localization-ieee300-migrated,federated.localization,ieee300,cnn,Ad,,macro_dr,clients=1;pool=benign,0.9771619940665751,0.004019294114681466,,
federated.localization-ieee300-migrated,federated.localization,ieee300,cnn,Ad,,macro_dr,clients=2;pool=all,0.967400317718795,0.002460710607590207,,
federated.localization-ieee300-migrated,federated.localization,ieee300,cnn,Ad,,macro_dr,clients=2;pool=benign,0.967400317718795,0.002460710607590207,,
federated.localization-ieee300-migrated,federated.localization,ieee300,cnn,Ad,,macro_dr,clients=3;pool=all,0.9634188014916513,0.005002925400908558,,
federated.localization-ieee300-migrated,federated.localization,ieee300,cnn,Ad,,macro_dr,clients=3;pool=benign,0.9634188014916513,0.005002925400908558,,
federated.localization-ieee300-migrated,federated.localization,ieee300,cnn,Ad,,macro_f1,clients=1;pool=all,0.9824670135762164,0.001281991132583208,,
federated.localization-ieee300-migrated,federated.localization,ieee300,cnn,Ad,,macro_f1,clients=1;pool=benign,0.9824670135762164,0.001281991132583208,,
federated.localization-ieee300-migrated,federated.localization,ieee300,cnn,Ad,,macro_f1,clients=2;pool=all,0.977264575234706,0.00026823148186256636,,
federated.localization-ieee300-migrated,federated.localization,ieee300,cnn,Ad,,macro_f1,clients=2;pool=benign,0.977264575234706,0.00026823148186256636,,
federated.localization-ieee300-migrated,federated.localization,ieee300,cnn,Ad,,macro_f1,clients=3;pool=all,0.9726071629636205,0.0018082340734754223,,
federated.localization-ieee300-migrated,federated.localization,ieee300,cnn,Ad,,macro_f1,clients=3;pool=benign,0.9726071629636205,0.0018082340734754223,,
federated.localization-ieee300-migrated,federated.localization,ieee300,cnn,Ad,,macro_fr,clients=1;pool=all,3.0031088349547148e-05,9.13925018445369e-06,,
federated.localization-ieee300-migrated,federated.localization,ieee300,cnn,Ad,,macro_fr,clients=1;pool=benign,9.50286249975649e-07,3.35976925713058e-07,,
federated.localization-ieee300-migrated,federated.localization,ieee300,cnn,Ad,,macro_fr,clients=2;pool=all,2.9824802714189038e-05,6.634581644631598e-06,,
federated.localization-ieee300-migrated,federated.localization,ieee300,cnn,Ad,,macro_fr,clients=2;pool=benign,6.6520037498295425e-06,1.3439077028522326e-06,,
federated.localization-ieee300-migrated,federated.localization,ieee300,cnn,Ad,,macro_fr,clients=3;pool=all,4.245652761668696e-05,6.010543678053517e-06,,
federated.localization-ieee300-migrated,federated.localization,ieee300,cnn,Ad,,macro_fr,clients=3;pool=benign,1.282886437467126e-05,1.0079307771391746e-06,,
federated.localization-ieee300-migrated,federated.localization,ieee300,cnn,Aq,,macro_auprc,clients=1;pool=all,0.5987209341184614,0.01444021940639065,,
federated.localization-ieee300-migrated,federated.localization,ieee300,cnn,Aq,,macro_auprc,clients=1;pool=benign,0.5987209341184614,0.01444021940639065,,
federated.localization-ieee300-migrated,federated.localization,ieee300,cnn,Aq,,macro_auprc,clients=2;pool=all,0.6867540102633515,0.017583754474699245,,
federated.localization-ieee300-migrated,federated.localization,ieee300,cnn,Aq,,macro_auprc,clients=2;pool=benign,0.6867540102633515,0.017583754474699245,,
federated.localization-ieee300-migrated,federated.localization,ieee300,cnn,Aq,,macro_auprc,clients=3;pool=all,0.7115894732007018,0.0033322436631682845,,
federated.localization-ieee300-migrated,federated.localization,ieee300,cnn,Aq,,macro_auprc,clients=3;pool=benign,0.7115894732007018,0.0033322436631682845,,
federated.localization-ieee300-migrated,federated.localization,ieee300,cnn,Aq,,macro_dr,clients=1;pool=all,0.1598061483825908,0.011402249928966011,,
federated.localization-ieee300-migrated,federated.localization,ieee300,cnn,Aq,,macro_dr,clients=1;pool=benign,0.1598061483825908,0.011402249928966011,,
federated.localization-ieee300-migrated,federated.localization,ieee300,cnn,Aq,,macro_dr,clients=2;pool=all,0.20890068519814195,0.00445486509065892,,
federated.localization-ieee300-migrated,federated.localization,ieee300,cnn,Aq,,macro_dr,clients=2;pool=benign,0.20890068519814195,0.00445486509065892,,
federated.localization-ieee300-migrated,federated.localization,ieee300,cnn,Aq,,macro_dr,clients=3;pool=all,0.19864305815041586,0.004636078032334603,,
federated.localization-ieee300-migrated,federated.localization,ieee300,cnn,Aq,,macro_dr,clients=3;pool=benign,0.19864305815041586,0.004636078032334603,,
federated.localization-ieee300-migrated,federated.localization,ieee300,cnn,Aq,,macro_f1,clients=1;pool=all,0.17313299665923665,0.009534173290704585,,
federated.localization-ieee300-migrated,federated.localization,ieee300,cnn,Aq,,macro_f1,clients=1;pool=benign,0.17313299665923665,0.009534173290704585,,
federated.localization-ieee300-migrated,federated.localization,ieee300,cnn,Aq,,macro_f1,clients=2;pool=all,0.21930416224853858,0.003963655734992496,,
federated.localization-ieee300-migrated,federated.localization,ieee300,cnn,Aq,,macro_f1,clients=2;pool=benign,0.21930416224853858,0.003963655734992496,,
federated.localization-ieee300-migrated,federated.localization,ieee300,cnn,Aq,,macro_f1,clients=3;pool=all,0.21526261424901771,0.004097696186207421,,
federated.localization-ieee300-migrated,federated.localization,ieee300,cnn,Aq,,macro_f1,clients=3;pool=benign,0.21526261424901771,0.004097696186207421,,
federated.localization-ieee300-migrated,federated.localization,ieee300,cnn,Aq,,macro_fr,clients=1;pool=all,0.0004086306935629596,5.3097502167741976e-05,,
federated.localization-ieee300-migrated,federated.localization,ieee300,cnn,Aq,,macro_fr,clients=1;pool=benign,9.50286249975649e-07,3.35976925713058e-07,,
federated.localization-ieee300-migrated,federated.localization,ieee300,cnn,Aq,,macro_fr,clients=2;pool=all,0.00033064399535878204,2.9264290496105977e-05,,
federated.localization-ieee300-migrated,federated.localization,ieee300,cnn,Aq,,macro_fr,clients=2;pool=benign,6.6520037498295425e-06,1.3439077028522326e-06,,
federated.localization-ieee300-migrated,federated.localization,ieee300,cnn,Aq,,macro_fr,clients=3;pool=all,0.0002638189798348462,4.617310560271195e-05,,
federated.localization-ieee300-migrated,federated.localization,ieee300,cnn,Aq,,macro_fr,clients=3;pool=benign,1.282886437467126e-05,1.0079307771391746e-06,,
federated.localization-ieee300-migrated,federated.localization,ieee300,cnn,Ar,,macro_auprc,clients=1;pool=all,0.8215187180900086,0.009047774341289143,,
federated.localization-ieee300-migrated,federated.localization,ieee300,cnn,Ar,,macro_auprc,clients=1;pool=benign,0.8215187180900086,0.009047774341289143,,
federated.localization-ieee300-migrated,federated.localization,ieee300,cnn,Ar,,macro_auprc,clients=2;pool=all,0.8192380657191262,0.012141992841180099,,
federated.localization-ieee300-migrated,federated.localization,ieee300,cnn,Ar,,macro_auprc,clients=2;pool=benign,0.8192380657191262,0.012141992841180099,,
federated.localization-ieee300-migrated,federated.localization,ieee300,cnn,Ar,,macro_auprc,clients=3;pool=all,0.8202841506851613,0.002561175357786311,,
federated.localization-ieee300-migrated,federated.localization,ieee300,cnn,Ar,,macro_auprc,clients=3;pool=benign,0.8202841506851613,0.002561175357786311,,
federated.localization-ieee300-migrated,federated.localization,ieee300,cnn,Ar,,macro_dr,clients=1;pool=all,0.693537084298939,0.0402478179645326,,
federated.localization-ieee300-migrated,federated.localization,ieee300,cnn,Ar,,macro_dr,clients=1;pool=benign,0.693537084298939,0.0402478179645326,,
federated.localization-ieee300-migrated,federated.localization,ieee300,cnn,Ar,,macro_dr,clients=2;pool=all,0.7030197907678352,0.02645312981790229,,
federated.localization-ieee300-migrated,federated.localization,ieee300,cnn,Ar,,macro_dr,clients=2;pool=benign,0.7030197907678352,0.02645312981790229,,
federated.localization-ieee300-migrated,federated.localization,ieee300,cnn,Ar,,macro_dr,clients=3;pool=all,0.707848449643718,0.013475815294374076,,
federated.localization-ieee300-migrated,federated.localization,ieee300,cnn,Ar,,macro_dr,clients=3;pool=benign,0.707848449643718,0.013475815294374076,,
federated.localization-ieee300-migrated,federated.localization,ieee300,cnn,Ar,,macro_f1,clients=1;pool=all,0.7535221167688335,0.01946745657489272,,
federated.localization-ieee300-migrated,federated.localization,ieee300,cnn,Ar,,macro_f1,clients=1;pool=benign,0.7535221167688335,0.01946745657489272,,
federated.localization-ieee300-migrated,federated.localization,ieee300,cnn,Ar,,macro_f1,clients=2;pool=all,0.7693327529202728,0.016801846778779845,,
federated.localization-ieee300-migrated,federated.localization,ieee300,cnn,Ar,,macro_f1,clients=2;pool=benign,0.7693327529202728,0.016801846778779845,,
federated.localization-ieee300-migrated,federated.localization,ieee300,cnn,Ar,,macro_f1,clients=3;pool=all,0.7711449002138678,0.008302372677721517,,
federated.localization-ieee300-migrated,federated.localization,ieee300,cnn,Ar,,macro_f1,clients=3;pool=benign,0.7711449002138678,0.008302372677721517,,
federated.localization-ieee300-migrated,federated.localization,ieee300,cnn,Ar,,macro_fr,clients=1;pool=all,0.00015351851346853392,7.251985287939345e-05,,
federated.localization-ieee300-migrated,federated.localization,ieee300,cnn,Ar,,macro_fr,clients=1;pool=benign,9.50286249975649e-07,3.35976925713058e-07,,
federated.localization-ieee300-migrated,federated.localization,ieee300,cnn,Ar,,macro_fr,clients=2;pool=all,0.00010455619158207579,2.99405450381079e-05,,
federated.localization-ieee300-migrated,federated.localization,ieee300,cnn,Ar,,macro_fr,clients=2;pool=benign,6.6520037498295425e-06,1.3439077028522326e-06,,
federated.localization-ieee300-migrated,federated.localization,ieee300,cnn,Ar,,macro_fr,clients=3;pool=all,0.00012427956218731618,3.265669074768465e-05,,
federated.localization-ieee300-migrated,federated.localization,ieee300,cnn,Ar,,macro_fr,clients=3;pool=benign,1.282886437467126e-05,1.0079307771391746e-06,,
federated.localization-ieee300-migrated,federated.localization,ieee300,cnn,As,,macro_auprc,clients=1;pool=all,0.9701334137589684,0.0024256388029941533,,
federated.localization-ieee300-migrated,federated.localization,ieee300,cnn,As,,macro_auprc,clients=1;pool=benign,0.9701334137589684,0.0024256388029941533,,
federated.localization-ieee300-migrated,federated.localization,ieee300,cnn,As,,macro_auprc,clients=2;pool=all,0.9634250235895244,0.002133089338490197,,
federated.localization-ieee300-migrated,federated.localization,ieee300,cnn,As,,macro_auprc,clients=2;pool=benign,0.9634250235895244,0.002133089338490197,,
federated.localization-ieee300-migrated,federated.localization,ieee300,cnn,As,,macro_auprc,clients=3;pool=all,0.9632538747434709,0.0032077344614329963,,
federated.localization-ieee300-migrated,federated.localization,ieee300,cnn,As,,macro_auprc,clients=3;pool=benign,0.9632538747434709,0.0032077344614329963,,
federated.localization-ieee300-migrated,federated.localization,ieee300,cnn,As,,macro_dr,clients=1;pool=all,0.8999012679509407,0.011234072479492154,,
federated.localization-ieee300-migrated,federated.localization,ieee300,cnn,As,,macro_dr,clients=1;pool=benign,0.8999012679509407,0.011234072479492154,,
federated.localization-ieee300-migrated,federated.localization,ieee300,cnn,As,,macro_dr,clients=2;pool=all,0.8843562258955396,0.006228034438849239,,
federated.localization-ieee300-migrated,federated.localization,ieee300,cnn,As,,macro_dr,clients=2;pool=benign,0.8843562258955396,0.006228034438849239,,
federated.localization-ieee300-migrated,federated.localization,ieee300,cnn,As,,macro_dr,clients=3;pool=all,0.8872294549072707,0.006674049921850476,,
federated.localization-ieee300-migrated,federated.localization,ieee300,cnn,As,,macro_dr,clients=3;pool=benign,0.8872294549072707,0.006674049921850476,,
federated.localization-ieee300-migrated,federated.localization,ieee300,cnn,As,,macro_f1,clients=1;pool=all,0.9338508883340468,0.005134726397767071,,
federated.localization-ieee300-migrated,federated.localization,ieee300,cnn,As,,macro_f1,clients=1;pool=benign,0.9338508883340468,0.005134726397767071,,
federated.localization-ieee300-migrated,federated.localization,ieee300,cnn,As,,macro_f1,clients=2;pool=all,0.9245603225411466,0.004274168895923144,,
federated.localization-ieee300-migrated,federated.localization,ieee300,cnn,As,,macro_f1,clients=2;pool=benign,0.9245603225411466,0.004274168895923144,,
federated.localization-ieee300-migrated,federated.localization,ieee300,cnn,As,,macro_f1,clients=3;pool=all,0.9254536569536813,0.00565374980531074,,
federated.localization-ieee300-migrated,federated.localization,ieee300,cnn,As,,macro_f1,clients=3;pool=benign,0.9254536569536813,0.00565374980531074,,
federated.localization-ieee300-migrated,federated.localization,ieee300,cnn,As,,macro_fr,clients=1;pool=all,5.0400940999327584e-05,1.7174091246420584e-05,,
federated.localization-ieee300-migrated,federated.localization,ieee300,cnn,As,,macro_fr,clients=1;pool=benign,9.50286249975649e-07,3.35976925713058e-07,,
federated.localization-ieee300-migrated,federated.localization,ieee300,cnn,As,,macro_fr,clients=2;pool=all,4.894631206264034e-05,1.0439304670308447e-05,,
federated.localization-ieee300-migrated,federated.localization,ieee300,cnn,As,,macro_fr,clients=2;pool=benign,6.6520037498295425e-06,1.3439077028522326e-06,,
federated.localization-ieee300-migrated,federated.localization,ieee300,cnn,As,,macro_fr,clients=3;pool=all,5.5377208353309664e-05,7.914289235186451e-06,,
federated.localization-ieee300-migrated,federated.localization,ieee300,cnn,As,,macro_fr,clients=3;pool=benign,1.282886437467126e-05,1.0079307771391746e-06,,
federated.localization-ieee300-migrated,federated.localization,ieee300,cnn,all,,macro_auprc,clients=1;pool=all,0.8807592717465885,0.004609765482148029,,
federated.localization-ieee300-migrated,federated.localization,ieee300,cnn,all,,macro_auprc,clients=1;pool=benign,0.8807592717465885,0.004609765482148029,,
federated.localization-ieee300-migrated,federated.localization,ieee300,cnn,all,,macro_auprc,clients=2;pool=all,0.8929468906600807,0.003589195874262387,,
federated.localization-ieee300-migrated,federated.localization,ieee300,cnn,all,,macro_auprc,clients=2;pool=benign,0.8929468906600807,0.003589195874262387,,
federated.localization-ieee300-migrated,federated.localization,ieee300,cnn,all,,macro_auprc,clients=3;pool=all,0.8986957313489321,0.0022403831332057037,,
federated.localization-ieee300-migrated,federated.localization,ieee300,cnn,all,,macro_auprc,clients=3;pool=benign,0.8986957313489321,0.0022403831332057037,,
federated.localization-ieee300-migrated,federated.localization,ieee300,cnn,all,,macro_dr,clients=1;pool=all,0.7897239061621674,0.018283770854729434,,
federated.localization-ieee300-migrated,federated.localization,ieee300,cnn,all,,macro_dr,clients=1;pool=benign,0.7897239061621674,0.018283770854729434,,
federated.localization-ieee300-migrated,federated.localization,ieee300,cnn,all,,macro_dr,clients=2;pool=all,0.8024962914701717,0.011470619095322106,,
federated.localization-ieee300-migrated,federated.localization,ieee300,cnn,all,,macro_dr,clients=2;pool=benign,0.8024962914701717,0.011470619095322106,,
federated.localization-ieee300-migrated,federated.localization,ieee300,cnn,all,,macro_dr,clients=3;pool=all,0.8003949086062061,0.006362781694053549,,
federated.localization-ieee300-migrated,federated.localization,ieee300,cnn,all,,macro_dr,clients=3;pool=benign,0.8003949086062061,0.006362781694053549,,
federated.localization-ieee300-migrated,federated.localization,ieee300,cnn,all,,macro_f1,clients=1;pool=all,0.8467481683387169,0.0077317783575705235,,
federated.localization-ieee300-migrated,federated.localization,ieee300,cnn,all,,macro_f1,clients=1;pool=benign,0.8467481683387169,0.0077317783575705235,,
federated.localization-ieee300-migrated,federated.localization,ieee300,cnn,all,,macro_f1,clients=2;pool=all,0.8612022844868651,0.004413519044545148,,
federated.localization-ieee300-migrated,federated.localization,ieee300,cnn,all,,macro_f1,clients=2;pool=benign,0.8612022844868651,0.004413519044545148,,
federated.localization-ieee300-migrated,federated.localization,ieee300,cnn,all,,macro_f1,clients=3;pool=all,0.8607703681428224,0.0034357352844061224,,
federated.localization-ieee300-migrated,federated.localization,ieee300,cnn,all,,macro_f1,clients=3;pool=benign,0.8607703681428224,0.0034357352844061224,,
federated.localization-ieee300-migrated,federated.localization,ieee300,cnn,all,,macro_fr,clients=1;pool=all,0.00046386041022102335,9.756059308236082e-05,,
federated.localization-ieee300-migrated,federated.localization,ieee300,cnn,all,,macro_fr,clients=1;pool=benign,9.50286249975649e-07,3.35976925713058e-07,,
federated.localization-ieee300-migrated,federated.localization,ieee300,cnn,all,,macro_fr,clients=2;pool=all,0.0003596499213047255,4.891379225598272e-05,,
federated.localization-ieee300-migrated,federated.localization,ieee300,cnn,all,,macro_fr,clients=2;pool=benign,6.6520037498295425e-06,1.3439077028522326e-06,,
federated.localization-ieee300-migrated,federated.localization,ieee300,cnn,all,,macro_fr,clients=3;pool=all,0.00032809486809822977,3.7157614904572264e-05,,
federated.localization-ieee300-migrated,federated.localization,ieee300,cnn,all,,macro_fr,clients=3;pool=benign,1.282886437467126e-05,1.0079307771391746e-06,,
federated.localization-ieee300-migrated,federated.localization,ieee300,mlp,Ad,,macro_auprc,clients=1;pool=all,0.9926792082191959,0.0005155587911202548,,
federated.localization-ieee300-migrated,federated.localization,ieee300,mlp,Ad,,macro_auprc,clients=1;pool=benign,0.9926792082191959,0.0005155587911202548,,
federated.localization-ieee300-migrated,federated.localization,ieee300,mlp,Ad,,macro_auprc,clients=2;pool=all,0.9917517141506118,0.0010332519628473097,,
federated.localization-ieee300-migrated,federated.localization,ieee300,mlp,Ad,,macro_auprc,clients=2;pool=benign,0.9917517141506118,0.0010332519628473097,,
federated.localization-ieee300-migrated,federated.localization,ieee300,mlp,Ad,,macro_auprc,clients=3;pool=all,0.9917157954142778,0.00013422052362734594,,
federated.localization-ieee300-migrated,federated.localization,ieee300,mlp,Ad,,macro_auprc,clients=3;pool=benign,0.9917157954142778,0.00013422052362734594,,
federated.localization-ieee300-migrated,federated.localization,ieee300,mlp,Ad,,macro_dr,clients=1;pool=all,0.9752918841980959,0.0019773971993979006,,
federated.localization-ieee300-migrated,federated.localization,ieee300,mlp,Ad,,macro_dr,clients=1;pool=benign,0.9752918841980959,0.0019773971993979006,,
federated.localization-ieee300-migrated,federated.localization,ieee300,mlp,Ad,,macro_dr,clients=2;pool=all,0.968438872917953,0.002912920201594101,,
federated.localization-ieee300-migrated,federated.localization,ieee300,mlp,Ad,,macro_dr,clients=2;pool=benign,0.968438872917953,0.002912920201594101,,
federated.localization-ieee300-migrated,federated.localization,ieee300,mlp,Ad,,macro_dr,clients=3;pool=all,0.9682613396020012,0.0021145902048529805,,
federated.localization-ieee300-migrated,federated.localization,ieee300,mlp,Ad,,macro_dr,clients=3;pool=benign,0.9682613396020012,0.0021145902048529805,,
federated.localization-ieee300-migrated,federated.localization,ieee300,mlp,Ad,,macro_f1,clients=1;pool=all,0.9690222046457521,0.001322053980289455,,
federated.localization-ieee300-migrated,federated.localization,ieee300,mlp,Ad,,macro_f1,clients=1;pool=benign,0.9690222046457521,0.001322053980289455,,
federated.localization-ieee300-migrated,federated.localization,ieee300,mlp,Ad,,macro_f1,clients=2;pool=all,0.9644536983918427,0.0016864780674268156,,
federated.localization-ieee300-migrated,federated.localization,ieee300,mlp,Ad,,macro_f1,clients=2;pool=benign,0.9644536983918427,0.0016864780674268156,,
federated.localization-ieee300-migrated,federated.localization,ieee300,mlp,Ad,,macro_f1,clients=3;pool=all,0.9623377837724312,0.00428824778451804,,
federated.localization-ieee300-migrated,federated.localization,ieee300,mlp,Ad,,macro_f1,clients=3;pool=benign,0.9623377837724312,0.00428824778451804,,
federated.localization-ieee300-migrated,federated.localization,ieee300,mlp,Ad,,macro_fr,clients=1;pool=all,9.733410015824301e-05,1.4547337266511914e-05,,
federated.localization-ieee300-migrated,federated.localization,ieee300,mlp,Ad,,macro_fr,clients=1;pool=benign,3.706116374905031e-05,7.6097104896145465e-06,,
federated.localization-ieee300-migrated,federated.localization,ieee300,mlp,Ad,,macro_fr,clients=2;pool=all,0.00018284789692783995,2.598638002229999e-05,,
federated.localization-ieee300-migrated,federated.localization,ieee300,mlp,Ad,,macro_fr,clients=2;pool=benign,0.00014111750812138387,3.181508125374186e-05,,
federated.localization-ieee300-migrated,federated.localization,ieee300,mlp,Ad,,macro_fr,clients=3;pool=all,0.00012718107746868641,4.133435671736926e-05,,
federated.localization-ieee300-migrated,federated.localization,ieee300,mlp,Ad,,macro_fr,clients=3;pool=benign,7.911133031047279e-05,3.270731489184203e-05,,
federated.localization-ieee300-migrated,federated.localization,ieee300,mlp,Aq,,macro_auprc,clients=1;pool=all,0.6181019570000671,0.0014276428845896659,,
federated.localization-ieee300-migrated,federated.localization,ieee300,mlp,Aq,,macro_auprc,clients=1;pool=benign,0.6181019570000671,0.0014276428845896659,,
federated.localization-ieee300-migrated,federated.localization,ieee300,mlp,Aq,,macro_auprc,clients=2;pool=all,0.574474555880605,0.008951364009148291,,
federated.localization-ieee300-migrated,federated.localization,ieee300,mlp,Aq,,macro_auprc,clients=2;pool=benign,0.574474555880605,0.008951364009148291,,
federated.localization-ieee300-migrated,federated.localization,ieee300,mlp,Aq,,macro_auprc,clients=3;pool=all,0.5743967757961435,0.002954146280693666,,
federated.localization-ieee300-migrated,federated.localization,ieee300,mlp,Aq,,macro_auprc,clients=3;pool=benign,0.5743967757961435,0.002954146280693666,,
federated.localization-ieee300-migrated,federated.localization,ieee300,mlp,Aq,,macro_dr,clients=1;pool=all,0.16000511316545588,0.0037079065898591133,,
federated.localization-ieee300-migrated,federated.localization,ieee300,mlp,Aq,,macro_dr,clients=1;pool=benign,0.16000511316545588,0.0037079065898591133,,
federated.localization-ieee300-migrated,federated.localization,ieee300,mlp,Aq,,macro_dr,clients=2;pool=all,0.11286902273795925,0.004027959880903284,,
federated.localization-ieee300-migrated,federated.localization,ieee300,mlp,Aq,,macro_dr,clients=2;pool=benign,0.11286902273795925,0.004027959880903284,,
federated.localization-ieee300-migrated,federated.localization,ieee300,mlp,Aq,,macro_dr,clients=3;pool=all,0.10318940756150756,0.00961137055107169,,
federated.localization-ieee300-migrated,federated.localization,ieee300,mlp,Aq,,macro_dr,clients=3;pool=benign,0.10318940756150756,0.00961137055107169,,
federated.localization-ieee300-migrated,federated.localization,ieee300,mlp,Aq,,macro_f1,clients=1;pool=all,0.18228047155116375,0.0042819424245909305,,
federated.localization-ieee300-migrated,federated.localization,ieee300,mlp,Aq,,macro_f1,clients=1;pool=benign,0.18228047155116375,0.0042819424245909305,,
federated.localization-ieee300-migrated,federated.localization,ieee300,mlp,Aq,,macro_f1,clients=2;pool=all,0.12718454241597174,0.0038531784460346078,,
federated.localization-ieee300-migrated,federated.localization,ieee300,mlp,Aq,,macro_f1,clients=2;pool=benign,0.12718454241597174,0.0038531784460346078,,
federated.localization-ieee300-migrated,federated.localization,ieee300,mlp,Aq,,macro_f1,clients=3;pool=all,0.12270210737119518,0.011060327475877619,,
federated.localization-ieee300-migrated,federated.localization,ieee300,mlp,Aq,,macro_f1,clients=3;pool=benign,0.12270210737119518,0.011060327475877619,,
federated.localization-ieee300-migrated,federated.localization,ieee300,mlp,Aq,,macro_fr,clients=1;pool=all,0.00031261922572826614,1.7887967001672157e-05,,
federated.localization-ieee300-migrated,federated.localization,ieee300,mlp,Aq,,macro_fr,clients=1;pool=benign,3.706116374905031e-05,7.6097104896145465e-06,,
federated.localization-ieee300-migrated,federated.localization,ieee300,mlp,Aq,,macro_fr,clients=2;pool=all,0.0002789116761673181,1.286074816532048e-05,,
federated.localization-ieee300-migrated,federated.localization,ieee300,mlp,Aq,,macro_fr,clients=2;pool=benign,0.00014111750812138387,3.181508125374186e-05,,
federated.localization-ieee300-migrated,federated.localization,ieee300,mlp,Aq,,macro_fr,clients=3;pool=all,0.00022885593051424352,4.209804592096156e-05,,
federated.localization-ieee300-migrated,federated.localization,ieee300,mlp,Aq,,macro_fr,clients=3;pool=benign,7.911133031047279e-05,3.270731489184203e-05,,
federated.localization-ieee300-migrated,federated.localization,ieee300,mlp,Ar,,macro_auprc,clients=1;pool=all,0.7865361171010498,0.007722814872163373,,
federated.localization-ieee300-migrated,federated.localization,ieee300,mlp,Ar,,macro_auprc,clients=1;pool=benign,0.7865361171010498,0.007722814872163373,,
federated.localization-ieee300-migrated,federated.localization,ieee300,mlp,Ar,,macro_auprc,clients=2;pool=all,0.8008048128224416,0.004317692708757383,,
federated.localization-ieee300-migrated,federated.localization,ieee300,mlp,Ar,,macro_auprc,clients=2;pool=benign,0.8008048128224416,0.004317692708757383,,
federated.localization-ieee300-migrated,federated.localization,ieee300,mlp,Ar,,macro_auprc,clients=3;pool=all,0.8067487542004086,0.003102053447298442,,
federated.localization-ieee300-migrated,federated.localization,ieee300,mlp,Ar,,macro_auprc,clients=3;pool=benign,0.8067487542004086,0.003102053447298442,,
federated.localization-ieee300-migrated,federated.localization,ieee300,mlp,Ar,,macro_dr,clients=1;pool=all,0.7194723182866736,0.07305357390403365,,
federated.localization-ieee300-migrated,federated.localization,ieee300,mlp,Ar,,macro_dr,clients=1;pool=benign,0.7194723182866736,0.07305357390403365,,
federated.localization-ieee300-migrated,federated.localization,ieee300,mlp,Ar,,macro_dr,clients=2;pool=all,0.7618696167433469,0.011075521014482665,,
federated.localization-ieee300-migrated,federated.localization,ieee300,mlp,Ar,,macro_dr,clients=2;pool=benign,0.7618696167433469,0.011075521014482665,,
federated.localization-ieee300-migrated,federated.localization,ieee300,mlp,Ar,,macro_dr,clients=3;pool=all,0.772231958824141,0.007446883647931911,,
federated.localization-ieee300-migrated,federated.localization,ieee300,mlp,Ar,,macro_dr,clients=3;pool=benign,0.772231958824141,0.007446883647931911,,
federated.localization-ieee300-migrated,federated.localization,ieee300,mlp,Ar,,macro_f1,clients=1;pool=all,0.7335113707089026,0.02352289027867507,,
federated.localization-ieee300-migrated,federated.localization,ieee300,mlp,Ar,,macro_f1,clients=1;pool=benign,0.7335113707089026,0.02352289027867507,,
federated.localization-ieee300-migrated,federated.localization,ieee300,mlp,Ar,,macro_f1,clients=2;pool=all,0.747242583906499,0.00865896913913809,,
federated.localization-ieee300-migrated,federated.localization,ieee300,mlp,Ar,,macro_f1,clients=2;pool=benign,0.747242583906499,0.00865896913913809,,
federated.localization-ieee300-migrated,federated.localization,ieee300,mlp,Ar,,macro_f1,clients=3;pool=all,0.7574220023290597,0.003266407614697089,,
federated.localization-ieee300-migrated,federated.localization,ieee300,mlp,Ar,,macro_f1,clients=3;pool=benign,0.7574220023290597,0.003266407614697089,,
federated.localization-ieee300-migrated,federated.localization,ieee300,mlp,Ar,,macro_fr,clients=1;pool=all,0.0005103913870010829,0.00022041073218110365,,
federated.localization-ieee300-migrated,federated.localization,ieee300,mlp,Ar,,macro_fr,clients=1;pool=benign,3.706116374905031e-05,7.6097104896145465e-06,,
federated.localization-ieee300-migrated,federated.localization,ieee300,mlp,Ar,,macro_fr,clients=2;pool=all,0.0007106461879566847,6.705180111620174e-05,,
federated.localization-ieee300-migrated,federated.localization,ieee300,mlp,Ar,,macro_fr,clients=2;pool=benign,0.00014111750812138387,3.181508125374186e-05,,
federated.localization-ieee300-migrated,federated.localization,ieee300,mlp,Ar,,macro_fr,clients=3;pool=all,0.0006215901122971953,7.071485856135096e-05,,
federated.localization-ieee300-migrated,federated.localization,ieee300,mlp,Ar,,macro_fr,clients=3;pool=benign,7.911133031047279e-05,3.270731489184203e-05,,
federated.localization-ieee300-migrated,federated.localization,ieee300,mlp,As,,macro_auprc,clients=1;pool=all,0.9555953493915968,0.0005856996677529337,,
federated.localization-ieee300-migrated,federated.localization,ieee300,mlp,As,,macro_auprc,clients=1;pool=benign,0.9555953493915968,0.0005856996677529337,,
federated.localization-ieee300-migrated,federated.localization,ieee300,mlp,As,,macro_auprc,clients=2;pool=all,0.9513408442397987,0.002237736587627512,,
federated.localization-ieee300-migrated,federated.localization,ieee300,mlp,As,,macro_auprc,clients=2;pool=benign,0.9513408442397987,0.002237736587627512,,
federated.localization-ieee300-migrated,federated.localization,ieee300,mlp,As,,macro_auprc,clients=3;pool=all,0.9553249331949637,0.002873426855640415,,
federated.localization-ieee300-migrated,federated.localization,ieee300,mlp,As,,macro_auprc,clients=3;pool=benign,0.9553249331949637,0.002873426855640415,,
federated.localization-ieee300-migrated,federated.localization,ieee300,mlp,As,,macro_dr,clients=1;pool=all,0.8758535644205301,0.006166805030284433,,
federated.localization-ieee300-migrated,federated.localization,ieee300,mlp,As,,macro_dr,clients=1;pool=benign,0.8758535644205301,0.006166805030284433,,
federated.localization-ieee300-migrated,federated.localization,ieee300,mlp,As,,macro_dr,clients=2;pool=all,0.8486729302791405,0.00763680423696569,,
federated.localization-ieee300-migrated,federated.localization,ieee300,mlp,As,,macro_dr,clients=2;pool=benign,0.8486729302791405,0.00763680423696569,,
federated.localization-ieee300-migrated,federated.localization,ieee300,mlp,As,,macro_dr,clients=3;pool=all,0.8587205899533749,0.00731625272315462,,
federated.localization-ieee300-migrated,federated.localization,ieee300,mlp,As,,macro_dr,clients=3;pool=benign,0.8587205899533749,0.00731625272315462,,
federated.localization-ieee300-migrated,federated.localization,ieee300,mlp,As,,macro_f1,clients=1;pool=all,0.9113907460270858,0.0024093561815153558,,
federated.localization-ieee300-migrated,federated.localization,ieee300,mlp,As,,macro_f1,clients=1;pool=benign,0.9113907460270858,0.0024093561815153558,,
federated.localization-ieee300-migrated,federated.localization,ieee300,mlp,As,,macro_f1,clients=2;pool=all,0.8910880733232293,0.004166879347543386,,
federated.localization-ieee300-migrated,federated.localization,ieee300,mlp,As,,macro_f1,clients=2;pool=benign,0.8910880733232293,0.004166879347543386,,
federated.localization-ieee300-migrated,federated.localization,ieee300,mlp,As,,macro_f1,clients=3;pool=all,0.895255241497089,0.002801178421895915,,
federated.localization-ieee300-migrated,federated.localization,ieee300,mlp,As,,macro_f1,clients=3;pool=benign,0.895255241497089,0.002801178421895915,,
federated.localization-ieee300-migrated,federated.localization,ieee300,mlp,As,,macro_fr,clients=1;pool=all,8.44125357218623e-05,1.1239304844854011e-05,,
federated.localization-ieee300-migrated,federated.localization,ieee300,mlp,As,,macro_fr,clients=1;pool=benign,3.706116374905031e-05,7.6097104896145465e-06,,
federated.localization-ieee300-migrated,federated.localization,ieee300,mlp,As,,macro_fr,clients=2;pool=all,0.0001742694656753013,2.3144293147858392e-05,,
federated.localization-ieee300-migrated,federated.localization,ieee300,mlp,As,,macro_fr,clients=2;pool=benign,0.00014111750812138387,3.181508125374186e-05,,
federated.localization-ieee300-migrated,federated.localization,ieee300,mlp,As,,macro_fr,clients=3;pool=all,0.00011864488293175379,3.769901350627171e-05,,
federated.localization-ieee300-migrated,federated.localization,ieee300,mlp,As,,macro_fr,clients=3;pool=benign,7.911133031047279e-05,3.270731489184203e-05,,
federated.localization-ieee300-migrated,federated.localization,ieee300,mlp,all,,macro_auprc,clients=1;pool=all,0.882863043442189,0.0009193871135398282,,
federated.localization-ieee300-migrated,federated.localization,ieee300,mlp,all,,macro_auprc,clients=1;pool=benign,0.882863043442189,0.0009193871135398282,,
federated.localization-ieee300-migrated,federated.localization,ieee300,mlp,all,,macro_auprc,clients=2;pool=all,0.8733732381719396,0.0017074051831150567,,
federated.localization-ieee300-migrated,federated.localization,ieee300,mlp,all,,macro_auprc,clients=2;pool=benign,0.8733732381719396,0.0017074051831150567,,
federated.localization-ieee300-migrated,federated.localization,ieee300,mlp,all,,macro_auprc,clients=3;pool=all,0.8774180743620056,0.0015877856221817904,,
federated.localization-ieee300-migrated,federated.localization,ieee300,mlp,all,,macro_auprc,clients=3;pool=benign,0.8774180743620056,0.0015877856221817904,,
federated.localization-ieee300-migrated,federated.localization,ieee300,mlp,all,,macro_dr,clients=1;pool=all,0.7909770231195585,0.02193690874231818,,
federated.localization-ieee300-migrated,federated.localization,ieee300,mlp,all,,macro_dr,clients=1;pool=benign,0.7909770231195585,0.02193690874231818,,
federated.localization-ieee300-migrated,federated.localization,ieee300,mlp,all,,macro_dr,clients=2;pool=all,0.7744490302424826,0.008266268344639593,,
federated.localization-ieee300-migrated,federated.localization,ieee300,mlp,all,,macro_dr,clients=2;pool=benign,0.7744490302424826,0.008266268344639593,,
federated.localization-ieee300-migrated,federated.localization,ieee300,mlp,all,,macro_dr,clients=3;pool=all,0.7762341308969445,0.007928844543349675,,
federated.localization-ieee300-migrated,federated.localization,ieee300,mlp,all,,macro_dr,clients=3;pool=benign,0.7762341308969445,0.007928844543349675,,
federated.localization-ieee300-migrated,federated.localization,ieee300,mlp,all,,macro_f1,clients=1;pool=all,0.8344939410126461,0.004454645407805735,,
federated.localization-ieee300-migrated,federated.localization,ieee300,mlp,all,,macro_f1,clients=1;pool=benign,0.8344939410126461,0.004454645407805735,,
federated.localization-ieee300-migrated,federated.localization,ieee300,mlp,all,,macro_f1,clients=2;pool=all,0.8207393696902233,0.004414094136666794,,
federated.localization-ieee300-migrated,federated.localization,ieee300,mlp,all,,macro_f1,clients=2;pool=benign,0.8207393696902233,0.004414094136666794,,
federated.localization-ieee300-migrated,federated.localization,ieee300,mlp,all,,macro_f1,clients=3;pool=all,0.8219932592545339,0.0013689558772720252,,
federated.localization-ieee300-migrated,federated.localization,ieee300,mlp,all,,macro_f1,clients=3;pool=benign,0.8219932592545339,0.0013689558772720252,,
federated.localization-ieee300-migrated,federated.localization,ieee300,mlp,all,,macro_fr,clients=1;pool=all,0.0006609126241247427,0.00018057909985568795,,
federated.localization-ieee300-migrated,federated.localization,ieee300,mlp,all,,macro_fr,clients=1;pool=benign,3.706116374905031e-05,7.6097104896145465e-06,,
federated.localization-ieee300-migrated,federated.localization,ieee300,mlp,all,,macro_fr,clients=2;pool=all,0.0007121564261261549,5.819620111526384e-05,,
federated.localization-ieee300-migrated,federated.localization,ieee300,mlp,all,,macro_fr,clients=2;pool=benign,0.00014111750812138387,3.181508125374186e-05,,
federated.localization-ieee300-migrated,federated.localization,ieee300,mlp,all,,macro_fr,clients=3;pool=all,0.0006483157275365001,6.67329041676921e-05,,
federated.localization-ieee300-migrated,federated.localization,ieee300,mlp,all,,macro_fr,clients=3;pool=benign,7.911133031047279e-05,3.270731489184203e-05,,
