run_id,experiment,system,method,family,split,metric,tags,value,sd,ci_lo,ci_hi
localization.common-ieee118-migrated,localization.common,ieee118,cnn,Ad,,detection_rate,,1.0,,,
localization.common-ieee118-migrated,localization.common,ieee118,cnn,Ad,,macro_f1,,0.7802190110512578,,,
localization.common-ieee118-migrated,localization.common,ieee118,cnn,Ad,,node_f1,,0.7720812717128118,,,
localization.common-ieee118-migrated,localization.common,ieee118,cnn,Ad,,node_precision,,0.6411960132890365,,,
localization.common-ieee118-migrated,localization.common,ieee118,cnn,Ad,,node_recall,,0.9701058201058201,,,
localization.common-ieee118-migrated,localization.common,ieee118,cnn,Ad,,sample_f1,,0.794441282340442,,,
localization.common-ieee118-migrated,localization.common,ieee118,cnn,Ad,,strict_acc,,0.2074074074074074,,,
localization.common-ieee118-migrated,localization.common,ieee118,cnn,Al,,detection_rate,,0.9969450101832994,,,
localization.common-ieee118-migrated,localization.common,ieee118,cnn,Al,,macro_f1,,0.9339361040902193,,,
localization.common-ieee118-migrated,localization.common,ieee118,cnn,Al,,node_f1,,0.9061684460260973,,,
localization.common-ieee118-migrated,localization.common,ieee118,cnn,Al,,node_precision,,0.8484949461290681,,,
localization.common-ieee118-migrated,localization.common,ieee118,cnn,Al,,node_recall,,0.9722540409825633,,,
localization.common-ieee118-migrated,localization.common,ieee118,cnn,Al,,sample_f1,,0.9034070133125324,,,
localization.common-ieee118-migrated,localization.common,ieee118,cnn,Al,,strict_acc,,0.38289205702647655,,,
localization.common-ieee118-migrated,localization.common,ieee118,cnn,Am,,detection_rate,,0.6657894736842105,,,
localization.common-ieee118-migrated,localization.common,ieee118,cnn,Am,,macro_f1,,0.1746657009640024,,,
localization.common-ieee118-migrated,localization.common,ieee118,cnn,Am,,node_f1,,0.16846183649748156,,,
localization.common-ieee118-migrated,localization.common,ieee118,cnn,Am,,node_precision,,0.24789053591790194,,,
localization.common-ieee118-migrated,localization.common,ieee118,cnn,Am,,node_recall,,0.12758215962441313,,,
localization.common-ieee118-migrated,localization.common,ieee118,cnn,Am,,sample_f1,,0.11430712092563881,,,
localization.common-ieee118-migrated,localization.common,ieee118,cnn,Am,,strict_acc,,0.0008771929824561404,,,
localization.common-ieee118-migrated,localization.common,ieee118,cnn,Aq,,detection_rate,,0.9757383966244726,,,
localization.common-ieee118-migrated,localization.common,ieee118,cnn,Aq,,macro_f1,,0.8090635948891767,,,
localization.common-ieee118-migrated,localization.common,ieee118,cnn,Aq,,node_f1,,0.7127374431884395,,,
localization.common-ieee118-migrated,localization.common,ieee118,cnn,Aq,,node_precision,,0.591603791835945,,,
localization.common-ieee118-migrated,localization.common,ieee118,cnn,Aq,,node_recall,,0.8962485345838218,,,
localization.common-ieee118-migrated,localization.common,ieee118,cnn,Aq,,sample_f1,,0.6940402382982328,,,
localization.common-ieee118-migrated,localization.common,ieee118,cnn,Aq,,strict_acc,,0.14873417721518986,,,
localization.common-ieee118-migrated,localization.common,ieee118,cnn,Ar,,detection_rate,,0.9842931937172775,,,
localization.common-ieee118-migrated,localization.common,ieee118,cnn,Ar,,macro_f1,,0.6572141401951033,,,
localization.common-ieee118-migrated,localization.common,ieee118,cnn,Ar,,node_f1,,0.6345136345136345,,,
localization.common-ieee118-migrated,localization.common,ieee118,cnn,Ar,,node_precision,,0.5189747003994674,,,
localization.common-ieee118-migrated,localization.common,ieee118,cnn,Ar,,node_recall,,0.8162303664921466,,,
localization.common-ieee118-migrated,localization.common,ieee118,cnn,Ar,,sample_f1,,0.6504948923572395,,,
localization.common-ieee118-migrated,localization.common,ieee118,cnn,Ar,,strict_acc,,0.13089005235602094,,,
localization.common-ieee118-migrated,localization.common,ieee118,cnn,As,,detection_rate,,1.0,,,
localization.common-ieee118-migrated,localization.common,ieee118,cnn,As,,macro_f1,,0.7981408191407969,,,
localization.common-ieee118-migrated,localization.common,ieee118,cnn,As,,node_f1,,0.7889966947435759,,,
localization.common-ieee118-migrated,localization.common,ieee118,cnn,As,,node_precision,,0.6655873358517719,,,
localization.common-ieee118-migrated,localization.common,ieee118,cnn,As,,node_recall,,0.9685863874345549,,,
localization.common-ieee118-migrated,localization.common,ieee118,cnn,As,,sample_f1,,0.8119331802577877,,,
localization.common-ieee118-migrated,localization.common,ieee118,cnn,As,,strict_acc,,0.2513089005235602,,,
localization.common-ieee118-migrated,localization.common,ieee118,cnn,At,,detection_rate,,0.7013888888888888,,,
localization.common-ieee118-migrated,localization.common,ieee118,cnn,At,,macro_f1,,0.06739806842811769,,,
localization.common-ieee118-migrated,localization.common,ieee118,cnn,At,,node_f1,,0.07456173926356886,,,
localization.common-ieee118-migrated,localization.common,ieee118,cnn,At,,node_precision,,0.0830632781852294,,,
localization.common-ieee118-migrated,localization.common,ieee118,cnn,At,,node_recall,,0.06763888888888889,,,
localization.common-ieee118-migrated,localization.common,ieee118,cnn,At,,sample_f1,,0.05142470277578048,,,
localization.common-ieee118-migrated,localization.common,ieee118,cnn,At,,strict_acc,,0.0,,,
localization.common-ieee118-migrated,localization.common,ieee118,cnn,all,,macro_dr,,0.735129923495106,,,
localization.common-ieee118-migrated,localization.common,ieee118,cnn,all,,macro_f1,,0.49617901317050667,,,
localization.common-ieee118-migrated,localization.common,ieee118,cnn,all,,macro_fr,,0.011804396605876611,,,
localization.common-ieee118-migrated,localization.common,ieee118,cnn,all,,node_f1,,0.5152671323604334,,,
localization.common-ieee118-migrated,localization.common,ieee118,cnn,benign,,bus_alarm_rate,,0.009903688677811733,,,
localization.common-ieee118-migrated,localization.common,ieee118,cnn,benign,,false_alarm_rate,,0.4216593140742849,,,
localization.common-ieee118-migrated,localization.common,ieee118,cnn+jac,Ad,,detection_rate,,1.0,,,
localization.common-ieee118-migrated,localization.common,ieee118,cnn+jac,Ad,,macro_f1,,0.7132457494785753,,,
localization.common-ieee118-migrated,localization.common,ieee118,cnn+jac,Ad,,node_f1,,0.5583327152710821,,,
localization.common-ieee118-migrated,localization.common,ieee118,cnn+jac,Ad,,node_precision,,0.38792126146552613,,,
localization.common-ieee118-migrated,localization.common,ieee118,cnn+jac,Ad,,node_recall,,0.9957671957671957,,,
localization.common-ieee118-migrated,localization.common,ieee118,cnn+jac,Ad,,sample_f1,,0.5982761742793034,,,
localization.common-ieee118-migrated,localization.common,ieee118,cnn+jac,Ad,,strict_acc,,0.016931216931216932,,,
localization.common-ieee118-migrated,localization.common,ieee118,cnn+jac,Al,,detection_rate,,0.9979633401221996,,,
localization.common-ieee118-migrated,localization.common,ieee118,cnn+jac,Al,,macro_f1,,0.9363543485207964,,,
localization.common-ieee118-migrated,localization.common,ieee118,cnn+jac,Al,,node_f1,,0.798596564725597,,,
localization.common-ieee118-migrated,localization.common,ieee118,cnn+jac,Al,,node_precision,,0.678441142450396,,,
localization.common-ieee118-migrated,localization.common,ieee118,cnn+jac,Al,,node_recall,,0.9704721904034619,,,
localization.common-ieee118-migrated,localization.common,ieee118,cnn+jac,Al,,sample_f1,,0.8031053314322117,,,
localization.common-ieee118-migrated,localization.common,ieee118,cnn+jac,Al,,strict_acc,,0.07637474541751528,,,
localization.common-ieee118-migrated,localization.common,ieee118,cnn+jac,Am,,detection_rate,,0.6850877192982456,,,
localization.common-ieee118-migrated,localization.common,ieee118,cnn+jac,Am,,macro_f1,,0.1660527323428584,,,
localization.common-ieee118-migrated,localization.common,ieee118,cnn+jac,Am,,node_f1,,0.15173019240617455,,,
localization.common-ieee118-migrated,localization.common,ieee118,cnn+jac,Am,,node_precision,,0.20139832977277142,,,
localization.common-ieee118-migrated,localization.common,ieee118,cnn+jac,Am,,node_recall,,0.12171361502347418,,,
localization.common-ieee118-migrated,localization.common,ieee118,cnn+jac,Am,,sample_f1,,0.10273802222123997,,,
localization.common-ieee118-migrated,localization.common,ieee118,cnn+jac,Am,,strict_acc,,0.0,,,
localization.common-ieee118-migrated,localization.common,ieee118,cnn+jac,Aq,,detection_rate,,0.9810126582278481,,,
localization.common-ieee118-migrated,localization.common,ieee118,cnn+jac,Aq,,macro_f1,,0.849293750545673,,,
localization.common-ieee118-migrated,localization.common,ieee118,cnn+jac,Aq,,node_f1,,0.6400828586224754,,,
localization.common-ieee118-migrated,localization.common,ieee118,cnn+jac,Aq,,node_precision,,0.49495434887073525,,,
localization.common-ieee118-migrated,localization.common,ieee118,cnn+jac,Aq,,node_recall,,0.9056271981242673,,,
localization.common-ieee118-migrated,localization.common,ieee118,cnn+jac,Aq,,sample_f1,,0.6554194273883253,,,
localization.common-ieee118-migrated,localization.common,ieee118,cnn+jac,Aq,,strict_acc,,0.12974683544303797,,,
localization.common-ieee118-migrated,localization.common,ieee118,cnn+jac,Ar,,detection_rate,,0.9989528795811519,,,
localization.common-ieee118-migrated,localization.common,ieee118,cnn+jac,Ar,,macro_f1,,0.5275052298100181,,,
localization.common-ieee118-migrated,localization.common,ieee118,cnn+jac,Ar,,node_f1,,0.24885337039610841,,,
localization.common-ieee118-migrated,localization.common,ieee118,cnn+jac,Ar,,node_precision,,0.14346955128205127,,,
localization.common-ieee118-migrated,localization.common,ieee118,cnn+jac,Ar,,node_recall,,0.937434554973822,,,
localization.common-ieee118-migrated,localization.common,ieee118,cnn+jac,Ar,,sample_f1,,0.3133364288543871,,,
localization.common-ieee118-migrated,localization.common,ieee118,cnn+jac,Ar,,strict_acc,,0.0020942408376963353,,,
localization.common-ieee118-migrated,localization.common,ieee118,cnn+jac,As,,detection_rate,,1.0,,,
localization.common-ieee118-migrated,localization.common,ieee118,cnn+jac,As,,macro_f1,,0.6892448150968327,,,
localization.common-ieee118-migrated,localization.common,ieee118,cnn+jac,As,,node_f1,,0.5286968739023533,,,
localization.common-ieee118-migrated,localization.common,ieee118,cnn+jac,As,,node_precision,,0.3613058089294287,,,
localization.common-ieee118-migrated,localization.common,ieee118,cnn+jac,As,,node_recall,,0.9850785340314137,,,
localization.common-ieee118-migrated,localization.common,ieee118,cnn+jac,As,,sample_f1,,0.5714747983442715,,,
localization.common-ieee118-migrated,localization.common,ieee118,cnn+jac,As,,strict_acc,,0.008376963350785341,,,
localization.common-ieee118-migrated,localization.common,ieee118,cnn+jac,At,,detection_rate,,0.8347222222222223,,,
localization.common-ieee118-migrated,localization.common,ieee118,cnn+jac,At,,macro_f1,,0.13071568930183936,,,
localization.common-ieee118-migrated,localization.common,ieee118,cnn+jac,At,,node_f1,,0.13062301570939677,,,
localization.common-ieee118-migrated,localization.common,ieee118,cnn+jac,At,,node_precision,,0.09288688207353545,,,
localization.common-ieee118-migrated,localization.common,ieee118,cnn+jac,At,,node_recall,,0.22,,,
localization.common-ieee118-migrated,localization.common,ieee118,cnn+jac,At,,sample_f1,,0.09188570256746795,,,
localization.common-ieee118-migrated,localization.common,ieee118,cnn+jac,At,,strict_acc,,0.0,,,
localization.common-ieee118-migrated,localization.common,ieee118,cnn+jac,all,,macro_dr,,0.7897339732156943,,,
localization.common-ieee118-migrated,localization.common,ieee118,cnn+jac,all,,macro_f1,,0.3595088635099577,,,
localization.common-ieee118-migrated,localization.common,ieee118,cnn+jac,all,,macro_fr,,0.011607465001516517,,,
localization.common-ieee118-migrated,localization.common,ieee118,cnn+jac,all,,node_f1,,0.37249135211739787,,,
localization.common-ieee118-migrated,localization.common,ieee118,cnn+jac,benign,,bus_alarm_rate,,0.009738466399577417,,,
localization.common-ieee118-migrated,localization.common,ieee118,cnn+jac,benign,,false_alarm_rate,,0.35263981784545323,,,
localization.common-ieee118-migrated,localization.common,ieee118,cnn+prev,Ad,,detection_rate,,1.0,,,
localization.common-ieee118-migrated,localization.common,ieee118,cnn+prev,Ad,,macro_f1,,0.8292682647676541,,,
localization.common-ieee118-migrated,localization.common,ieee118,cnn+prev,Ad,,node_f1,,0.8028077753779697,,,
localization.common-ieee118-migrated,localization.common,ieee118,cnn+prev,Ad,,node_precision,,0.6782846715328467,,,
localization.common-ieee118-migrated,localization.common,ieee118,cnn+prev,Ad,,node_recall,,0.9833333333333333,,,
localization.common-ieee118-migrated,localization.common,ieee118,cnn+prev,Ad,,sample_f1,,0.8245366014833803,,,
localization.common-ieee118-migrated,localization.common,ieee118,cnn+prev,Ad,,strict_acc,,0.23174603174603176,,,
localization.common-ieee118-migrated,localization.common,ieee118,cnn+prev,Al,,detection_rate,,1.0,,,
localization.common-ieee118-migrated,localization.common,ieee118,cnn+prev,Al,,macro_f1,,0.9622052619411277,,,
localization.common-ieee118-migrated,localization.common,ieee118,cnn+prev,Al,,node_f1,,0.9148345010872191,,,
localization.common-ieee118-migrated,localization.common,ieee118,cnn+prev,Al,,node_precision,,0.8705598344637314,,,
localization.common-ieee118-migrated,localization.common,ieee118,cnn+prev,Al,,node_recall,,0.9638538882525137,,,
localization.common-ieee118-migrated,localization.common,ieee118,cnn+prev,Al,,sample_f1,,0.9105650165426674,,,
localization.common-ieee118-migrated,localization.common,ieee118,cnn+prev,Al,,strict_acc,,0.37474541751527496,,,
localization.common-ieee118-migrated,localization.common,ieee118,cnn+prev,Am,,detection_rate,,0.793859649122807,,,
localization.common-ieee118-migrated,localization.common,ieee118,cnn+prev,Am,,macro_f1,,0.23111681696412303,,,
localization.common-ieee118-migrated,localization.common,ieee118,cnn+prev,Am,,node_f1,,0.19686907020872865,,,
localization.common-ieee118-migrated,localization.common,ieee118,cnn+prev,Am,,node_precision,,0.19894534995206137,,,
localization.common-ieee118-migrated,localization.common,ieee118,cnn+prev,Am,,node_recall,,0.19483568075117372,,,
localization.common-ieee118-migrated,localization.common,ieee118,cnn+prev,Am,,sample_f1,,0.15250718808521815,,,
localization.common-ieee118-migrated,localization.common,ieee118,cnn+prev,Am,,strict_acc,,0.002631578947368421,,,
localization.common-ieee118-migrated,localization.common,ieee118,cnn+prev,Aq,,detection_rate,,0.9926160337552743,,,
localization.common-ieee118-migrated,localization.common,ieee118,cnn+prev,Aq,,macro_f1,,0.8873102170474277,,,
localization.common-ieee118-migrated,localization.common,ieee118,cnn+prev,Aq,,node_f1,,0.7821428571428573,,,
localization.common-ieee118-migrated,localization.common,ieee118,cnn+prev,Aq,,node_precision,,0.6585805934242182,,,
localization.common-ieee118-migrated,localization.common,ieee118,cnn+prev,Aq,,node_recall,,0.962778429073857,,,
localization.common-ieee118-migrated,localization.common,ieee118,cnn+prev,Aq,,sample_f1,,0.7862064615981124,,,
localization.common-ieee118-migrated,localization.common,ieee118,cnn+prev,Aq,,strict_acc,,0.22046413502109705,,,
localization.common-ieee118-migrated,localization.common,ieee118,cnn+prev,Ar,,detection_rate,,0.993717277486911,,,
localization.common-ieee118-migrated,localization.common,ieee118,cnn+prev,Ar,,macro_f1,,0.723789369789736,,,
localization.common-ieee118-migrated,localization.common,ieee118,cnn+prev,Ar,,node_f1,,0.689840723202755,,,
localization.common-ieee118-migrated,localization.common,ieee118,cnn+prev,Ar,,node_precision,,0.5857090643274854,,,
localization.common-ieee118-migrated,localization.common,ieee118,cnn+prev,Ar,,node_recall,,0.8390052356020943,,,
localization.common-ieee118-migrated,localization.common,ieee118,cnn+prev,Ar,,sample_f1,,0.706885047163766,,,
localization.common-ieee118-migrated,localization.common,ieee118,cnn+prev,Ar,,strict_acc,,0.13926701570680627,,,
localization.common-ieee118-migrated,localization.common,ieee118,cnn+prev,As,,detection_rate,,1.0,,,
localization.common-ieee118-migrated,localization.common,ieee118,cnn+prev,As,,macro_f1,,0.8259083207089417,,,
localization.common-ieee118-migrated,localization.common,ieee118,cnn+prev,As,,node_f1,,0.8027299317517061,,,
localization.common-ieee118-migrated,localization.common,ieee118,cnn+prev,As,,node_precision,,0.6847163186102384,,,
localization.common-ieee118-migrated,localization.common,ieee118,cnn+prev,As,,node_recall,,0.9698952879581152,,,
localization.common-ieee118-migrated,localization.common,ieee118,cnn+prev,As,,sample_f1,,0.8222957089449237,,,
localization.common-ieee118-migrated,localization.common,ieee118,cnn+prev,As,,strict_acc,,0.2324607329842932,,,
localization.common-ieee118-migrated,localization.common,ieee118,cnn+prev,At,,detection_rate,,0.7805555555555556,,,
localization.common-ieee118-migrated,localization.common,ieee118,cnn+prev,At,,macro_f1,,0.1003300526911913,,,
localization.common-ieee118-migrated,localization.common,ieee118,cnn+prev,At,,node_f1,,0.10437710437710439,,,
localization.common-ieee118-migrated,localization.common,ieee118,cnn+prev,At,,node_precision,,0.08757062146892655,,,
localization.common-ieee118-migrated,localization.common,ieee118,cnn+prev,At,,node_recall,,0.12916666666666668,,,
localization.common-ieee118-migrated,localization.common,ieee118,cnn+prev,At,,sample_f1,,0.07621657704446996,,,
localization.common-ieee118-migrated,localization.common,ieee118,cnn+prev,At,,strict_acc,,0.0,,,
localization.common-ieee118-migrated,localization.common,ieee118,cnn+prev,all,,macro_dr,,0.7599228432588988,,,
localization.common-ieee118-migrated,localization.common,ieee118,cnn+prev,all,,macro_f1,,0.48125928967461196,,,
localization.common-ieee118-migrated,localization.common,ieee118,cnn+prev,all,,macro_fr,,0.012300319259192179,,,
localization.common-ieee118-migrated,localization.common,ieee118,cnn+prev,all,,node_f1,,0.5016670139612419,,,
localization.common-ieee118-migrated,localization.common,ieee118,cnn+prev,benign,,bus_alarm_rate,,0.010319759378474793,,,
localization.common-ieee118-migrated,localization.common,ieee118,cnn+prev,benign,,false_alarm_rate,,0.38921303543475166,,,
localization.common-ieee118-migrated,localization.common,ieee118,cnn+prev+jac,Ad,,detection_rate,,1.0,,,
localization.common-ieee118-migrated,localization.common,ieee118,cnn+prev+jac,Ad,,macro_f1,,0.7704140962329815,,,
localization.common-ieee118-migrated,localization.common,ieee118,cnn+prev+jac,Ad,,node_f1,,0.6814882032667876,,,
localization.common-ieee118-migrated,localization.common,ieee118,cnn+prev+jac,Ad,,node_precision,,0.518646408839779,,,
localization.common-ieee118-migrated,localization.common,ieee118,cnn+prev+jac,Ad,,node_recall,,0.9933862433862434,,,
localization.common-ieee118-migrated,localization.common,ieee118,cnn+prev+jac,Ad,,sample_f1,,0.7223285338714045,,,
localization.common-ieee118-migrated,localization.common,ieee118,cnn+prev+jac,Ad,,strict_acc,,0.06349206349206349,,,
localization.common-ieee118-migrated,localization.common,ieee118,cnn+prev+jac,Al,,detection_rate,,0.9979633401221996,,,
localization.common-ieee118-migrated,localization.common,ieee118,cnn+prev+jac,Al,,macro_f1,,0.9600246290157634,,,
localization.common-ieee118-migrated,localization.common,ieee118,cnn+prev+jac,Al,,node_f1,,0.877754127595927,,,
localization.common-ieee118-migrated,localization.common,ieee118,cnn+prev+jac,Al,,node_precision,,0.8008608020155364,,,
localization.common-ieee118-migrated,localization.common,ieee118,cnn+prev+jac,Al,,node_recall,,0.9709812905689195,,,
localization.common-ieee118-migrated,localization.common,ieee118,cnn+prev+jac,Al,,sample_f1,,0.8743863588347023,,,
localization.common-ieee118-migrated,localization.common,ieee118,cnn+prev+jac,Al,,strict_acc,,0.32382892057026474,,,
localization.common-ieee118-migrated,localization.common,ieee118,cnn+prev+jac,Am,,detection_rate,,0.793859649122807,,,
localization.common-ieee118-migrated,localization.common,ieee118,cnn+prev+jac,Am,,macro_f1,,0.23695279527887028,,,
localization.common-ieee118-migrated,localization.common,ieee118,cnn+prev+jac,Am,,node_f1,,0.20540355286456846,,,
localization.common-ieee118-migrated,localization.common,ieee118,cnn+prev+jac,Am,,node_precision,,0.20006676310225882,,,
localization.common-ieee118-migrated,localization.common,ieee118,cnn+prev+jac,Am,,node_recall,,0.21103286384976525,,,
localization.common-ieee118-migrated,localization.common,ieee118,cnn+prev+jac,Am,,sample_f1,,0.15932781479005031,,,
localization.common-ieee118-migrated,localization.common,ieee118,cnn+prev+jac,Am,,strict_acc,,0.0035087719298245615,,,
localization.common-ieee118-migrated,localization.common,ieee118,cnn+prev+jac,Aq,,detection_rate,,0.9883966244725738,,,
localization.common-ieee118-migrated,localization.common,ieee118,cnn+prev+jac,Aq,,macro_f1,,0.9179663029789181,,,
localization.common-ieee118-migrated,localization.common,ieee118,cnn+prev+jac,Aq,,node_f1,,0.7269666704073616,,,
localization.common-ieee118-migrated,localization.common,ieee118,cnn+prev+jac,Aq,,node_precision,,0.5890161847608656,,,
localization.common-ieee118-migrated,localization.common,ieee118,cnn+prev+jac,Aq,,node_recall,,0.9492966002344666,,,
localization.common-ieee118-migrated,localization.common,ieee118,cnn+prev+jac,Aq,,sample_f1,,0.7331596231437301,,,
localization.common-ieee118-migrated,localization.common,ieee118,cnn+prev+jac,Aq,,strict_acc,,0.19198312236286919,,,
localization.common-ieee118-migrated,localization.common,ieee118,cnn+prev+jac,Ar,,detection_rate,,1.0,,,
localization.common-ieee118-migrated,localization.common,ieee118,cnn+prev+jac,Ar,,macro_f1,,0.5708959336479473,,,
localization.common-ieee118-migrated,localization.common,ieee118,cnn+prev+jac,Ar,,node_f1,,0.30109164762630114,,,
localization.common-ieee118-migrated,localization.common,ieee118,cnn+prev+jac,Ar,,node_precision,,0.1795700010093873,,,
localization.common-ieee118-migrated,localization.common,ieee118,cnn+prev+jac,Ar,,node_recall,,0.9314136125654451,,,
localization.common-ieee118-migrated,localization.common,ieee118,cnn+prev+jac,Ar,,sample_f1,,0.3845381115154566,,,
localization.common-ieee118-migrated,localization.common,ieee118,cnn+prev+jac,Ar,,strict_acc,,0.010471204188481676,,,
localization.common-ieee118-migrated,localization.common,ieee118,cnn+prev+jac,As,,detection_rate,,1.0,,,
localization.common-ieee118-migrated,localization.common,ieee118,cnn+prev+jac,As,,macro_f1,,0.7483096571030374,,,
localization.common-ieee118-migrated,localization.common,ieee118,cnn+prev+jac,As,,node_f1,,0.6485460350332212,,,
localization.common-ieee118-migrated,localization.common,ieee118,cnn+prev+jac,As,,node_precision,,0.4837173381387566,,,
localization.common-ieee118-migrated,localization.common,ieee118,cnn+prev+jac,As,,node_recall,,0.9837696335078534,,,
localization.common-ieee118-migrated,localization.common,ieee118,cnn+prev+jac,As,,sample_f1,,0.6933400275086439,,,
localization.common-ieee118-migrated,localization.common,ieee118,cnn+prev+jac,As,,strict_acc,,0.05340314136125655,,,
localization.common-ieee118-migrated,localization.common,ieee118,cnn+prev+jac,At,,detection_rate,,0.8798611111111111,,,
localization.common-ieee118-migrated,localization.common,ieee118,cnn+prev+jac,At,,macro_f1,,0.1367512251017878,,,
localization.common-ieee118-migrated,localization.common,ieee118,cnn+prev+jac,At,,node_f1,,0.1274461321087955,,,
localization.common-ieee118-migrated,localization.common,ieee118,cnn+prev+jac,At,,node_precision,,0.08545712932259593,,,
localization.common-ieee118-migrated,localization.common,ieee118,cnn+prev+jac,At,,node_recall,,0.25055555555555553,,,
localization.common-ieee118-migrated,localization.common,ieee118,cnn+prev+jac,At,,sample_f1,,0.10237396156107352,,,
localization.common-ieee118-migrated,localization.common,ieee118,cnn+prev+jac,At,,strict_acc,,0.0,,,
localization.common-ieee118-migrated,localization.common,ieee118,cnn+prev+jac,all,,macro_dr,,0.8026137562848329,,,
localization.common-ieee118-migrated,localization.common,ieee118,cnn+prev+jac,all,,macro_f1,,0.36666305238394264,,,
localization.common-ieee118-migrated,localization.common,ieee118,cnn+prev+jac,all,,macro_fr,,0.012421065644347272,,,
localization.common-ieee118-migrated,localization.common,ieee118,cnn+prev+jac,all,,node_f1,,0.40223630851608333,,,
localization.common-ieee118-migrated,localization.common,ieee118,cnn+prev+jac,benign,,bus_alarm_rate,,0.010421063549071017,,,
localization.common-ieee118-migrated,localization.common,ieee118,cnn+prev+jac,benign,,false_alarm_rate,,0.32773587590721504,,,
localization.common-ieee118-migrated,localization.common,ieee118,delta,Ad,,detection_rate,,1.0,,,
localization.common-ieee118-migrated,localization.common,ieee118,delta,Ad,,macro_f1,,0.7703209017042185,,,
localization.common-ieee118-migrated,localization.common,ieee118,delta,Ad,,node_f1,,0.7635530669381522,,,
localization.common-ieee118-migrated,localization.common,ieee118,delta,Ad,,node_precision,,0.7356547327121138,,,
localization.common-ieee118-migrated,localization.common,ieee118,delta,Ad,,node_recall,,0.7936507936507936,,,
localization.common-ieee118-migrated,localization.common,ieee118,delta,Ad,,sample_f1,,0.7767054315467012,,,
localization.common-ieee118-migrated,localization.common,ieee118,delta,Ad,,strict_acc,,0.24656084656084656,,,
localization.common-ieee118-migrated,localization.common,ieee118,delta,Al,,detection_rate,,0.6507128309572301,,,
localization.common-ieee118-migrated,localization.common,ieee118,delta,Al,,macro_f1,,0.2611047217732283,,,
localization.common-ieee118-migrated,localization.common,ieee118,delta,Al,,node_f1,,0.16584802080323607,,,
localization.common-ieee118-migrated,localization.common,ieee118,delta,Al,,node_precision,,0.34085510688836107,,,
localization.common-ieee118-migrated,localization.common,ieee118,delta,Al,,node_recall,,0.10958381061473844,,,
localization.common-ieee118-migrated,localization.common,ieee118,delta,Al,,sample_f1,,0.11553155077190252,,,
localization.common-ieee118-migrated,localization.common,ieee118,delta,Al,,strict_acc,,0.0,,,
localization.common-ieee118-migrated,localization.common,ieee118,delta,Am,,detection_rate,,0.14736842105263157,,,
localization.common-ieee118-migrated,localization.common,ieee118,delta,Am,,macro_f1,,0.000389273729521346,,,
localization.common-ieee118-migrated,localization.common,ieee118,delta,Am,,node_f1,,0.00045940048237050644,,,
localization.common-ieee118-migrated,localization.common,ieee118,delta,Am,,node_precision,,0.0106951871657754,,,
localization.common-ieee118-migrated,localization.common,ieee118,delta,Am,,node_recall,,0.00023474178403755868,,,
localization.common-ieee118-migrated,localization.common,ieee118,delta,Am,,sample_f1,,0.0002944423997055576,,,
localization.common-ieee118-migrated,localization.common,ieee118,delta,Am,,strict_acc,,0.0,,,
localization.common-ieee118-migrated,localization.common,ieee118,delta,Aq,,detection_rate,,0.8639240506329114,,,
localization.common-ieee118-migrated,localization.common,ieee118,delta,Aq,,macro_f1,,0.4434264083108862,,,
localization.common-ieee118-migrated,localization.common,ieee118,delta,Aq,,node_f1,,0.3772831926323868,,,
localization.common-ieee118-migrated,localization.common,ieee118,delta,Aq,,node_precision,,0.3960683209796971,,,
localization.common-ieee118-migrated,localization.common,ieee118,delta,Aq,,node_recall,,0.3601992966002345,,,
localization.common-ieee118-migrated,localization.common,ieee118,delta,Aq,,sample_f1,,0.33633207021591743,,,
localization.common-ieee118-migrated,localization.common,ieee118,delta,Aq,,strict_acc,,0.020042194092827006,,,
localization.common-ieee118-migrated,localization.common,ieee118,delta,Ar,,detection_rate,,0.9204188481675393,,,
localization.common-ieee118-migrated,localization.common,ieee118,delta,Ar,,macro_f1,,0.5891599494148513,,,
localization.common-ieee118-migrated,localization.common,ieee118,delta,Ar,,node_f1,,0.5992206667628808,,,
localization.common-ieee118-migrated,localization.common,ieee118,delta,Ar,,node_precision,,0.6677388227725957,,,
localization.common-ieee118-migrated,localization.common,ieee118,delta,Ar,,node_recall,,0.543455497382199,,,
localization.common-ieee118-migrated,localization.common,ieee118,delta,Ar,,sample_f1,,0.5626044125189895,,,
localization.common-ieee118-migrated,localization.common,ieee118,delta,Ar,,strict_acc,,0.13612565445026178,,,
localization.common-ieee118-migrated,localization.common,ieee118,delta,As,,detection_rate,,0.9916230366492147,,,
localization.common-ieee118-migrated,localization.common,ieee118,delta,As,,macro_f1,,0.717378692869315,,,
localization.common-ieee118-migrated,localization.common,ieee118,delta,As,,node_f1,,0.7157100511991378,,,
localization.common-ieee118-migrated,localization.common,ieee118,delta,As,,node_precision,,0.7373681288173237,,,
localization.common-ieee118-migrated,localization.common,ieee118,delta,As,,node_recall,,0.6952879581151833,,,
localization.common-ieee118-migrated,localization.common,ieee118,delta,As,,sample_f1,,0.7169857360026424,,,
localization.common-ieee118-migrated,localization.common,ieee118,delta,As,,strict_acc,,0.14345549738219895,,,
localization.common-ieee118-migrated,localization.common,ieee118,delta,At,,detection_rate,,0.1527777777777778,,,
localization.common-ieee118-migrated,localization.common,ieee118,delta,At,,macro_f1,,0.0,,,
localization.common-ieee118-migrated,localization.common,ieee118,delta,At,,node_f1,,0.0,,,
localization.common-ieee118-migrated,localization.common,ieee118,delta,At,,node_precision,,0.0,,,
localization.common-ieee118-migrated,localization.common,ieee118,delta,At,,node_recall,,0.0,,,
localization.common-ieee118-migrated,localization.common,ieee118,delta,At,,sample_f1,,0.0,,,
localization.common-ieee118-migrated,localization.common,ieee118,delta,At,,strict_acc,,0.0,,,
localization.common-ieee118-migrated,localization.common,ieee118,delta,all,,macro_dr,,0.49818659260020215,,,
localization.common-ieee118-migrated,localization.common,ieee118,delta,all,,macro_f1,,0.4128456180258818,,,
localization.common-ieee118-migrated,localization.common,ieee118,delta,all,,macro_fr,,0.009458466837149062,,,
localization.common-ieee118-migrated,localization.common,ieee118,delta,all,,node_f1,,0.3112307936005069,,,
localization.common-ieee118-migrated,localization.common,ieee118,delta,benign,,bus_alarm_rate,,0.009488823979179582,,,
localization.common-ieee118-migrated,localization.common,ieee118,delta,benign,,false_alarm_rate,,0.4182439163227551,,,
localization.common-ieee118-migrated,localization.common,ieee118,mlp,Ad,,detection_rate,,1.0,,,
localization.common-ieee118-migrated,localization.common,ieee118,mlp,Ad,,macro_f1,,0.8621575815529874,,,
localization.common-ieee118-migrated,localization.common,ieee118,mlp,Ad,,node_f1,,0.8629294755877034,,,
localization.common-ieee118-migrated,localization.common,ieee118,mlp,Ad,,node_precision,,0.7926910299003322,,,
localization.common-ieee118-migrated,localization.common,ieee118,mlp,Ad,,node_recall,,0.9468253968253968,,,
localization.common-ieee118-migrated,localization.common,ieee118,mlp,Ad,,sample_f1,,0.87741807868792,,,
localization.common-ieee118-migrated,localization.common,ieee118,mlp,Ad,,strict_acc,,0.4306878306878307,,,
localization.common-ieee118-migrated,localization.common,ieee118,mlp,Al,,detection_rate,,0.9989816700610998,,,
localization.common-ieee118-migrated,localization.common,ieee118,mlp,Al,,macro_f1,,0.855088107875038,,,
localization.common-ieee118-migrated,localization.common,ieee118,mlp,Al,,node_f1,,0.8304458304458303,,,
localization.common-ieee118-migrated,localization.common,ieee118,mlp,Al,,node_precision,,0.7601226345279628,,,
localization.common-ieee118-migrated,localization.common,ieee118,mlp,Al,,node_recall,,0.9151075474099529,,,
localization.common-ieee118-migrated,localization.common,ieee118,mlp,Al,,sample_f1,,0.8265167339211222,,,
localization.common-ieee118-migrated,localization.common,ieee118,mlp,Al,,strict_acc,,0.06415478615071284,,,
localization.common-ieee118-migrated,localization.common,ieee118,mlp,Am,,detection_rate,,0.9649122807017544,,,
localization.common-ieee118-migrated,localization.common,ieee118,mlp,Am,,macro_f1,,0.4537519923741137,,,
localization.common-ieee118-migrated,localization.common,ieee118,mlp,Am,,node_f1,,0.6765273311897105,,,
localization.common-ieee118-migrated,localization.common,ieee118,mlp,Am,,node_precision,,0.8646575342465753,,,
localization.common-ieee118-migrated,localization.common,ieee118,mlp,Am,,node_recall,,0.5556338028169014,,,
localization.common-ieee118-migrated,localization.common,ieee118,mlp,Am,,sample_f1,,0.6092391527355681,,,
localization.common-ieee118-migrated,localization.common,ieee118,mlp,Am,,strict_acc,,0.0,,,
localization.common-ieee118-migrated,localization.common,ieee118,mlp,Aq,,detection_rate,,0.9936708860759493,,,
localization.common-ieee118-migrated,localization.common,ieee118,mlp,Aq,,macro_f1,,0.7683963460480966,,,
localization.common-ieee118-migrated,localization.common,ieee118,mlp,Aq,,node_f1,,0.6873058382431708,,,
localization.common-ieee118-migrated,localization.common,ieee118,mlp,Aq,,node_precision,,0.5416174236029039,,,
localization.common-ieee118-migrated,localization.common,ieee118,mlp,Aq,,node_recall,,0.94021101992966,,,
localization.common-ieee118-migrated,localization.common,ieee118,mlp,Aq,,sample_f1,,0.7008114382293851,,,
localization.common-ieee118-migrated,localization.common,ieee118,mlp,Aq,,strict_acc,,0.11814345991561181,,,
localization.common-ieee118-migrated,localization.common,ieee118,mlp,Ar,,detection_rate,,0.9832460732984293,,,
localization.common-ieee118-migrated,localization.common,ieee118,mlp,Ar,,macro_f1,,0.7496283712929691,,,
localization.common-ieee118-migrated,localization.common,ieee118,mlp,Ar,,node_f1,,0.7567355479989537,,,
localization.common-ieee118-migrated,localization.common,ieee118,mlp,Ar,,node_precision,,0.7561421850496602,,,
localization.common-ieee118-migrated,localization.common,ieee118,mlp,Ar,,node_recall,,0.7573298429319372,,,
localization.common-ieee118-migrated,localization.common,ieee118,mlp,Ar,,sample_f1,,0.746719702635933,,,
localization.common-ieee118-migrated,localization.common,ieee118,mlp,Ar,,strict_acc,,0.23350785340314137,,,
localization.common-ieee118-migrated,localization.common,ieee118,mlp,As,,detection_rate,,1.0,,,
localization.common-ieee118-migrated,localization.common,ieee118,mlp,As,,macro_f1,,0.8627060285641017,,,
localization.common-ieee118-migrated,localization.common,ieee118,mlp,As,,node_f1,,0.8628984476833748,,,
localization.common-ieee118-migrated,localization.common,ieee118,mlp,As,,node_precision,,0.7882658584109115,,,
localization.common-ieee118-migrated,localization.common,ieee118,mlp,As,,node_recall,,0.9531413612565445,,,
localization.common-ieee118-migrated,localization.common,ieee118,mlp,As,,sample_f1,,0.8779026499968909,,,
localization.common-ieee118-migrated,localization.common,ieee118,mlp,As,,strict_acc,,0.4387434554973822,,,
localization.common-ieee118-migrated,localization.common,ieee118,mlp,At,,detection_rate,,0.37777777777777777,,,
localization.common-ieee118-migrated,localization.common,ieee118,mlp,At,,macro_f1,,0.06833208152877261,,,
localization.common-ieee118-migrated,localization.common,ieee118,mlp,At,,node_f1,,0.10572687224669604,,,
localization.common-ieee118-migrated,localization.common,ieee118,mlp,At,,node_precision,,0.5637583892617449,,,
localization.common-ieee118-migrated,localization.common,ieee118,mlp,At,,node_recall,,0.058333333333333334,,,
localization.common-ieee118-migrated,localization.common,ieee118,mlp,At,,sample_f1,,0.08935460758377424,,,
localization.common-ieee118-migrated,localization.common,ieee118,mlp,At,,strict_acc,,0.0,,,
localization.common-ieee118-migrated,localization.common,ieee118,mlp,all,,macro_dr,,0.737344995265584,,,
localization.common-ieee118-migrated,localization.common,ieee118,mlp,all,,macro_f1,,0.5962319484467032,,,
localization.common-ieee118-migrated,localization.common,ieee118,mlp,all,,macro_fr,,0.01019013243291029,,,
localization.common-ieee118-migrated,localization.common,ieee118,mlp,all,,node_f1,,0.6411441418935798,,,
localization.common-ieee118-migrated,localization.common,ieee118,mlp,benign,,bus_alarm_rate,,0.008549348397102701,,,
localization.common-ieee118-migrated,localization.common,ieee118,mlp,benign,,false_alarm_rate,,0.4381670698733457,,,
localization.common-ieee118-migrated,localization.common,ieee118,residual,Ad,,detection_rate,,1.0,,,
localization.common-ieee118-migrated,localization.common,ieee118,residual,Ad,,macro_f1,,0.3239809344925428,,,
localization.common-ieee118-migrated,localization.common,ieee118,residual,Ad,,node_f1,,0.26071601689633683,,,
localization.common-ieee118-migrated,localization.common,ieee118,residual,Ad,,node_precision,,0.1499880487610549,,,
localization.common-ieee118-migrated,localization.common,ieee118,residual,Ad,,node_recall,,0.996031746031746,,,
localization.common-ieee118-migrated,localization.common,ieee118,residual,Ad,,sample_f1,,0.2734840330983227,,,
localization.common-ieee118-migrated,localization.common,ieee118,residual,Ad,,strict_acc,,0.0,,,
localization.common-ieee118-migrated,localization.common,ieee118,residual,Al,,detection_rate,,0.5,,,
localization.common-ieee118-migrated,localization.common,ieee118,residual,Al,,macro_f1,,0.007996460117138057,,,
localization.common-ieee118-migrated,localization.common,ieee118,residual,Al,,node_f1,,0.010308097583323789,,,
localization.common-ieee118-migrated,localization.common,ieee118,residual,Al,,node_precision,,0.05148741418764302,,,
localization.common-ieee118-migrated,localization.common,ieee118,residual,Al,,node_recall,,0.0057273768613974796,,,
localization.common-ieee118-migrated,localization.common,ieee118,residual,Al,,sample_f1,,0.008730233033875061,,,
localization.common-ieee118-migrated,localization.common,ieee118,residual,Al,,strict_acc,,0.0,,,
localization.common-ieee118-migrated,localization.common,ieee118,residual,Am,,detection_rate,,0.5271929824561403,,,
localization.common-ieee118-migrated,localization.common,ieee118,residual,Am,,macro_f1,,0.012942369907385802,,,
localization.common-ieee118-migrated,localization.common,ieee118,residual,Am,,node_f1,,0.014472075010191602,,,
localization.common-ieee118-migrated,localization.common,ieee118,residual,Am,,node_precision,,0.05495356037151703,,,
localization.common-ieee118-migrated,localization.common,ieee118,residual,Am,,node_recall,,0.008333333333333333,,,
localization.common-ieee118-migrated,localization.common,ieee118,residual,Am,,sample_f1,,0.012399578978526346,,,
localization.common-ieee118-migrated,localization.common,ieee118,residual,Am,,strict_acc,,0.0,,,
localization.common-ieee118-migrated,localization.common,ieee118,residual,Aq,,detection_rate,,0.47257383966244726,,,
localization.common-ieee118-migrated,localization.common,ieee118,residual,Aq,,macro_f1,,0.010883833501982578,,,
localization.common-ieee118-migrated,localization.common,ieee118,residual,Aq,,node_f1,,0.010331063629960084,,,
localization.common-ieee118-migrated,localization.common,ieee118,residual,Aq,,node_precision,,0.025974025974025976,,,
localization.common-ieee118-migrated,localization.common,ieee118,residual,Aq,,node_recall,,0.006447831184056272,,,
localization.common-ieee118-migrated,localization.common,ieee118,residual,Aq,,sample_f1,,0.007527961958341704,,,
localization.common-ieee118-migrated,localization.common,ieee118,residual,Aq,,strict_acc,,0.0,,,
localization.common-ieee118-migrated,localization.common,ieee118,residual,Ar,,detection_rate,,0.9989528795811519,,,
localization.common-ieee118-migrated,localization.common,ieee118,residual,Ar,,macro_f1,,0.3606174411469729,,,
localization.common-ieee118-migrated,localization.common,ieee118,residual,Ar,,node_f1,,0.28167703177222153,,,
localization.common-ieee118-migrated,localization.common,ieee118,residual,Ar,,node_precision,,0.16798708179845587,,,
localization.common-ieee118-migrated,localization.common,ieee118,residual,Ar,,node_recall,,0.8714659685863875,,,
localization.common-ieee118-migrated,localization.common,ieee118,residual,Ar,,sample_f1,,0.3499945221848119,,,
localization.common-ieee118-migrated,localization.common,ieee118,residual,Ar,,strict_acc,,0.0,,,
localization.common-ieee118-migrated,localization.common,ieee118,residual,As,,detection_rate,,1.0,,,
localization.common-ieee118-migrated,localization.common,ieee118,residual,As,,macro_f1,,0.30980554825221845,,,
localization.common-ieee118-migrated,localization.common,ieee118,residual,As,,node_f1,,0.24746988751368748,,,
localization.common-ieee118-migrated,localization.common,ieee118,residual,As,,node_precision,,0.14169548200782764,,,
localization.common-ieee118-migrated,localization.common,ieee118,residual,As,,node_recall,,0.9761780104712042,,,
localization.common-ieee118-migrated,localization.common,ieee118,residual,As,,sample_f1,,0.260586665169667,,,
localization.common-ieee118-migrated,localization.common,ieee118,residual,As,,strict_acc,,0.0,,,
localization.common-ieee118-migrated,localization.common,ieee118,residual,At,,detection_rate,,0.54375,,,
localization.common-ieee118-migrated,localization.common,ieee118,residual,At,,macro_f1,,0.010104896328729317,,,
localization.common-ieee118-migrated,localization.common,ieee118,residual,At,,node_f1,,0.011064694591848256,,,
localization.common-ieee118-migrated,localization.common,ieee118,residual,At,,node_precision,,0.029571514785757393,,,
localization.common-ieee118-migrated,localization.common,ieee118,residual,At,,node_recall,,0.006805555555555555,,,
localization.common-ieee118-migrated,localization.common,ieee118,residual,At,,sample_f1,,0.009557429453262786,,,
localization.common-ieee118-migrated,localization.common,ieee118,residual,At,,strict_acc,,0.0,,,
localization.common-ieee118-migrated,localization.common,ieee118,residual,all,,macro_dr,,0.5667778734023994,,,
localization.common-ieee118-migrated,localization.common,ieee118,residual,all,,macro_f1,,0.23076106868504254,,,
localization.common-ieee118-migrated,localization.common,ieee118,residual,all,,macro_fr,,0.0071915972015587784,,,
localization.common-ieee118-migrated,localization.common,ieee118,residual,all,,node_f1,,0.18324040941998834,,,
localization.common-ieee118-migrated,localization.common,ieee118,residual,benign,,bus_alarm_rate,,0.007061141890962944,,,
localization.common-ieee118-migrated,localization.common,ieee118,residual,benign,,false_alarm_rate,,0.46321332005123095,,,
localization.common-ieee118-migrated,localization.common,ieee118,swing,Ad,,detection_rate,,0.9989417989417989,,,
localization.common-ieee118-migrated,localization.common,ieee118,swing,Ad,,macro_f1,,0.7731747738293403,,,
localization.common-ieee118-migrated,localization.common,ieee118,swing,Ad,,node_f1,,0.7596839959225281,,,
localization.common-ieee118-migrated,localization.common,ieee118,swing,Ad,,node_precision,,0.7327925270403146,,,
localization.common-ieee118-migrated,localization.common,ieee118,swing,Ad,,node_recall,,0.7886243386243387,,,
localization.common-ieee118-migrated,localization.common,ieee118,swing,Ad,,sample_f1,,0.7679156891108337,,,
localization.common-ieee118-migrated,localization.common,ieee118,swing,Ad,,strict_acc,,0.20846560846560847,,,
localization.common-ieee118-migrated,localization.common,ieee118,swing,Al,,detection_rate,,0.8441955193482689,,,
localization.common-ieee118-migrated,localization.common,ieee118,swing,Al,,macro_f1,,0.4372157395730866,,,
localization.common-ieee118-migrated,localization.common,ieee118,swing,Al,,node_f1,,0.31084851468898733,,,
localization.common-ieee118-migrated,localization.common,ieee118,swing,Al,,node_precision,,0.4375144375144375,,,
localization.common-ieee118-migrated,localization.common,ieee118,swing,Al,,node_recall,,0.2410589283441517,,,
localization.common-ieee118-migrated,localization.common,ieee118,swing,Al,,sample_f1,,0.2526757761134868,,,
localization.common-ieee118-migrated,localization.common,ieee118,swing,Al,,strict_acc,,0.0,,,
localization.common-ieee118-migrated,localization.common,ieee118,swing,Am,,detection_rate,,0.24210526315789474,,,
localization.common-ieee118-migrated,localization.common,ieee118,swing,Am,,macro_f1,,0.0008195967494582633,,,
localization.common-ieee118-migrated,localization.common,ieee118,swing,Am,,node_f1,,0.000677659814772984,,,
localization.common-ieee118-migrated,localization.common,ieee118,swing,Am,,node_precision,,0.008982035928143712,,,
localization.common-ieee118-migrated,localization.common,ieee118,swing,Am,,node_recall,,0.00035211267605633805,,,
localization.common-ieee118-migrated,localization.common,ieee118,swing,Am,,sample_f1,,0.0004698809961967857,,,
localization.common-ieee118-migrated,localization.common,ieee118,swing,Am,,strict_acc,,0.0,,,
localization.common-ieee118-migrated,localization.common,ieee118,swing,Aq,,detection_rate,,0.930379746835443,,,
localization.common-ieee118-migrated,localization.common,ieee118,swing,Aq,,macro_f1,,0.5201617315520977,,,
localization.common-ieee118-migrated,localization.common,ieee118,swing,Aq,,node_f1,,0.41599597585513076,,,
localization.common-ieee118-migrated,localization.common,ieee118,swing,Aq,,node_precision,,0.36431718061674007,,,
localization.common-ieee118-migrated,localization.common,ieee118,swing,Aq,,node_recall,,0.4847596717467761,,,
localization.common-ieee118-migrated,localization.common,ieee118,swing,Aq,,sample_f1,,0.3837180136480518,,,
localization.common-ieee118-migrated,localization.common,ieee118,swing,Aq,,strict_acc,,0.02531645569620253,,,
localization.common-ieee118-migrated,localization.common,ieee118,swing,Ar,,detection_rate,,0.9738219895287958,,,
localization.common-ieee118-migrated,localization.common,ieee118,swing,Ar,,macro_f1,,0.6639583953718178,,,
localization.common-ieee118-migrated,localization.common,ieee118,swing,Ar,,node_f1,,0.6565862961449394,,,
localization.common-ieee118-migrated,localization.common,ieee118,swing,Ar,,node_precision,,0.6844646407270661,,,
localization.common-ieee118-migrated,localization.common,ieee118,swing,Ar,,node_recall,,0.6308900523560209,,,
localization.common-ieee118-migrated,localization.common,ieee118,swing,Ar,,sample_f1,,0.6417985207483207,,,
localization.common-ieee118-migrated,localization.common,ieee118,swing,Ar,,strict_acc,,0.12041884816753927,,,
localization.common-ieee118-migrated,localization.common,ieee118,swing,As,,detection_rate,,0.9968586387434555,,,
localization.common-ieee118-migrated,localization.common,ieee118,swing,As,,macro_f1,,0.7575172272365979,,,
localization.common-ieee118-migrated,localization.common,ieee118,swing,As,,node_f1,,0.7446891698162387,,,
localization.common-ieee118-migrated,localization.common,ieee118,swing,As,,node_precision,,0.7415001297690111,,,
localization.common-ieee118-migrated,localization.common,ieee118,swing,As,,node_recall,,0.7479057591623036,,,
localization.common-ieee118-migrated,localization.common,ieee118,swing,As,,sample_f1,,0.7487625742152998,,,
localization.common-ieee118-migrated,localization.common,ieee118,swing,As,,strict_acc,,0.17905759162303664,,,
localization.common-ieee118-migrated,localization.common,ieee118,swing,At,,detection_rate,,0.23541666666666666,,,
localization.common-ieee118-migrated,localization.common,ieee118,swing,At,,macro_f1,,0.0021225841380236744,,,
localization.common-ieee118-migrated,localization.common,ieee118,swing,At,,node_f1,,0.0015799868334430548,,,
localization.common-ieee118-migrated,localization.common,ieee118,swing,At,,node_precision,,0.015189873417721518,,,
localization.common-ieee118-migrated,localization.common,ieee118,swing,At,,node_recall,,0.0008333333333333334,,,
localization.common-ieee118-migrated,localization.common,ieee118,swing,At,,sample_f1,,0.0013558201058201057,,,
localization.common-ieee118-migrated,localization.common,ieee118,swing,At,,strict_acc,,0.0,,,
localization.common-ieee118-migrated,localization.common,ieee118,swing,all,,macro_dr,,0.5143080270113392,,,
localization.common-ieee118-migrated,localization.common,ieee118,swing,all,,macro_f1,,0.42551389061617373,,,
localization.common-ieee118-migrated,localization.common,ieee118,swing,all,,macro_fr,,0.010004700484279252,,,
localization.common-ieee118-migrated,localization.common,ieee118,swing,all,,node_f1,,0.3485539660746712,,,
localization.common-ieee118-migrated,localization.common,ieee118,swing,benign,,bus_alarm_rate,,0.009995344832160698,,,
localization.common-ieee118-migrated,localization.common,ieee118,swing,benign,,false_alarm_rate,,0.474597979222997,,,
localization.common-ieee14-migrated,localization.common,ieee14,cnn,Ad,,detection_rate,,0.9989754098360656,,,
localization.common-ieee14-migrated,localization.common,ieee14,cnn,Ad,,macro_f1,,0.9110836147598846,,,
localization.common-ieee14-migrated,localization.common,ieee14,cnn,Ad,,node_f1,,0.9101505585235551,,,
localization.common-ieee14-migrated,localization.common,ieee14,cnn,Ad,,node_precision,,0.8651892890120036,,,
localization.common-ieee14-migrated,localization.common,ieee14,cnn,Ad,,node_recall,,0.9600409836065574,,,
localization.common-ieee14-migrated,localization.common,ieee14,cnn,Ad,,sample_f1,,0.9161089081683345,,,
localization.common-ieee14-migrated,localization.common,ieee14,cnn,Ad,,strict_acc,,0.5655737704918032,,,
localization.common-ieee14-migrated,localization.common,ieee14,cnn,Al,,detection_rate,,0.9929221435793731,,,
localization.common-ieee14-migrated,localization.common,ieee14,cnn,Al,,macro_f1,,0.9865958546060637,,,
localization.common-ieee14-migrated,localization.common,ieee14,cnn,Al,,node_f1,,0.9829488465396188,,,
localization.common-ieee14-migrated,localization.common,ieee14,cnn,Al,,node_precision,,0.9864447725137565,,,
localization.common-ieee14-migrated,localization.common,ieee14,cnn,Al,,node_recall,,0.9794776119402985,,,
localization.common-ieee14-migrated,localization.common,ieee14,cnn,Al,,sample_f1,,0.976226023723496,,,
localization.common-ieee14-migrated,localization.common,ieee14,cnn,Al,,strict_acc,,0.8857431749241659,,,
localization.common-ieee14-migrated,localization.common,ieee14,cnn,Am,,detection_rate,,0.8214285714285714,,,
localization.common-ieee14-migrated,localization.common,ieee14,cnn,Am,,macro_f1,,0.8633505809190583,,,
localization.common-ieee14-migrated,localization.common,ieee14,cnn,Am,,node_f1,,0.857851907427714,,,
localization.common-ieee14-migrated,localization.common,ieee14,cnn,Am,,node_precision,,0.9618221819593633,,,
localization.common-ieee14-migrated,localization.common,ieee14,cnn,Am,,node_recall,,0.7741666666666667,,,
localization.common-ieee14-migrated,localization.common,ieee14,cnn,Am,,sample_f1,,0.7576390277549426,,,
localization.common-ieee14-migrated,localization.common,ieee14,cnn,Am,,strict_acc,,0.5658730158730159,,,
localization.common-ieee14-migrated,localization.common,ieee14,cnn,Aq,,detection_rate,,0.8968850698174007,,,
localization.common-ieee14-migrated,localization.common,ieee14,cnn,Aq,,macro_f1,,0.9083975938263678,,,
localization.common-ieee14-migrated,localization.common,ieee14,cnn,Aq,,node_f1,,0.898155839840505,,,
localization.common-ieee14-migrated,localization.common,ieee14,cnn,Aq,,node_precision,,0.8862295081967213,,,
localization.common-ieee14-migrated,localization.common,ieee14,cnn,Aq,,node_recall,,0.9104075446278208,,,
localization.common-ieee14-migrated,localization.common,ieee14,cnn,Aq,,sample_f1,,0.8082027472467861,,,
localization.common-ieee14-migrated,localization.common,ieee14,cnn,Aq,,strict_acc,,0.6079484425349087,,,
localization.common-ieee14-migrated,localization.common,ieee14,cnn,Ar,,detection_rate,,0.9477611940298507,,,
localization.common-ieee14-migrated,localization.common,ieee14,cnn,Ar,,macro_f1,,0.8327549392794154,,,
localization.common-ieee14-migrated,localization.common,ieee14,cnn,Ar,,node_f1,,0.833514986376022,,,
localization.common-ieee14-migrated,localization.common,ieee14,cnn,Ar,,node_precision,,0.8525641025641025,,,
localization.common-ieee14-migrated,localization.common,ieee14,cnn,Ar,,node_recall,,0.8152985074626866,,,
localization.common-ieee14-migrated,localization.common,ieee14,cnn,Ar,,sample_f1,,0.8051784155195668,,,
localization.common-ieee14-migrated,localization.common,ieee14,cnn,Ar,,strict_acc,,0.43603411513859275,,,
localization.common-ieee14-migrated,localization.common,ieee14,cnn,As,,detection_rate,,1.0,,,
localization.common-ieee14-migrated,localization.common,ieee14,cnn,As,,macro_f1,,0.9377887024411752,,,
localization.common-ieee14-migrated,localization.common,ieee14,cnn,As,,node_f1,,0.9370662837999522,,,
localization.common-ieee14-migrated,localization.common,ieee14,cnn,As,,node_precision,,0.9094287041337669,,,
localization.common-ieee14-migrated,localization.common,ieee14,cnn,As,,node_recall,,0.9664363277393879,,,
localization.common-ieee14-migrated,localization.common,ieee14,cnn,As,,sample_f1,,0.9404778998559848,,,
localization.common-ieee14-migrated,localization.common,ieee14,cnn,As,,strict_acc,,0.6752221125370188,,,
localization.common-ieee14-migrated,localization.common,ieee14,cnn,At,,detection_rate,,0.6712121212121213,,,
localization.common-ieee14-migrated,localization.common,ieee14,cnn,At,,macro_f1,,0.5857838267830315,,,
localization.common-ieee14-migrated,localization.common,ieee14,cnn,At,,node_f1,,0.5846606223964714,,,
localization.common-ieee14-migrated,localization.common,ieee14,cnn,At,,node_precision,,0.6342371079213185,,,
localization.common-ieee14-migrated,localization.common,ieee14,cnn,At,,node_recall,,0.5422727272727272,,,
localization.common-ieee14-migrated,localization.common,ieee14,cnn,At,,sample_f1,,0.45748725180543365,,,
localization.common-ieee14-migrated,localization.common,ieee14,cnn,At,,strict_acc,,0.0022727272727272726,,,
localization.common-ieee14-migrated,localization.common,ieee14,cnn,all,,macro_dr,,0.859332960888434,,,
localization.common-ieee14-migrated,localization.common,ieee14,cnn,all,,macro_f1,,0.8341968807622067,,,
localization.common-ieee14-migrated,localization.common,ieee14,cnn,all,,macro_fr,,0.019947068563159198,,,
localization.common-ieee14-migrated,localization.common,ieee14,cnn,all,,node_f1,,0.8364119566361436,,,
localization.common-ieee14-migrated,localization.common,ieee14,cnn,benign,,bus_alarm_rate,,0.015672696728196513,,,
localization.common-ieee14-migrated,localization.common,ieee14,cnn,benign,,false_alarm_rate,,0.07385630288254696,,,
localization.common-ieee14-migrated,localization.common,ieee14,cnn+jac,Ad,,detection_rate,,1.0,,,
localization.common-ieee14-migrated,localization.common,ieee14,cnn+jac,Ad,,macro_f1,,0.948337264008508,,,
localization.common-ieee14-migrated,localization.common,ieee14,cnn+jac,Ad,,node_f1,,0.9468839407886553,,,
localization.common-ieee14-migrated,localization.common,ieee14,cnn+jac,Ad,,node_precision,,0.9204353083434099,,,
localization.common-ieee14-migrated,localization.common,ieee14,cnn+jac,Ad,,node_recall,,0.9748975409836066,,,
localization.common-ieee14-migrated,localization.common,ieee14,cnn+jac,Ad,,sample_f1,,0.949627569607078,,,
localization.common-ieee14-migrated,localization.common,ieee14,cnn+jac,Ad,,strict_acc,,0.6741803278688525,,,
localization.common-ieee14-migrated,localization.common,ieee14,cnn+jac,Al,,detection_rate,,0.9908998988877654,,,
localization.common-ieee14-migrated,localization.common,ieee14,cnn+jac,Al,,macro_f1,,0.9858654996115439,,,
localization.common-ieee14-migrated,localization.common,ieee14,cnn+jac,Al,,node_f1,,0.9814479941062221,,,
localization.common-ieee14-migrated,localization.common,ieee14,cnn+jac,Al,,node_precision,,0.986535613302814,,,
localization.common-ieee14-migrated,localization.common,ieee14,cnn+jac,Al,,node_recall,,0.9764125799573561,,,
localization.common-ieee14-migrated,localization.common,ieee14,cnn+jac,Al,,sample_f1,,0.9736318531551388,,,
localization.common-ieee14-migrated,localization.common,ieee14,cnn+jac,Al,,strict_acc,,0.8776541961577351,,,
localization.common-ieee14-migrated,localization.common,ieee14,cnn+jac,Am,,detection_rate,,0.7722222222222223,,,
localization.common-ieee14-migrated,localization.common,ieee14,cnn+jac,Am,,macro_f1,,0.8155863317743192,,,
localization.common-ieee14-migrated,localization.common,ieee14,cnn+jac,Am,,node_f1,,0.8117154811715481,,,
localization.common-ieee14-migrated,localization.common,ieee14,cnn+jac,Am,,node_precision,,0.9712668698302134,,,
localization.common-ieee14-migrated,localization.common,ieee14,cnn+jac,Am,,node_recall,,0.6971875,,,
localization.common-ieee14-migrated,localization.common,ieee14,cnn+jac,Am,,sample_f1,,0.6945930773241699,,,
localization.common-ieee14-migrated,localization.common,ieee14,cnn+jac,Am,,strict_acc,,0.5111111111111111,,,
localization.common-ieee14-migrated,localization.common,ieee14,cnn+jac,Aq,,detection_rate,,0.8839957035445757,,,
localization.common-ieee14-migrated,localization.common,ieee14,cnn+jac,Aq,,macro_f1,,0.9047463283436241,,,
localization.common-ieee14-migrated,localization.common,ieee14,cnn+jac,Aq,,node_f1,,0.894034138921751,,,
localization.common-ieee14-migrated,localization.common,ieee14,cnn+jac,Aq,,node_precision,,0.8972184531886025,,,
localization.common-ieee14-migrated,localization.common,ieee14,cnn+jac,Aq,,node_recall,,0.8908723475917818,,,
localization.common-ieee14-migrated,localization.common,ieee14,cnn+jac,Aq,,sample_f1,,0.782173310637328,,,
localization.common-ieee14-migrated,localization.common,ieee14,cnn+jac,Aq,,strict_acc,,0.5875402792696026,,,
localization.common-ieee14-migrated,localization.common,ieee14,cnn+jac,Ar,,detection_rate,,0.9605543710021321,,,
localization.common-ieee14-migrated,localization.common,ieee14,cnn+jac,Ar,,macro_f1,,0.8474794952721862,,,
localization.common-ieee14-migrated,localization.common,ieee14,cnn+jac,Ar,,node_f1,,0.8470209339774558,,,
localization.common-ieee14-migrated,localization.common,ieee14,cnn+jac,Ar,,node_precision,,0.8529729729729729,,,
localization.common-ieee14-migrated,localization.common,ieee14,cnn+jac,Ar,,node_recall,,0.8411513859275054,,,
localization.common-ieee14-migrated,localization.common,ieee14,cnn+jac,Ar,,sample_f1,,0.8262188593212048,,,
localization.common-ieee14-migrated,localization.common,ieee14,cnn+jac,Ar,,strict_acc,,0.4669509594882729,,,
localization.common-ieee14-migrated,localization.common,ieee14,cnn+jac,As,,detection_rate,,1.0,,,
localization.common-ieee14-migrated,localization.common,ieee14,cnn+jac,As,,macro_f1,,0.939125053557717,,,
localization.common-ieee14-migrated,localization.common,ieee14,cnn+jac,As,,node_f1,,0.9378287900526064,,,
localization.common-ieee14-migrated,localization.common,ieee14,cnn+jac,As,,node_precision,,0.9095547309833024,,,
localization.common-ieee14-migrated,localization.common,ieee14,cnn+jac,As,,node_recall,,0.9679170779861797,,,
localization.common-ieee14-migrated,localization.common,ieee14,cnn+jac,As,,sample_f1,,0.9411025357224765,,,
localization.common-ieee14-migrated,localization.common,ieee14,cnn+jac,As,,strict_acc,,0.6614017769002961,,,
localization.common-ieee14-migrated,localization.common,ieee14,cnn+jac,At,,detection_rate,,0.7136363636363636,,,
localization.common-ieee14-migrated,localization.common,ieee14,cnn+jac,At,,macro_f1,,0.5926708606297177,,,
localization.common-ieee14-migrated,localization.common,ieee14,cnn+jac,At,,node_f1,,0.5966758540048442,,,
localization.common-ieee14-migrated,localization.common,ieee14,cnn+jac,At,,node_precision,,0.6648055090266145,,,
localization.common-ieee14-migrated,localization.common,ieee14,cnn+jac,At,,node_recall,,0.5412121212121213,,,
localization.common-ieee14-migrated,localization.common,ieee14,cnn+jac,At,,sample_f1,,0.48630920426374974,,,
localization.common-ieee14-migrated,localization.common,ieee14,cnn+jac,At,,strict_acc,,0.0030303030303030303,,,
localization.common-ieee14-migrated,localization.common,ieee14,cnn+jac,all,,macro_dr,,0.84617606705317,,,
localization.common-ieee14-migrated,localization.common,ieee14,cnn+jac,all,,macro_f1,,0.8350083163100886,,,
localization.common-ieee14-migrated,localization.common,ieee14,cnn+jac,all,,macro_fr,,0.016739892833396348,,,
localization.common-ieee14-migrated,localization.common,ieee14,cnn+jac,all,,node_f1,,0.8360129481135243,,,
localization.common-ieee14-migrated,localization.common,ieee14,cnn+jac,benign,,bus_alarm_rate,,0.0131527729405257,,,
localization.common-ieee14-migrated,localization.common,ieee14,cnn+jac,benign,,false_alarm_rate,,0.06898035278933028,,,
localization.common-ieee14-migrated,localization.common,ieee14,cnn+prev,Ad,,detection_rate,,1.0,,,
localization.common-ieee14-migrated,localization.common,ieee14,cnn+prev,Ad,,macro_f1,,0.920288481691241,,,
localization.common-ieee14-migrated,localization.common,ieee14,cnn+prev,Ad,,node_f1,,0.9168965103729464,,,
localization.common-ieee14-migrated,localization.common,ieee14,cnn+prev,Ad,,node_precision,,0.8620067643742954,,,
localization.common-ieee14-migrated,localization.common,ieee14,cnn+prev,Ad,,node_recall,,0.9792520491803278,,,
localization.common-ieee14-migrated,localization.common,ieee14,cnn+prev,Ad,,sample_f1,,0.9228791131455067,,,
localization.common-ieee14-migrated,localization.common,ieee14,cnn+prev,Ad,,strict_acc,,0.5256147540983607,,,
localization.common-ieee14-migrated,localization.common,ieee14,cnn+prev,Al,,detection_rate,,0.9848331648129424,,,
localization.common-ieee14-migrated,localization.common,ieee14,cnn+prev,Al,,macro_f1,,0.9800604580914625,,,
localization.common-ieee14-migrated,localization.common,ieee14,cnn+prev,Al,,node_f1,,0.9723134678554668,,,
localization.common-ieee14-migrated,localization.common,ieee14,cnn+prev,Al,,node_precision,,0.9782813975448537,,,
localization.common-ieee14-migrated,localization.common,ieee14,cnn+prev,Al,,node_recall,,0.9664179104477612,,,
localization.common-ieee14-migrated,localization.common,ieee14,cnn+prev,Al,,sample_f1,,0.9616134725875934,,,
localization.common-ieee14-migrated,localization.common,ieee14,cnn+prev,Al,,strict_acc,,0.8291203235591507,,,
localization.common-ieee14-migrated,localization.common,ieee14,cnn+prev,Am,,detection_rate,,0.8158730158730159,,,
localization.common-ieee14-migrated,localization.common,ieee14,cnn+prev,Am,,macro_f1,,0.8535376463163649,,,
localization.common-ieee14-migrated,localization.common,ieee14,cnn+prev,Am,,node_f1,,0.8504586090792987,,,
localization.common-ieee14-migrated,localization.common,ieee14,cnn+prev,Am,,node_precision,,0.9605297665879885,,,
localization.common-ieee14-migrated,localization.common,ieee14,cnn+prev,Am,,node_recall,,0.7630208333333334,,,
localization.common-ieee14-migrated,localization.common,ieee14,cnn+prev,Am,,sample_f1,,0.7526429752165046,,,
localization.common-ieee14-migrated,localization.common,ieee14,cnn+prev,Am,,strict_acc,,0.5341269841269841,,,
localization.common-ieee14-migrated,localization.common,ieee14,cnn+prev,Aq,,detection_rate,,0.9473684210526315,,,
localization.common-ieee14-migrated,localization.common,ieee14,cnn+prev,Aq,,macro_f1,,0.9328542690347387,,,
localization.common-ieee14-migrated,localization.common,ieee14,cnn+prev,Aq,,node_f1,,0.9136807817589576,,,
localization.common-ieee14-migrated,localization.common,ieee14,cnn+prev,Aq,,node_precision,,0.8845789971617786,,,
localization.common-ieee14-migrated,localization.common,ieee14,cnn+prev,Aq,,node_recall,,0.9447625463118895,,,
localization.common-ieee14-migrated,localization.common,ieee14,cnn+prev,Aq,,sample_f1,,0.8600237511623119,,,
localization.common-ieee14-migrated,localization.common,ieee14,cnn+prev,Aq,,strict_acc,,0.6530612244897959,,,
localization.common-ieee14-migrated,localization.common,ieee14,cnn+prev,Ar,,detection_rate,,0.9402985074626866,,,
localization.common-ieee14-migrated,localization.common,ieee14,cnn+prev,Ar,,macro_f1,,0.8124168593517465,,,
localization.common-ieee14-migrated,localization.common,ieee14,cnn+prev,Ar,,node_f1,,0.8105692125673721,,,
localization.common-ieee14-migrated,localization.common,ieee14,cnn+prev,Ar,,node_precision,,0.7997405966277562,,,
localization.common-ieee14-migrated,localization.common,ieee14,cnn+prev,Ar,,node_recall,,0.8216950959488273,,,
localization.common-ieee14-migrated,localization.common,ieee14,cnn+prev,Ar,,sample_f1,,0.7830930737114106,,,
localization.common-ieee14-migrated,localization.common,ieee14,cnn+prev,Ar,,strict_acc,,0.373134328358209,,,
localization.common-ieee14-migrated,localization.common,ieee14,cnn+prev,As,,detection_rate,,0.9990128331688055,,,
localization.common-ieee14-migrated,localization.common,ieee14,cnn+prev,As,,macro_f1,,0.92959461558758,,,
localization.common-ieee14-migrated,localization.common,ieee14,cnn+prev,As,,node_f1,,0.9274108708357686,,,
localization.common-ieee14-migrated,localization.common,ieee14,cnn+prev,As,,node_precision,,0.8809682433932934,,,
localization.common-ieee14-migrated,localization.common,ieee14,cnn+prev,As,,node_recall,,0.9790227048371175,,,
localization.common-ieee14-migrated,localization.common,ieee14,cnn+prev,As,,sample_f1,,0.9323804253221826,,,
localization.common-ieee14-migrated,localization.common,ieee14,cnn+prev,As,,strict_acc,,0.5834155972359328,,,
localization.common-ieee14-migrated,localization.common,ieee14,cnn+prev,At,,detection_rate,,0.740909090909091,,,
localization.common-ieee14-migrated,localization.common,ieee14,cnn+prev,At,,macro_f1,,0.6419300016329388,,,
localization.common-ieee14-migrated,localization.common,ieee14,cnn+prev,At,,node_f1,,0.6406308674427338,,,
localization.common-ieee14-migrated,localization.common,ieee14,cnn+prev,At,,node_precision,,0.6351451973194341,,,
localization.common-ieee14-migrated,localization.common,ieee14,cnn+prev,At,,node_recall,,0.6462121212121212,,,
localization.common-ieee14-migrated,localization.common,ieee14,cnn+prev,At,,sample_f1,,0.5307708621344984,,,
localization.common-ieee14-migrated,localization.common,ieee14,cnn+prev,At,,strict_acc,,0.0022727272727272726,,,
localization.common-ieee14-migrated,localization.common,ieee14,cnn+prev,all,,macro_dr,,0.874124355756695,,,
localization.common-ieee14-migrated,localization.common,ieee14,cnn+prev,all,,macro_f1,,0.8215722747479816,,,
localization.common-ieee14-migrated,localization.common,ieee14,cnn+prev,all,,macro_fr,,0.024796944056946924,,,
localization.common-ieee14-migrated,localization.common,ieee14,cnn+prev,all,,node_f1,,0.833835463647902,,,
localization.common-ieee14-migrated,localization.common,ieee14,cnn+prev,benign,,bus_alarm_rate,,0.019483313187601155,,,
localization.common-ieee14-migrated,localization.common,ieee14,cnn+prev,benign,,false_alarm_rate,,0.07356948228882834,,,
localization.common-ieee14-migrated,localization.common,ieee14,cnn+prev+jac,Ad,,detection_rate,,1.0,,,
localization.common-ieee14-migrated,localization.common,ieee14,cnn+prev+jac,Ad,,macro_f1,,0.9526541287175483,,,
localization.common-ieee14-migrated,localization.common,ieee14,cnn+prev+jac,Ad,,node_f1,,0.95101789019124,,,
localization.common-ieee14-migrated,localization.common,ieee14,cnn+prev+jac,Ad,,node_precision,,0.9174006189002618,,,
localization.common-ieee14-migrated,localization.common,ieee14,cnn+prev+jac,Ad,,node_recall,,0.9871926229508197,,,
localization.common-ieee14-migrated,localization.common,ieee14,cnn+prev+jac,Ad,,sample_f1,,0.9546343114990656,,,
localization.common-ieee14-migrated,localization.common,ieee14,cnn+prev+jac,Ad,,strict_acc,,0.6772540983606558,,,
localization.common-ieee14-migrated,localization.common,ieee14,cnn+prev+jac,Al,,detection_rate,,0.9919110212335692,,,
localization.common-ieee14-migrated,localization.common,ieee14,cnn+prev+jac,Al,,macro_f1,,0.9880161303504766,,,
localization.common-ieee14-migrated,localization.common,ieee14,cnn+prev+jac,Al,,node_f1,,0.983957219251337,,,
localization.common-ieee14-migrated,localization.common,ieee14,cnn+prev+jac,Al,,node_precision,,0.9871244635193133,,,
localization.common-ieee14-migrated,localization.common,ieee14,cnn+prev+jac,Al,,node_recall,,0.9808102345415778,,,
localization.common-ieee14-migrated,localization.common,ieee14,cnn+prev+jac,Al,,sample_f1,,0.9780330707534595,,,
localization.common-ieee14-migrated,localization.common,ieee14,cnn+prev+jac,Al,,strict_acc,,0.8867542972699697,,,
localization.common-ieee14-migrated,localization.common,ieee14,cnn+prev+jac,Am,,detection_rate,,0.8357142857142857,,,
localization.common-ieee14-migrated,localization.common,ieee14,cnn+prev+jac,Am,,macro_f1,,0.8541541240203113,,,
localization.common-ieee14-migrated,localization.common,ieee14,cnn+prev+jac,Am,,node_f1,,0.8514014361825342,,,
localization.common-ieee14-migrated,localization.common,ieee14,cnn+prev+jac,Am,,node_precision,,0.9586593635889411,,,
localization.common-ieee14-migrated,localization.common,ieee14,cnn+prev+jac,Am,,node_recall,,0.7657291666666667,,,
localization.common-ieee14-migrated,localization.common,ieee14,cnn+prev+jac,Am,,sample_f1,,0.7594070075582681,,,
localization.common-ieee14-migrated,localization.common,ieee14,cnn+prev+jac,Am,,strict_acc,,0.5071428571428571,,,
localization.common-ieee14-migrated,localization.common,ieee14,cnn+prev+jac,Aq,,detection_rate,,0.9613319011815252,,,
localization.common-ieee14-migrated,localization.common,ieee14,cnn+prev+jac,Aq,,macro_f1,,0.9148542288699438,,,
localization.common-ieee14-migrated,localization.common,ieee14,cnn+prev+jac,Aq,,node_f1,,0.9042946758886924,,,
localization.common-ieee14-migrated,localization.common,ieee14,cnn+prev+jac,Aq,,node_precision,,0.8654556650246306,,,
localization.common-ieee14-migrated,localization.common,ieee14,cnn+prev+jac,Aq,,node_recall,,0.9467834287638935,,,
localization.common-ieee14-migrated,localization.common,ieee14,cnn+prev+jac,Aq,,sample_f1,,0.8638425543903525,,,
localization.common-ieee14-migrated,localization.common,ieee14,cnn+prev+jac,Aq,,strict_acc,,0.6423200859291085,,,
localization.common-ieee14-migrated,localization.common,ieee14,cnn+prev+jac,Ar,,detection_rate,,0.9605543710021321,,,
localization.common-ieee14-migrated,localization.common,ieee14,cnn+prev+jac,Ar,,macro_f1,,0.8391108927590949,,,
localization.common-ieee14-migrated,localization.common,ieee14,cnn+prev+jac,Ar,,node_f1,,0.8369326264063106,,,
localization.common-ieee14-migrated,localization.common,ieee14,cnn+prev+jac,Ar,,node_precision,,0.8128610901783472,,,
localization.common-ieee14-migrated,localization.common,ieee14,cnn+prev+jac,Ar,,node_recall,,0.8624733475479744,,,
localization.common-ieee14-migrated,localization.common,ieee14,cnn+prev+jac,Ar,,sample_f1,,0.8209578031539653,,,
localization.common-ieee14-migrated,localization.common,ieee14,cnn+prev+jac,Ar,,strict_acc,,0.42857142857142855,,,
localization.common-ieee14-migrated,localization.common,ieee14,cnn+prev+jac,As,,detection_rate,,1.0,,,
localization.common-ieee14-migrated,localization.common,ieee14,cnn+prev+jac,As,,macro_f1,,0.9485099970295632,,,
localization.common-ieee14-migrated,localization.common,ieee14,cnn+prev+jac,As,,node_f1,,0.947431018078021,,,
localization.common-ieee14-migrated,localization.common,ieee14,cnn+prev+jac,As,,node_precision,,0.9143709825528007,,,
localization.common-ieee14-migrated,localization.common,ieee14,cnn+prev+jac,As,,node_recall,,0.9829713721618953,,,
localization.common-ieee14-migrated,localization.common,ieee14,cnn+prev+jac,As,,sample_f1,,0.9511056126061063,,,
localization.common-ieee14-migrated,localization.common,ieee14,cnn+prev+jac,As,,strict_acc,,0.6791707798617966,,,
localization.common-ieee14-migrated,localization.common,ieee14,cnn+prev+jac,At,,detection_rate,,0.7431818181818182,,,
localization.common-ieee14-migrated,localization.common,ieee14,cnn+prev+jac,At,,macro_f1,,0.653802639697316,,,
localization.common-ieee14-migrated,localization.common,ieee14,cnn+prev+jac,At,,node_f1,,0.6536760848384922,,,
localization.common-ieee14-migrated,localization.common,ieee14,cnn+prev+jac,At,,node_precision,,0.6467447723565178,,,
localization.common-ieee14-migrated,localization.common,ieee14,cnn+prev+jac,At,,node_recall,,0.6607575757575758,,,
localization.common-ieee14-migrated,localization.common,ieee14,cnn+prev+jac,At,,sample_f1,,0.5447359206450115,,,
localization.common-ieee14-migrated,localization.common,ieee14,cnn+prev+jac,At,,strict_acc,,0.0007575757575757576,,,
localization.common-ieee14-migrated,localization.common,ieee14,cnn+prev+jac,all,,macro_dr,,0.8842749052303319,,,
localization.common-ieee14-migrated,localization.common,ieee14,cnn+prev+jac,all,,macro_f1,,0.839172176208162,,,
localization.common-ieee14-migrated,localization.common,ieee14,cnn+prev+jac,all,,macro_fr,,0.025553107440386948,,,
localization.common-ieee14-migrated,localization.common,ieee14,cnn+prev+jac,all,,node_f1,,0.8450906479985639,,,
localization.common-ieee14-migrated,localization.common,ieee14,cnn+prev+jac,benign,,bus_alarm_rate,,0.02007744156030403,,,
localization.common-ieee14-migrated,localization.common,ieee14,cnn+prev+jac,benign,,false_alarm_rate,,0.07701132941345189,,,
localization.common-ieee14-migrated,localization.common,ieee14,delta,Ad,,detection_rate,,0.3155737704918033,,,
localization.common-ieee14-migrated,localization.common,ieee14,delta,Ad,,macro_f1,,0.1523604048345112,,,
localization.common-ieee14-migrated,localization.common,ieee14,delta,Ad,,node_f1,,0.15277455305316928,,,
localization.common-ieee14-migrated,localization.common,ieee14,delta,Ad,,node_precision,,0.8163771712158809,,,
localization.common-ieee14-migrated,localization.common,ieee14,delta,Ad,,node_recall,,0.08427254098360656,,,
localization.common-ieee14-migrated,localization.common,ieee14,delta,Ad,,sample_f1,,0.12443891491022636,,,
localization.common-ieee14-migrated,localization.common,ieee14,delta,Ad,,strict_acc,,0.0,,,
localization.common-ieee14-migrated,localization.common,ieee14,delta,Al,,detection_rate,,0.11526794742163801,,,
localization.common-ieee14-migrated,localization.common,ieee14,delta,Al,,macro_f1,,0.02584013779647642,,,
localization.common-ieee14-migrated,localization.common,ieee14,delta,Al,,node_f1,,0.026099438862064464,,,
localization.common-ieee14-migrated,localization.common,ieee14,delta,Al,,node_precision,,0.6289308176100629,,,
localization.common-ieee14-migrated,localization.common,ieee14,delta,Al,,node_recall,,0.013326226012793176,,,
localization.common-ieee14-migrated,localization.common,ieee14,delta,Al,,sample_f1,,0.022202962748968817,,,
localization.common-ieee14-migrated,localization.common,ieee14,delta,Al,,strict_acc,,0.0,,,
localization.common-ieee14-migrated,localization.common,ieee14,delta,Am,,detection_rate,,0.010317460317460317,,,
localization.common-ieee14-migrated,localization.common,ieee14,delta,Am,,macro_f1,,0.00019825535289437094,,,
localization.common-ieee14-migrated,localization.common,ieee14,delta,Am,,node_f1,,0.00020805159679600544,,,
localization.common-ieee14-migrated,localization.common,ieee14,delta,Am,,node_precision,,0.07692307692307693,,,
localization.common-ieee14-migrated,localization.common,ieee14,delta,Am,,node_recall,,0.00010416666666666667,,,
localization.common-ieee14-migrated,localization.common,ieee14,delta,Am,,sample_f1,,0.00022675736961451246,,,
localization.common-ieee14-migrated,localization.common,ieee14,delta,Am,,strict_acc,,0.0,,,
localization.common-ieee14-migrated,localization.common,ieee14,delta,Aq,,detection_rate,,0.3383458646616541,,,
localization.common-ieee14-migrated,localization.common,ieee14,delta,Aq,,macro_f1,,0.046744831439225046,,,
localization.common-ieee14-migrated,localization.common,ieee14,delta,Aq,,node_f1,,0.0427807486631016,,,
localization.common-ieee14-migrated,localization.common,ieee14,delta,Aq,,node_precision,,0.181360201511335,,,
localization.common-ieee14-migrated,localization.common,ieee14,delta,Aq,,node_recall,,0.0242505894240485,,,
localization.common-ieee14-migrated,localization.common,ieee14,delta,Aq,,sample_f1,,0.03291670735279758,,,
localization.common-ieee14-migrated,localization.common,ieee14,delta,Aq,,strict_acc,,0.00966702470461869,,,
localization.common-ieee14-migrated,localization.common,ieee14,delta,Ar,,detection_rate,,0.30383795309168443,,,
localization.common-ieee14-migrated,localization.common,ieee14,delta,Ar,,macro_f1,,0.21211493012616617,,,
localization.common-ieee14-migrated,localization.common,ieee14,delta,Ar,,node_f1,,0.21573663320102732,,,
localization.common-ieee14-migrated,localization.common,ieee14,delta,Ar,,node_precision,,0.8700564971751412,,,
localization.common-ieee14-migrated,localization.common,ieee14,delta,Ar,,node_recall,,0.12313432835820895,,,
localization.common-ieee14-migrated,localization.common,ieee14,delta,Ar,,sample_f1,,0.15718008596473412,,,
localization.common-ieee14-migrated,localization.common,ieee14,delta,Ar,,strict_acc,,0.019189765458422176,,,
localization.common-ieee14-migrated,localization.common,ieee14,delta,As,,detection_rate,,0.2872655478775913,,,
localization.common-ieee14-migrated,localization.common,ieee14,delta,As,,macro_f1,,0.13347294290002124,,,
localization.common-ieee14-migrated,localization.common,ieee14,delta,As,,node_f1,,0.13468926553672317,,,
localization.common-ieee14-migrated,localization.common,ieee14,delta,As,,node_precision,,0.7989276139410187,,,
localization.common-ieee14-migrated,localization.common,ieee14,delta,As,,node_recall,,0.07354392892398816,,,
localization.common-ieee14-migrated,localization.common,ieee14,delta,As,,sample_f1,,0.10891270624735581,,,
localization.common-ieee14-migrated,localization.common,ieee14,delta,As,,strict_acc,,0.0,,,
localization.common-ieee14-migrated,localization.common,ieee14,delta,At,,detection_rate,,0.014393939393939395,,,
localization.common-ieee14-migrated,localization.common,ieee14,delta,At,,macro_f1,,0.0,,,
localization.common-ieee14-migrated,localization.common,ieee14,delta,At,,node_f1,,0.0,,,
localization.common-ieee14-migrated,localization.common,ieee14,delta,At,,node_precision,,0.0,,,
localization.common-ieee14-migrated,localization.common,ieee14,delta,At,,node_recall,,0.0,,,
localization.common-ieee14-migrated,localization.common,ieee14,delta,At,,sample_f1,,0.0,,,
localization.common-ieee14-migrated,localization.common,ieee14,delta,At,,strict_acc,,0.0,,,
localization.common-ieee14-migrated,localization.common,ieee14,delta,all,,macro_dr,,0.045150713754059886,,,
localization.common-ieee14-migrated,localization.common,ieee14,delta,all,,macro_f1,,0.08118035452090012,,,
localization.common-ieee14-migrated,localization.common,ieee14,delta,all,,macro_fr,,0.007392148938111938,,,
localization.common-ieee14-migrated,localization.common,ieee14,delta,all,,node_f1,,0.061482997174315504,,,
localization.common-ieee14-migrated,localization.common,ieee14,delta,benign,,bus_alarm_rate,,0.007949027883059146,,,
localization.common-ieee14-migrated,localization.common,ieee14,delta,benign,,false_alarm_rate,,0.08590276781872938,,,
localization.common-ieee14-migrated,localization.common,ieee14,mlp,Ad,,detection_rate,,1.0,,,
localization.common-ieee14-migrated,localization.common,ieee14,mlp,Ad,,macro_f1,,0.9035987126837619,,,
localization.common-ieee14-migrated,localization.common,ieee14,mlp,Ad,,node_f1,,0.9036679781698185,,,
localization.common-ieee14-migrated,localization.common,ieee14,mlp,Ad,,node_precision,,0.8955974842767296,,,
localization.common-ieee14-migrated,localization.common,ieee14,mlp,Ad,,node_recall,,0.9118852459016393,,,
localization.common-ieee14-migrated,localization.common,ieee14,mlp,Ad,,sample_f1,,0.903956795708845,,,
localization.common-ieee14-migrated,localization.common,ieee14,mlp,Ad,,strict_acc,,0.48360655737704916,,,
localization.common-ieee14-migrated,localization.common,ieee14,mlp,Al,,detection_rate,,1.0,,,
localization.common-ieee14-migrated,localization.common,ieee14,mlp,Al,,macro_f1,,0.8395675657445697,,,
localization.common-ieee14-migrated,localization.common,ieee14,mlp,Al,,node_f1,,0.8606323992207403,,,
localization.common-ieee14-migrated,localization.common,ieee14,mlp,Al,,node_precision,,0.9830537487161931,,,
localization.common-ieee14-migrated,localization.common,ieee14,mlp,Al,,node_recall,,0.7653251599147122,,,
localization.common-ieee14-migrated,localization.common,ieee14,mlp,Al,,sample_f1,,0.8495714572440916,,,
localization.common-ieee14-migrated,localization.common,ieee14,mlp,Al,,strict_acc,,0.17593528816986856,,,
localization.common-ieee14-migrated,localization.common,ieee14,mlp,Am,,detection_rate,,0.9777777777777777,,,
localization.common-ieee14-migrated,localization.common,ieee14,mlp,Am,,macro_f1,,0.6432424043366063,,,
localization.common-ieee14-migrated,localization.common,ieee14,mlp,Am,,node_f1,,0.6937014667817085,,,
localization.common-ieee14-migrated,localization.common,ieee14,mlp,Am,,node_precision,,0.9559173221145052,,,
localization.common-ieee14-migrated,localization.common,ieee14,mlp,Am,,node_recall,,0.544375,,,
localization.common-ieee14-migrated,localization.common,ieee14,mlp,Am,,sample_f1,,0.6676769967246158,,,
localization.common-ieee14-migrated,localization.common,ieee14,mlp,Am,,strict_acc,,0.009523809523809525,,,
localization.common-ieee14-migrated,localization.common,ieee14,mlp,Aq,,detection_rate,,0.9828141783029001,,,
localization.common-ieee14-migrated,localization.common,ieee14,mlp,Aq,,macro_f1,,0.913738032356135,,,
localization.common-ieee14-migrated,localization.common,ieee14,mlp,Aq,,node_f1,,0.9057862264465566,,,
localization.common-ieee14-migrated,localization.common,ieee14,mlp,Aq,,node_precision,,0.8969616908850726,,,
localization.common-ieee14-migrated,localization.common,ieee14,mlp,Aq,,node_recall,,0.9147861232738296,,,
localization.common-ieee14-migrated,localization.common,ieee14,mlp,Aq,,sample_f1,,0.8642496064622811,,,
localization.common-ieee14-migrated,localization.common,ieee14,mlp,Aq,,strict_acc,,0.5628356605800214,,,
localization.common-ieee14-migrated,localization.common,ieee14,mlp,Ar,,detection_rate,,0.9658848614072495,,,
localization.common-ieee14-migrated,localization.common,ieee14,mlp,Ar,,macro_f1,,0.7994135392043842,,,
localization.common-ieee14-migrated,localization.common,ieee14,mlp,Ar,,node_f1,,0.8139786608937685,,,
localization.common-ieee14-migrated,localization.common,ieee14,mlp,Ar,,node_precision,,0.9694290976058931,,,
localization.common-ieee14-migrated,localization.common,ieee14,mlp,Ar,,node_recall,,0.7014925373134329,,,
localization.common-ieee14-migrated,localization.common,ieee14,mlp,Ar,,sample_f1,,0.7748037025755575,,,
localization.common-ieee14-migrated,localization.common,ieee14,mlp,Ar,,strict_acc,,0.3411513859275053,,,
localization.common-ieee14-migrated,localization.common,ieee14,mlp,As,,detection_rate,,0.9990128331688055,,,
localization.common-ieee14-migrated,localization.common,ieee14,mlp,As,,macro_f1,,0.8957459672072395,,,
localization.common-ieee14-migrated,localization.common,ieee14,mlp,As,,node_f1,,0.8963000251698968,,,
localization.common-ieee14-migrated,localization.common,ieee14,mlp,As,,node_precision,,0.9144838212634823,,,
localization.common-ieee14-migrated,localization.common,ieee14,mlp,As,,node_recall,,0.8788252714708786,,,
localization.common-ieee14-migrated,localization.common,ieee14,mlp,As,,sample_f1,,0.8918119283371011,,,
localization.common-ieee14-migrated,localization.common,ieee14,mlp,As,,strict_acc,,0.48963474827245806,,,
localization.common-ieee14-migrated,localization.common,ieee14,mlp,At,,detection_rate,,0.5068181818181818,,,
localization.common-ieee14-migrated,localization.common,ieee14,mlp,At,,macro_f1,,0.229136010620811,,,
localization.common-ieee14-migrated,localization.common,ieee14,mlp,At,,node_f1,,0.2693105235873509,,,
localization.common-ieee14-migrated,localization.common,ieee14,mlp,At,,node_precision,,0.9310035842293907,,,
localization.common-ieee14-migrated,localization.common,ieee14,mlp,At,,node_recall,,0.1574242424242424,,,
localization.common-ieee14-migrated,localization.common,ieee14,mlp,At,,sample_f1,,0.22573051948051945,,,
localization.common-ieee14-migrated,localization.common,ieee14,mlp,At,,strict_acc,,0.0,,,
localization.common-ieee14-migrated,localization.common,ieee14,mlp,all,,macro_dr,,0.6969719299589857,,,
localization.common-ieee14-migrated,localization.common,ieee14,mlp,all,,macro_f1,,0.7649851626736254,,,
localization.common-ieee14-migrated,localization.common,ieee14,mlp,all,,macro_fr,,0.011785718941892755,,,
localization.common-ieee14-migrated,localization.common,ieee14,mlp,all,,node_f1,,0.7494259208229999,,,
localization.common-ieee14-migrated,localization.common,ieee14,mlp,benign,,bus_alarm_rate,,0.009260207740058594,,,
localization.common-ieee14-migrated,localization.common,ieee14,mlp,benign,,false_alarm_rate,,0.11300731392513982,,,
localization.common-ieee14-migrated,localization.common,ieee14,residual,Ad,,detection_rate,,1.0,,,
localization.common-ieee14-migrated,localization.common,ieee14,residual,Ad,,macro_f1,,0.5705499155492478,,,
localization.common-ieee14-migrated,localization.common,ieee14,residual,Ad,,node_f1,,0.5056456846203764,,,
localization.common-ieee14-migrated,localization.common,ieee14,residual,Ad,,node_precision,,0.33860594472449157,,,
localization.common-ieee14-migrated,localization.common,ieee14,residual,Ad,,node_recall,,0.9979508196721312,,,
localization.common-ieee14-migrated,localization.common,ieee14,residual,Ad,,sample_f1,,0.5101082578556663,,,
localization.common-ieee14-migrated,localization.common,ieee14,residual,Ad,,strict_acc,,0.0,,,
localization.common-ieee14-migrated,localization.common,ieee14,residual,Al,,detection_rate,,0.03134479271991911,,,
localization.common-ieee14-migrated,localization.common,ieee14,residual,Al,,macro_f1,,0.0028865375312053724,,,
localization.common-ieee14-migrated,localization.common,ieee14,residual,Al,,node_f1,,0.0029146793852676206,,,
localization.common-ieee14-migrated,localization.common,ieee14,residual,Al,,node_precision,,0.25,,,
localization.common-ieee14-migrated,localization.common,ieee14,residual,Al,,node_recall,,0.0014658848614072495,,,
localization.common-ieee14-migrated,localization.common,ieee14,residual,Al,,sample_f1,,0.002318432045429012,,,
localization.common-ieee14-migrated,localization.common,ieee14,residual,Al,,strict_acc,,0.0,,,
localization.common-ieee14-migrated,localization.common,ieee14,residual,Am,,detection_rate,,0.04365079365079365,,,
localization.common-ieee14-migrated,localization.common,ieee14,residual,Am,,macro_f1,,0.005483595376244321,,,
localization.common-ieee14-migrated,localization.common,ieee14,residual,Am,,node_f1,,0.00558659217877095,,,
localization.common-ieee14-migrated,localization.common,ieee14,residual,Am,,node_precision,,0.4090909090909091,,,
localization.common-ieee14-migrated,localization.common,ieee14,residual,Am,,node_recall,,0.0028125,,,
localization.common-ieee14-migrated,localization.common,ieee14,residual,Am,,sample_f1,,0.004739858906525574,,,
localization.common-ieee14-migrated,localization.common,ieee14,residual,Am,,strict_acc,,0.0,,,
localization.common-ieee14-migrated,localization.common,ieee14,residual,Aq,,detection_rate,,0.03007518796992481,,,
localization.common-ieee14-migrated,localization.common,ieee14,residual,Aq,,macro_f1,,0.002562759357403341,,,
localization.common-ieee14-migrated,localization.common,ieee14,residual,Aq,,node_f1,,0.0026613439787092482,,,
localization.common-ieee14-migrated,localization.common,ieee14,residual,Aq,,node_precision,,0.10810810810810811,,,
localization.common-ieee14-migrated,localization.common,ieee14,residual,Aq,,node_recall,,0.0013472549680026945,,,
localization.common-ieee14-migrated,localization.common,ieee14,residual,Aq,,sample_f1,,0.0018796992481203004,,,
localization.common-ieee14-migrated,localization.common,ieee14,residual,Aq,,strict_acc,,0.0,,,
localization.common-ieee14-migrated,localization.common,ieee14,residual,Ar,,detection_rate,,0.9594882729211087,,,
localization.common-ieee14-migrated,localization.common,ieee14,residual,Ar,,macro_f1,,0.5717431181187582,,,
localization.common-ieee14-migrated,localization.common,ieee14,residual,Ar,,node_f1,,0.5085006407518154,,,
localization.common-ieee14-migrated,localization.common,ieee14,residual,Ar,,node_precision,,0.37419841569219164,,,
localization.common-ieee14-migrated,localization.common,ieee14,residual,Ar,,node_recall,,0.7931769722814499,,,
localization.common-ieee14-migrated,localization.common,ieee14,residual,Ar,,sample_f1,,0.4979757045635636,,,
localization.common-ieee14-migrated,localization.common,ieee14,residual,Ar,,strict_acc,,0.005330490405117271,,,
localization.common-ieee14-migrated,localization.common,ieee14,residual,As,,detection_rate,,1.0,,,
localization.common-ieee14-migrated,localization.common,ieee14,residual,As,,macro_f1,,0.579712145334916,,,
localization.common-ieee14-migrated,localization.common,ieee14,residual,As,,node_f1,,0.49235720032180214,,,
localization.common-ieee14-migrated,localization.common,ieee14,residual,As,,node_precision,,0.32857024861650286,,,
localization.common-ieee14-migrated,localization.common,ieee14,residual,As,,node_recall,,0.9817374136229022,,,
localization.common-ieee14-migrated,localization.common,ieee14,residual,As,,sample_f1,,0.4946385931200983,,,
localization.common-ieee14-migrated,localization.common,ieee14,residual,As,,strict_acc,,0.0,,,
localization.common-ieee14-migrated,localization.common,ieee14,residual,At,,detection_rate,,0.03409090909090909,,,
localization.common-ieee14-migrated,localization.common,ieee14,residual,At,,macro_f1,,0.002200026883392935,,,
localization.common-ieee14-migrated,localization.common,ieee14,residual,At,,node_f1,,0.00210178651854076,,,
localization.common-ieee14-migrated,localization.common,ieee14,residual,At,,node_precision,,0.11475409836065574,,,
localization.common-ieee14-migrated,localization.common,ieee14,residual,At,,node_recall,,0.0010606060606060607,,,
localization.common-ieee14-migrated,localization.common,ieee14,residual,At,,sample_f1,,0.0017316017316017316,,,
localization.common-ieee14-migrated,localization.common,ieee14,residual,At,,strict_acc,,0.0,,,
localization.common-ieee14-migrated,localization.common,ieee14,residual,all,,macro_dr,,0.41825081394112423,,,
localization.common-ieee14-migrated,localization.common,ieee14,residual,all,,macro_f1,,0.3755658715626568,,,
localization.common-ieee14-migrated,localization.common,ieee14,residual,all,,macro_fr,,0.0016557370637393582,,,
localization.common-ieee14-migrated,localization.common,ieee14,residual,all,,node_f1,,0.3092792281498298,,,
localization.common-ieee14-migrated,localization.common,ieee14,residual,benign,,bus_alarm_rate,,0.003329167605662658,,,
localization.common-ieee14-migrated,localization.common,ieee14,residual,benign,,false_alarm_rate,,0.036426215402265885,,,
localization.common-ieee14-migrated,localization.common,ieee14,swing,Ad,,detection_rate,,0.45901639344262296,,,
localization.common-ieee14-migrated,localization.common,ieee14,swing,Ad,,macro_f1,,0.2955179062314366,,,
localization.common-ieee14-migrated,localization.common,ieee14,swing,Ad,,node_f1,,0.29365584553363033,,,
localization.common-ieee14-migrated,localization.common,ieee14,swing,Ad,,node_precision,,0.8553770086526576,,,
localization.common-ieee14-migrated,localization.common,ieee14,swing,Ad,,node_recall,,0.17725409836065573,,,
localization.common-ieee14-migrated,localization.common,ieee14,swing,Ad,,sample_f1,,0.22855339105339104,,,
localization.common-ieee14-migrated,localization.common,ieee14,swing,Ad,,strict_acc,,0.0235655737704918,,,
localization.common-ieee14-migrated,localization.common,ieee14,swing,Al,,detection_rate,,0.18301314459049545,,,
localization.common-ieee14-migrated,localization.common,ieee14,swing,Al,,macro_f1,,0.07767229193293596,,,
localization.common-ieee14-migrated,localization.common,ieee14,swing,Al,,node_f1,,0.07721423164269493,,,
localization.common-ieee14-migrated,localization.common,ieee14,swing,Al,,node_precision,,0.7251184834123223,,,
localization.common-ieee14-migrated,localization.common,ieee14,swing,Al,,node_recall,,0.04077825159914712,,,
localization.common-ieee14-migrated,localization.common,ieee14,swing,Al,,sample_f1,,0.05444290026012503,,,
localization.common-ieee14-migrated,localization.common,ieee14,swing,Al,,strict_acc,,0.0,,,
localization.common-ieee14-migrated,localization.common,ieee14,swing,Am,,detection_rate,,0.014285714285714285,,,
localization.common-ieee14-migrated,localization.common,ieee14,swing,Am,,macro_f1,,0.0012822582021836588,,,
localization.common-ieee14-migrated,localization.common,ieee14,swing,Am,,node_f1,,0.001247141966327167,,,
localization.common-ieee14-migrated,localization.common,ieee14,swing,Am,,node_precision,,0.2727272727272727,,,
localization.common-ieee14-migrated,localization.common,ieee14,swing,Am,,node_recall,,0.000625,,,
localization.common-ieee14-migrated,localization.common,ieee14,swing,Am,,sample_f1,,0.0010008818342151676,,,
localization.common-ieee14-migrated,localization.common,ieee14,swing,Am,,strict_acc,,0.0,,,
localization.common-ieee14-migrated,localization.common,ieee14,swing,Aq,,detection_rate,,0.44038668098818473,,,
localization.common-ieee14-migrated,localization.common,ieee14,swing,Aq,,macro_f1,,0.15709445032402547,,,
localization.common-ieee14-migrated,localization.common,ieee14,swing,Aq,,node_f1,,0.1401995146939876,,,
localization.common-ieee14-migrated,localization.common,ieee14,swing,Aq,,node_precision,,0.35135135135135137,,,
localization.common-ieee14-migrated,localization.common,ieee14,swing,Aq,,node_recall,,0.08757157292017514,,,
localization.common-ieee14-migrated,localization.common,ieee14,swing,Aq,,sample_f1,,0.0800472948700661,,,
localization.common-ieee14-migrated,localization.common,ieee14,swing,Aq,,strict_acc,,0.0053705692803437165,,,
localization.common-ieee14-migrated,localization.common,ieee14,swing,Ar,,detection_rate,,0.4584221748400853,,,
localization.common-ieee14-migrated,localization.common,ieee14,swing,Ar,,macro_f1,,0.2844514902920279,,,
localization.common-ieee14-migrated,localization.common,ieee14,swing,Ar,,node_f1,,0.292229355767102,,,
localization.common-ieee14-migrated,localization.common,ieee14,swing,Ar,,node_precision,,0.8627450980392157,,,
localization.common-ieee14-migrated,localization.common,ieee14,swing,Ar,,node_recall,,0.17590618336886993,,,
localization.common-ieee14-migrated,localization.common,ieee14,swing,Ar,,sample_f1,,0.2291220151561303,,,
localization.common-ieee14-migrated,localization.common,ieee14,swing,Ar,,strict_acc,,0.02025586353944563,,,
localization.common-ieee14-migrated,localization.common,ieee14,swing,As,,detection_rate,,0.4106614017769003,,,
localization.common-ieee14-migrated,localization.common,ieee14,swing,As,,macro_f1,,0.2552261552830682,,,
localization.common-ieee14-migrated,localization.common,ieee14,swing,As,,node_f1,,0.254094918101638,,,
localization.common-ieee14-migrated,localization.common,ieee14,swing,As,,node_precision,,0.852112676056338,,,
localization.common-ieee14-migrated,localization.common,ieee14,swing,As,,node_recall,,0.14930898321816388,,,
localization.common-ieee14-migrated,localization.common,ieee14,swing,As,,sample_f1,,0.1964705032819544,,,
localization.common-ieee14-migrated,localization.common,ieee14,swing,As,,strict_acc,,0.018756169792694965,,,
localization.common-ieee14-migrated,localization.common,ieee14,swing,At,,detection_rate,,0.019696969696969695,,,
localization.common-ieee14-migrated,localization.common,ieee14,swing,At,,macro_f1,,0.001787214553702507,,,
localization.common-ieee14-migrated,localization.common,ieee14,swing,At,,node_f1,,0.0018105009052504528,,,
localization.common-ieee14-migrated,localization.common,ieee14,swing,At,,node_precision,,0.21428571428571427,,,
localization.common-ieee14-migrated,localization.common,ieee14,swing,At,,node_recall,,0.0009090909090909091,,,
localization.common-ieee14-migrated,localization.common,ieee14,swing,At,,sample_f1,,0.0014520202020202018,,,
localization.common-ieee14-migrated,localization.common,ieee14,swing,At,,strict_acc,,0.0,,,
localization.common-ieee14-migrated,localization.common,ieee14,swing,all,,macro_dr,,0.09421904668014407,,,
localization.common-ieee14-migrated,localization.common,ieee14,swing,all,,macro_f1,,0.15592942426590553,,,
localization.common-ieee14-migrated,localization.common,ieee14,swing,all,,macro_fr,,0.011629271345318958,,,
localization.common-ieee14-migrated,localization.common,ieee14,swing,all,,node_f1,,0.11790149295381612,,,
localization.common-ieee14-migrated,localization.common,ieee14,swing,benign,,bus_alarm_rate,,0.0115240417119092,,,
localization.common-ieee14-migrated,localization.common,ieee14,swing,benign,,false_alarm_rate,,0.09952674602036427,,,
localization.common-ieee300-migrated,localization.common,ieee300,cnn,Ad,,detection_rate,,0.9989837398373984,,,
localization.common-ieee300-migrated,localization.common,ieee300,cnn,Ad,,macro_f1,,0.726474732236984,,,
localization.common-ieee300-migrated,localization.common,ieee300,cnn,Ad,,node_f1,,0.701095461658842,,,
localization.common-ieee300-migrated,localization.common,ieee300,cnn,Ad,,node_precision,,0.5497329291179442,,,
localization.common-ieee300-migrated,localization.common,ieee300,cnn,Ad,,node_recall,,0.967479674796748,,,
localization.common-ieee300-migrated,localization.common,ieee300,cnn,Ad,,sample_f1,,0.7213345069962718,,,
localization.common-ieee300-migrated,localization.common,ieee300,cnn,Ad,,strict_acc,,0.07113821138211382,,,
localization.common-ieee300-migrated,localization.common,ieee300,cnn,Al,,detection_rate,,1.0,,,
localization.common-ieee300-migrated,localization.common,ieee300,cnn,Al,,macro_f1,,0.9440621047303168,,,
localization.common-ieee300-migrated,localization.common,ieee300,cnn,Al,,node_f1,,0.8786894124018413,,,
localization.common-ieee300-migrated,localization.common,ieee300,cnn,Al,,node_precision,,0.8067122436295836,,,
localization.common-ieee300-migrated,localization.common,ieee300,cnn,Al,,node_recall,,0.9647688419800803,,,
localization.common-ieee300-migrated,localization.common,ieee300,cnn,Al,,sample_f1,,0.8730990486997512,,,
localization.common-ieee300-migrated,localization.common,ieee300,cnn,Al,,strict_acc,,0.25667351129363447,,,
localization.common-ieee300-migrated,localization.common,ieee300,cnn,Am,,detection_rate,,0.8458333333333333,,,
localization.common-ieee300-migrated,localization.common,ieee300,cnn,Am,,macro_f1,,0.21796770878361388,,,
localization.common-ieee300-migrated,localization.common,ieee300,cnn,Am,,node_f1,,0.16262501712563368,,,
localization.common-ieee300-migrated,localization.common,ieee300,cnn,Am,,node_precision,,0.14621828036462184,,,
localization.common-ieee300-migrated,localization.common,ieee300,cnn,Am,,node_recall,,0.18317901234567902,,,
localization.common-ieee300-migrated,localization.common,ieee300,cnn,Am,,sample_f1,,0.13937600866316338,,,
localization.common-ieee300-migrated,localization.common,ieee300,cnn,Am,,strict_acc,,0.0,,,
localization.common-ieee300-migrated,localization.common,ieee300,cnn,Aq,,detection_rate,,0.9793388429752066,,,
localization.common-ieee300-migrated,localization.common,ieee300,cnn,Aq,,macro_f1,,0.7165636048128521,,,
localization.common-ieee300-migrated,localization.common,ieee300,cnn,Aq,,node_f1,,0.6317773589089699,,,
localization.common-ieee300-migrated,localization.common,ieee300,cnn,Aq,,node_precision,,0.48255420054200543,,,
localization.common-ieee300-migrated,localization.common,ieee300,cnn,Aq,,node_recall,,0.9146067415730337,,,
localization.common-ieee300-migrated,localization.common,ieee300,cnn,Aq,,sample_f1,,0.6021327149139587,,,
localization.common-ieee300-migrated,localization.common,ieee300,cnn,Aq,,strict_acc,,0.049586776859504134,,,
localization.common-ieee300-migrated,localization.common,ieee300,cnn,Ar,,detection_rate,,0.9867482161060143,,,
localization.common-ieee300-migrated,localization.common,ieee300,cnn,Ar,,macro_f1,,0.6383219540767985,,,
localization.common-ieee300-migrated,localization.common,ieee300,cnn,Ar,,node_f1,,0.6198830409356725,,,
localization.common-ieee300-migrated,localization.common,ieee300,cnn,Ar,,node_precision,,0.49684954664207776,,,
localization.common-ieee300-migrated,localization.common,ieee300,cnn,Ar,,node_recall,,0.8239041794087666,,,
localization.common-ieee300-migrated,localization.common,ieee300,cnn,Ar,,sample_f1,,0.6330921760870329,,,
localization.common-ieee300-migrated,localization.common,ieee300,cnn,Ar,,strict_acc,,0.07033639143730887,,,
localization.common-ieee300-migrated,localization.common,ieee300,cnn,As,,detection_rate,,1.0,,,
localization.common-ieee300-migrated,localization.common,ieee300,cnn,As,,macro_f1,,0.7161359126617683,,,
localization.common-ieee300-migrated,localization.common,ieee300,cnn,As,,node_f1,,0.6922355588897224,,,
localization.common-ieee300-migrated,localization.common,ieee300,cnn,As,,node_precision,,0.541837933059307,,,
localization.common-ieee300-migrated,localization.common,ieee300,cnn,As,,node_recall,,0.9582035306334372,,,
localization.common-ieee300-migrated,localization.common,ieee300,cnn,As,,sample_f1,,0.7158616135323985,,,
localization.common-ieee300-migrated,localization.common,ieee300,cnn,As,,strict_acc,,0.07995846313603323,,,
localization.common-ieee300-migrated,localization.common,ieee300,cnn,At,,detection_rate,,0.722,,,
localization.common-ieee300-migrated,localization.common,ieee300,cnn,At,,macro_f1,,0.033309080775636046,,,
localization.common-ieee300-migrated,localization.common,ieee300,cnn,At,,node_f1,,0.029947044859699314,,,
localization.common-ieee300-migrated,localization.common,ieee300,cnn,At,,node_precision,,0.027550677567476763,,,
localization.common-ieee300-migrated,localization.common,ieee300,cnn,At,,node_recall,,0.0328,,,
localization.common-ieee300-migrated,localization.common,ieee300,cnn,At,,sample_f1,,0.01772864891075812,,,
localization.common-ieee300-migrated,localization.common,ieee300,cnn,At,,strict_acc,,0.0,,,
localization.common-ieee300-migrated,localization.common,ieee300,cnn,all,,macro_dr,,0.7082288215539954,,,
localization.common-ieee300-migrated,localization.common,ieee300,cnn,all,,macro_f1,,0.4099714414316165,,,
localization.common-ieee300-migrated,localization.common,ieee300,cnn,all,,macro_fr,,0.01091404578004547,,,
localization.common-ieee300-migrated,localization.common,ieee300,cnn,all,,node_f1,,0.42366570128258174,,,
localization.common-ieee300-migrated,localization.common,ieee300,cnn,benign,,bus_alarm_rate,,0.006948609146628948,,,
localization.common-ieee300-migrated,localization.common,ieee300,cnn,benign,,false_alarm_rate,,0.5912305516265912,,,
localization.common-ieee300-migrated,localization.common,ieee300,cnn+jac,Ad,,detection_rate,,1.0,,,
localization.common-ieee300-migrated,localization.common,ieee300,cnn+jac,Ad,,macro_f1,,0.8083007562932727,,,
localization.common-ieee300-migrated,localization.common,ieee300,cnn+jac,Ad,,node_f1,,0.7153818048958713,,,
localization.common-ieee300-migrated,localization.common,ieee300,cnn+jac,Ad,,node_precision,,0.558471192241871,,,
localization.common-ieee300-migrated,localization.common,ieee300,cnn+jac,Ad,,node_recall,,0.9949186991869918,,,
localization.common-ieee300-migrated,localization.common,ieee300,cnn+jac,Ad,,sample_f1,,0.7402426781556322,,,
localization.common-ieee300-migrated,localization.common,ieee300,cnn+jac,Ad,,strict_acc,,0.06707317073170732,,,
localization.common-ieee300-migrated,localization.common,ieee300,cnn+jac,Al,,detection_rate,,0.9989733059548255,,,
localization.common-ieee300-migrated,localization.common,ieee300,cnn+jac,Al,,macro_f1,,0.9405825435651005,,,
localization.common-ieee300-migrated,localization.common,ieee300,cnn+jac,Al,,node_f1,,0.8462039328037504,,,
localization.common-ieee300-migrated,localization.common,ieee300,cnn+jac,Al,,node_precision,,0.7528675703858185,,,
localization.common-ieee300-migrated,localization.common,ieee300,cnn+jac,Al,,node_recall,,0.9659580793815965,,,
localization.common-ieee300-migrated,localization.common,ieee300,cnn+jac,Al,,sample_f1,,0.8476624594887463,,,
localization.common-ieee300-migrated,localization.common,ieee300,cnn+jac,Al,,strict_acc,,0.1806981519507187,,,
localization.common-ieee300-migrated,localization.common,ieee300,cnn+jac,Am,,detection_rate,,0.890625,,,
localization.common-ieee300-migrated,localization.common,ieee300,cnn+jac,Am,,macro_f1,,0.2560243345864227,,,
localization.common-ieee300-migrated,localization.common,ieee300,cnn+jac,Am,,node_f1,,0.1588430535798957,,,
localization.common-ieee300-migrated,localization.common,ieee300,cnn+jac,Am,,node_precision,,0.12894534257120863,,,
localization.common-ieee300-migrated,localization.common,ieee300,cnn+jac,Am,,node_recall,,0.20679012345679013,,,
localization.common-ieee300-migrated,localization.common,ieee300,cnn+jac,Am,,sample_f1,,0.1323576937738391,,,
localization.common-ieee300-migrated,localization.common,ieee300,cnn+jac,Am,,strict_acc,,0.0010416666666666667,,,
localization.common-ieee300-migrated,localization.common,ieee300,cnn+jac,Aq,,detection_rate,,0.9803719008264463,,,
localization.common-ieee300-migrated,localization.common,ieee300,cnn+jac,Aq,,macro_f1,,0.7511131202867828,,,
localization.common-ieee300-migrated,localization.common,ieee300,cnn+jac,Aq,,node_f1,,0.6154855643044619,,,
localization.common-ieee300-migrated,localization.common,ieee300,cnn+jac,Aq,,node_precision,,0.466744070326754,,,
localization.common-ieee300-migrated,localization.common,ieee300,cnn+jac,Aq,,node_recall,,0.903370786516854,,,
localization.common-ieee300-migrated,localization.common,ieee300,cnn+jac,Aq,,sample_f1,,0.6139200665127894,,,
localization.common-ieee300-migrated,localization.common,ieee300,cnn+jac,Aq,,strict_acc,,0.08677685950413223,,,
localization.common-ieee300-migrated,localization.common,ieee300,cnn+jac,Ar,,detection_rate,,1.0,,,
localization.common-ieee300-migrated,localization.common,ieee300,cnn+jac,Ar,,macro_f1,,0.6790716653791401,,,
localization.common-ieee300-migrated,localization.common,ieee300,cnn+jac,Ar,,node_f1,,0.3929643929643929,,,
localization.common-ieee300-migrated,localization.common,ieee300,cnn+jac,Ar,,node_precision,,0.24884542243955446,,,
localization.common-ieee300-migrated,localization.common,ieee300,cnn+jac,Ar,,node_recall,,0.9337410805300713,,,
localization.common-ieee300-migrated,localization.common,ieee300,cnn+jac,Ar,,sample_f1,,0.4364089610138988,,,
localization.common-ieee300-migrated,localization.common,ieee300,cnn+jac,Ar,,strict_acc,,0.00815494393476045,,,
localization.common-ieee300-migrated,localization.common,ieee300,cnn+jac,As,,detection_rate,,1.0,,,
localization.common-ieee300-migrated,localization.common,ieee300,cnn+jac,As,,macro_f1,,0.8035982777944369,,,
localization.common-ieee300-migrated,localization.common,ieee300,cnn+jac,As,,node_f1,,0.7448506947866365,,,
localization.common-ieee300-migrated,localization.common,ieee300,cnn+jac,As,,node_precision,,0.6003177124702145,,,
localization.common-ieee300-migrated,localization.common,ieee300,cnn+jac,As,,node_recall,,0.981048805815161,,,
localization.common-ieee300-migrated,localization.common,ieee300,cnn+jac,As,,sample_f1,,0.7656940020051618,,,
localization.common-ieee300-migrated,localization.common,ieee300,cnn+jac,As,,strict_acc,,0.08099688473520249,,,
localization.common-ieee300-migrated,localization.common,ieee300,cnn+jac,At,,detection_rate,,0.8186666666666667,,,
localization.common-ieee300-migrated,localization.common,ieee300,cnn+jac,At,,macro_f1,,0.04419949917738644,,,
localization.common-ieee300-migrated,localization.common,ieee300,cnn+jac,At,,node_f1,,0.035249531984840876,,,
localization.common-ieee300-migrated,localization.common,ieee300,cnn+jac,At,,node_precision,,0.02680369418790362,,,
localization.common-ieee300-migrated,localization.common,ieee300,cnn+jac,At,,node_recall,,0.05146666666666667,,,
localization.common-ieee300-migrated,localization.common,ieee300,cnn+jac,At,,sample_f1,,0.02430070176041654,,,
localization.common-ieee300-migrated,localization.common,ieee300,cnn+jac,At,,strict_acc,,0.0,,,
localization.common-ieee300-migrated,localization.common,ieee300,cnn+jac,all,,macro_dr,,0.735627273814339,,,
localization.common-ieee300-migrated,localization.common,ieee300,cnn+jac,all,,macro_f1,,0.37839245603349103,,,
localization.common-ieee300-migrated,localization.common,ieee300,cnn+jac,all,,macro_fr,,0.012084836007908944,,,
localization.common-ieee300-migrated,localization.common,ieee300,cnn+jac,all,,node_f1,,0.37535718176257155,,,
localization.common-ieee300-migrated,localization.common,ieee300,cnn+jac,benign,,bus_alarm_rate,,0.007694012258368694,,,
localization.common-ieee300-migrated,localization.common,ieee300,cnn+jac,benign,,false_alarm_rate,,0.5910891089108911,,,
localization.common-ieee300-migrated,localization.common,ieee300,cnn+prev,Ad,,detection_rate,,1.0,,,
localization.common-ieee300-migrated,localization.common,ieee300,cnn+prev,Ad,,macro_f1,,0.8487108809256098,,,
localization.common-ieee300-migrated,localization.common,ieee300,cnn+prev,Ad,,node_f1,,0.832222100776041,,,
localization.common-ieee300-migrated,localization.common,ieee300,cnn+prev,Ad,,node_precision,,0.730289660464224,,,
localization.common-ieee300-migrated,localization.common,ieee300,cnn+prev,Ad,,node_recall,,0.9672256097560976,,,
localization.common-ieee300-migrated,localization.common,ieee300,cnn+prev,Ad,,sample_f1,,0.8455196931568884,,,
localization.common-ieee300-migrated,localization.common,ieee300,cnn+prev,Ad,,strict_acc,,0.2459349593495935,,,
localization.common-ieee300-migrated,localization.common,ieee300,cnn+prev,Al,,detection_rate,,0.9969199178644764,,,
localization.common-ieee300-migrated,localization.common,ieee300,cnn+prev,Al,,macro_f1,,0.9595923544452923,,,
localization.common-ieee300-migrated,localization.common,ieee300,cnn+prev,Al,,node_f1,,0.9127280411354511,,,
localization.common-ieee300-migrated,localization.common,ieee300,cnn+prev,Al,,node_precision,,0.8673360107095047,,,
localization.common-ieee300-migrated,localization.common,ieee300,cnn+prev,Al,,node_recall,,0.9631336405529954,,,
localization.common-ieee300-migrated,localization.common,ieee300,cnn+prev,Al,,sample_f1,,0.9043395622961116,,,
localization.common-ieee300-migrated,localization.common,ieee300,cnn+prev,Al,,strict_acc,,0.3613963039014374,,,
localization.common-ieee300-migrated,localization.common,ieee300,cnn+prev,Am,,detection_rate,,0.9385416666666667,,,
localization.common-ieee300-migrated,localization.common,ieee300,cnn+prev,Am,,macro_f1,,0.22981381793258515,,,
localization.common-ieee300-migrated,localization.common,ieee300,cnn+prev,Am,,node_f1,,0.132001242364634,,,
localization.common-ieee300-migrated,localization.common,ieee300,cnn+prev,Am,,node_precision,,0.09931453497429506,,,
localization.common-ieee300-migrated,localization.common,ieee300,cnn+prev,Am,,node_recall,,0.19675925925925927,,,
localization.common-ieee300-migrated,localization.common,ieee300,cnn+prev,Am,,sample_f1,,0.11791712122328582,,,
localization.common-ieee300-migrated,localization.common,ieee300,cnn+prev,Am,,strict_acc,,0.0010416666666666667,,,
localization.common-ieee300-migrated,localization.common,ieee300,cnn+prev,Aq,,detection_rate,,0.9948347107438017,,,
localization.common-ieee300-migrated,localization.common,ieee300,cnn+prev,Aq,,macro_f1,,0.7817697422321177,,,
localization.common-ieee300-migrated,localization.common,ieee300,cnn+prev,Aq,,node_f1,,0.6972716488730724,,,
localization.common-ieee300-migrated,localization.common,ieee300,cnn+prev,Aq,,node_precision,,0.5529633113828787,,,
localization.common-ieee300-migrated,localization.common,ieee300,cnn+prev,Aq,,node_recall,,0.9434991974317817,,,
localization.common-ieee300-migrated,localization.common,ieee300,cnn+prev,Aq,,sample_f1,,0.6939234025004213,,,
localization.common-ieee300-migrated,localization.common,ieee300,cnn+prev,Aq,,strict_acc,,0.10020661157024793,,,
localization.common-ieee300-migrated,localization.common,ieee300,cnn+prev,Ar,,detection_rate,,0.9949031600407747,,,
localization.common-ieee300-migrated,localization.common,ieee300,cnn+prev,Ar,,macro_f1,,0.754798387862947,,,
localization.common-ieee300-migrated,localization.common,ieee300,cnn+prev,Ar,,node_f1,,0.7482252721249408,,,
localization.common-ieee300-migrated,localization.common,ieee300,cnn+prev,Ar,,node_precision,,0.698321554770318,,,
localization.common-ieee300-migrated,localization.common,ieee300,cnn+prev,Ar,,node_recall,,0.8058103975535168,,,
localization.common-ieee300-migrated,localization.common,ieee300,cnn+prev,Ar,,sample_f1,,0.7456783645621565,,,
localization.common-ieee300-migrated,localization.common,ieee300,cnn+prev,Ar,,strict_acc,,0.14984709480122324,,,
localization.common-ieee300-migrated,localization.common,ieee300,cnn+prev,As,,detection_rate,,1.0,,,
localization.common-ieee300-migrated,localization.common,ieee300,cnn+prev,As,,macro_f1,,0.8273352342655709,,,
localization.common-ieee300-migrated,localization.common,ieee300,cnn+prev,As,,node_f1,,0.8100873797146333,,,
localization.common-ieee300-migrated,localization.common,ieee300,cnn+prev,As,,node_precision,,0.7057236461746001,,,
localization.common-ieee300-migrated,localization.common,ieee300,cnn+prev,As,,node_recall,,0.95067497403946,,,
localization.common-ieee300-migrated,localization.common,ieee300,cnn+prev,As,,sample_f1,,0.8244897712187431,,,
localization.common-ieee300-migrated,localization.common,ieee300,cnn+prev,As,,strict_acc,,0.2087227414330218,,,
localization.common-ieee300-migrated,localization.common,ieee300,cnn+prev,At,,detection_rate,,0.8833333333333333,,,
localization.common-ieee300-migrated,localization.common,ieee300,cnn+prev,At,,macro_f1,,0.05091938647479397,,,
localization.common-ieee300-migrated,localization.common,ieee300,cnn+prev,At,,node_f1,,0.04114145658263305,,,
localization.common-ieee300-migrated,localization.common,ieee300,cnn+prev,At,,node_precision,,0.030622882460255407,,,
localization.common-ieee300-migrated,localization.common,ieee300,cnn+prev,At,,node_recall,,0.06266666666666666,,,
localization.common-ieee300-migrated,localization.common,ieee300,cnn+prev,At,,sample_f1,,0.030807050366567272,,,
localization.common-ieee300-migrated,localization.common,ieee300,cnn+prev,At,,strict_acc,,0.0,,,
localization.common-ieee300-migrated,localization.common,ieee300,cnn+prev,all,,macro_dr,,0.712782111791538,,,
localization.common-ieee300-migrated,localization.common,ieee300,cnn+prev,all,,macro_f1,,0.4032325279312105,,,
localization.common-ieee300-migrated,localization.common,ieee300,cnn+prev,all,,macro_fr,,0.011397616949428676,,,
localization.common-ieee300-migrated,localization.common,ieee300,cnn+prev,all,,node_f1,,0.40802800816280677,,,
localization.common-ieee300-migrated,localization.common,ieee300,cnn+prev,benign,,bus_alarm_rate,,0.007256482791136256,,,
localization.common-ieee300-migrated,localization.common,ieee300,cnn+prev,benign,,false_alarm_rate,,0.5684582743988684,,,
localization.common-ieee300-migrated,localization.common,ieee300,cnn+prev+jac,Ad,,detection_rate,,1.0,,,
localization.common-ieee300-migrated,localization.common,ieee300,cnn+prev+jac,Ad,,macro_f1,,0.8559347314766035,,,
localization.common-ieee300-migrated,localization.common,ieee300,cnn+prev+jac,Ad,,node_f1,,0.8063851699279093,,,
localization.common-ieee300-migrated,localization.common,ieee300,cnn+prev+jac,Ad,,node_precision,,0.6780394873571182,,,
localization.common-ieee300-migrated,localization.common,ieee300,cnn+prev+jac,Ad,,node_recall,,0.9946646341463414,,,
localization.common-ieee300-migrated,localization.common,ieee300,cnn+prev+jac,Ad,,sample_f1,,0.8264863492403515,,,
localization.common-ieee300-migrated,localization.common,ieee300,cnn+prev+jac,Ad,,strict_acc,,0.20121951219512196,,,
localization.common-ieee300-migrated,localization.common,ieee300,cnn+prev+jac,Al,,detection_rate,,0.9989733059548255,,,
localization.common-ieee300-migrated,localization.common,ieee300,cnn+prev+jac,Al,,macro_f1,,0.9565460363289308,,,
localization.common-ieee300-migrated,localization.common,ieee300,cnn+prev+jac,Al,,node_f1,,0.8949809622706819,,,
localization.common-ieee300-migrated,localization.common,ieee300,cnn+prev+jac,Al,,node_precision,,0.837522674267945,,,
localization.common-ieee300-migrated,localization.common,ieee300,cnn+prev+jac,Al,,node_recall,,0.9609038204251523,,,
localization.common-ieee300-migrated,localization.common,ieee300,cnn+prev+jac,Al,,sample_f1,,0.8921965780876013,,,
localization.common-ieee300-migrated,localization.common,ieee300,cnn+prev+jac,Al,,strict_acc,,0.337782340862423,,,
localization.common-ieee300-migrated,localization.common,ieee300,cnn+prev+jac,Am,,detection_rate,,0.934375,,,
localization.common-ieee300-migrated,localization.common,ieee300,cnn+prev+jac,Am,,macro_f1,,0.26859499965363226,,,
localization.common-ieee300-migrated,localization.common,ieee300,cnn+prev+jac,Am,,node_f1,,0.15959482273494655,,,
localization.common-ieee300-migrated,localization.common,ieee300,cnn+prev+jac,Am,,node_precision,,0.12559787422497787,,,
localization.common-ieee300-migrated,localization.common,ieee300,cnn+prev+jac,Am,,node_recall,,0.21882716049382717,,,
localization.common-ieee300-migrated,localization.common,ieee300,cnn+prev+jac,Am,,sample_f1,,0.13891287349212186,,,
localization.common-ieee300-migrated,localization.common,ieee300,cnn+prev+jac,Am,,strict_acc,,0.0020833333333333333,,,
localization.common-ieee300-migrated,localization.common,ieee300,cnn+prev+jac,Aq,,detection_rate,,0.9927685950413223,,,
localization.common-ieee300-migrated,localization.common,ieee300,cnn+prev+jac,Aq,,macro_f1,,0.7664338549499892,,,
localization.common-ieee300-migrated,localization.common,ieee300,cnn+prev+jac,Aq,,node_f1,,0.6551334237901403,,,
localization.common-ieee300-migrated,localization.common,ieee300,cnn+prev+jac,Aq,,node_precision,,0.5056728923023215,,,
localization.common-ieee300-migrated,localization.common,ieee300,cnn+prev+jac,Aq,,node_recall,,0.9300160513643659,,,
localization.common-ieee300-migrated,localization.common,ieee300,cnn+prev+jac,Aq,,sample_f1,,0.6706447249983429,,,
localization.common-ieee300-migrated,localization.common,ieee300,cnn+prev+jac,Aq,,strict_acc,,0.11466942148760331,,,
localization.common-ieee300-migrated,localization.common,ieee300,cnn+prev+jac,Ar,,detection_rate,,1.0,,,
localization.common-ieee300-migrated,localization.common,ieee300,cnn+prev+jac,Ar,,macro_f1,,0.7223143292831139,,,
localization.common-ieee300-migrated,localization.common,ieee300,cnn+prev+jac,Ar,,node_f1,,0.47575540037851605,,,
localization.common-ieee300-migrated,localization.common,ieee300,cnn+prev+jac,Ar,,node_precision,,0.31976489165716293,,,
localization.common-ieee300-migrated,localization.common,ieee300,cnn+prev+jac,Ar,,node_recall,,0.9288990825688074,,,
localization.common-ieee300-migrated,localization.common,ieee300,cnn+prev+jac,Ar,,sample_f1,,0.5338455491046307,,,
localization.common-ieee300-migrated,localization.common,ieee300,cnn+prev+jac,Ar,,strict_acc,,0.03160040774719674,,,
localization.common-ieee300-migrated,localization.common,ieee300,cnn+prev+jac,As,,detection_rate,,1.0,,,
localization.common-ieee300-migrated,localization.common,ieee300,cnn+prev+jac,As,,macro_f1,,0.86212486509108,,,
localization.common-ieee300-migrated,localization.common,ieee300,cnn+prev+jac,As,,node_f1,,0.8339050569879385,,,
localization.common-ieee300-migrated,localization.common,ieee300,cnn+prev+jac,As,,node_precision,,0.7267116682738669,,,
localization.common-ieee300-migrated,localization.common,ieee300,cnn+prev+jac,As,,node_recall,,0.9781931464174455,,,
localization.common-ieee300-migrated,localization.common,ieee300,cnn+prev+jac,As,,sample_f1,,0.8494815902915591,,,
localization.common-ieee300-migrated,localization.common,ieee300,cnn+prev+jac,As,,strict_acc,,0.2512980269989616,,,
localization.common-ieee300-migrated,localization.common,ieee300,cnn+prev+jac,At,,detection_rate,,0.9106666666666666,,,
localization.common-ieee300-migrated,localization.common,ieee300,cnn+prev+jac,At,,macro_f1,,0.06139716475499338,,,
localization.common-ieee300-migrated,localization.common,ieee300,cnn+prev+jac,At,,node_f1,,0.04880382775119617,,,
localization.common-ieee300-migrated,localization.common,ieee300,cnn+prev+jac,At,,node_precision,,0.0348122866894198,,,
localization.common-ieee300-migrated,localization.common,ieee300,cnn+prev+jac,At,,node_recall,,0.0816,,,
localization.common-ieee300-migrated,localization.common,ieee300,cnn+prev+jac,At,,sample_f1,,0.04007619154430721,,,
localization.common-ieee300-migrated,localization.common,ieee300,cnn+prev+jac,At,,strict_acc,,0.0,,,
localization.common-ieee300-migrated,localization.common,ieee300,cnn+prev+jac,all,,macro_dr,,0.7413256314981452,,,
localization.common-ieee300-migrated,localization.common,ieee300,cnn+prev+jac,all,,macro_f1,,0.3906526822246675,,,
localization.common-ieee300-migrated,localization.common,ieee300,cnn+prev+jac,all,,macro_fr,,0.011616816131874968,,,
localization.common-ieee300-migrated,localization.common,ieee300,cnn+prev+jac,all,,node_f1,,0.39205839718368185,,,
localization.common-ieee300-migrated,localization.common,ieee300,cnn+prev+jac,benign,,bus_alarm_rate,,0.007396039603960396,,,
localization.common-ieee300-migrated,localization.common,ieee300,cnn+prev+jac,benign,,false_alarm_rate,,0.5636492220650636,,,
localization.common-ieee300-migrated,localization.common,ieee300,delta,Ad,,detection_rate,,1.0,,,
localization.common-ieee300-migrated,localization.common,ieee300,delta,Ad,,macro_f1,,0.7594427904506597,,,
localization.common-ieee300-migrated,localization.common,ieee300,delta,Ad,,node_f1,,0.6930539386883972,,,
localization.common-ieee300-migrated,localization.common,ieee300,delta,Ad,,node_precision,,0.5605775266792216,,,
localization.common-ieee300-migrated,localization.common,ieee300,delta,Ad,,node_recall,,0.907520325203252,,,
localization.common-ieee300-migrated,localization.common,ieee300,delta,Ad,,sample_f1,,0.7351670411699057,,,
localization.common-ieee300-migrated,localization.common,ieee300,delta,Ad,,strict_acc,,0.15040650406504066,,,
localization.common-ieee300-migrated,localization.common,ieee300,delta,Al,,detection_rate,,0.9599589322381931,,,
localization.common-ieee300-migrated,localization.common,ieee300,delta,Al,,macro_f1,,0.4822805831215801,,,
localization.common-ieee300-migrated,localization.common,ieee300,delta,Al,,node_f1,,0.3419674039580908,,,
localization.common-ieee300-migrated,localization.common,ieee300,delta,Al,,node_precision,,0.33490095482399884,,,
localization.common-ieee300-migrated,localization.common,ieee300,delta,Al,,node_recall,,0.34933848669540657,,,
localization.common-ieee300-migrated,localization.common,ieee300,delta,Al,,sample_f1,,0.27787337684692254,,,
localization.common-ieee300-migrated,localization.common,ieee300,delta,Al,,strict_acc,,0.0,,,
localization.common-ieee300-migrated,localization.common,ieee300,delta,Am,,detection_rate,,0.653125,,,
localization.common-ieee300-migrated,localization.common,ieee300,delta,Am,,macro_f1,,0.0,,,
localization.common-ieee300-migrated,localization.common,ieee300,delta,Am,,node_f1,,0.0,,,
localization.common-ieee300-migrated,localization.common,ieee300,delta,Am,,node_precision,,0.0,,,
localization.common-ieee300-migrated,localization.common,ieee300,delta,Am,,node_recall,,0.0,,,
localization.common-ieee300-migrated,localization.common,ieee300,delta,Am,,sample_f1,,0.0,,,
localization.common-ieee300-migrated,localization.common,ieee300,delta,Am,,strict_acc,,0.0,,,
localization.common-ieee300-migrated,localization.common,ieee300,delta,Aq,,detection_rate,,0.9948347107438017,,,
localization.common-ieee300-migrated,localization.common,ieee300,delta,Aq,,macro_f1,,0.5636602445272364,,,
localization.common-ieee300-migrated,localization.common,ieee300,delta,Aq,,node_f1,,0.41308366149642367,,,
localization.common-ieee300-migrated,localization.common,ieee300,delta,Aq,,node_precision,,0.27551457975986277,,,
localization.common-ieee300-migrated,localization.common,ieee300,delta,Aq,,node_recall,,0.8250401284109149,,,
localization.common-ieee300-migrated,localization.common,ieee300,delta,Aq,,sample_f1,,0.4246367012341251,,,
localization.common-ieee300-migrated,localization.common,ieee300,delta,Aq,,strict_acc,,0.02169421487603306,,,
localization.common-ieee300-migrated,localization.common,ieee300,delta,Ar,,detection_rate,,0.9887869520897044,,,
localization.common-ieee300-migrated,localization.common,ieee300,delta,Ar,,macro_f1,,0.63778597867333,,,
localization.common-ieee300-migrated,localization.common,ieee300,delta,Ar,,node_f1,,0.5886150866243409,,,
localization.common-ieee300-migrated,localization.common,ieee300,delta,Ar,,node_precision,,0.5094058483888992,,,
localization.common-ieee300-migrated,localization.common,ieee300,delta,Ar,,node_recall,,0.6969928644240571,,,
localization.common-ieee300-migrated,localization.common,ieee300,delta,Ar,,sample_f1,,0.6059795369189961,,,
localization.common-ieee300-migrated,localization.common,ieee300,delta,Ar,,strict_acc,,0.08664627930682976,,,
localization.common-ieee300-migrated,localization.common,ieee300,delta,As,,detection_rate,,1.0,,,
localization.common-ieee300-migrated,localization.common,ieee300,delta,As,,macro_f1,,0.7285298856362399,,,
localization.common-ieee300-migrated,localization.common,ieee300,delta,As,,node_f1,,0.6673553719008263,,,
localization.common-ieee300-migrated,localization.common,ieee300,delta,As,,node_precision,,0.5542210020590254,,,
localization.common-ieee300-migrated,localization.common,ieee300,delta,As,,node_recall,,0.8385254413291796,,,
localization.common-ieee300-migrated,localization.common,ieee300,delta,As,,sample_f1,,0.7074212540146644,,,
localization.common-ieee300-migrated,localization.common,ieee300,delta,As,,strict_acc,,0.12149532710280374,,,
localization.common-ieee300-migrated,localization.common,ieee300,delta,At,,detection_rate,,0.682,,,
localization.common-ieee300-migrated,localization.common,ieee300,delta,At,,macro_f1,,0.0020220424541639113,,,
localization.common-ieee300-migrated,localization.common,ieee300,delta,At,,node_f1,,0.0012907389480477575,,,
localization.common-ieee300-migrated,localization.common,ieee300,delta,At,,node_precision,,0.00333889816360601,,,
localization.common-ieee300-migrated,localization.common,ieee300,delta,At,,node_recall,,0.0008,,,
localization.common-ieee300-migrated,localization.common,ieee300,delta,At,,sample_f1,,0.0009074074074074074,,,
localization.common-ieee300-migrated,localization.common,ieee300,delta,At,,strict_acc,,0.0,,,
localization.common-ieee300-migrated,localization.common,ieee300,delta,all,,macro_dr,,0.5896720765525446,,,
localization.common-ieee300-migrated,localization.common,ieee300,delta,all,,macro_f1,,0.40518337473989036,,,
localization.common-ieee300-migrated,localization.common,ieee300,delta,all,,macro_fr,,0.00954849411642735,,,
localization.common-ieee300-migrated,localization.common,ieee300,delta,all,,node_f1,,0.3142354321470473,,,
localization.common-ieee300-migrated,localization.common,ieee300,delta,benign,,bus_alarm_rate,,0.009306930693069307,,,
localization.common-ieee300-migrated,localization.common,ieee300,delta,benign,,false_alarm_rate,,0.7817538896746817,,,
localization.common-ieee300-migrated,localization.common,ieee300,mlp,Ad,,detection_rate,,1.0,,,
localization.common-ieee300-migrated,localization.common,ieee300,mlp,Ad,,macro_f1,,0.7692013033739785,,,
localization.common-ieee300-migrated,localization.common,ieee300,mlp,Ad,,node_f1,,0.7731231854002487,,,
localization.common-ieee300-migrated,localization.common,ieee300,mlp,Ad,,node_precision,,0.6531184302733006,,,
localization.common-ieee300-migrated,localization.common,ieee300,mlp,Ad,,node_recall,,0.9471544715447154,,,
localization.common-ieee300-migrated,localization.common,ieee300,mlp,Ad,,sample_f1,,0.805209127810502,,,
localization.common-ieee300-migrated,localization.common,ieee300,mlp,Ad,,strict_acc,,0.2855691056910569,,,
localization.common-ieee300-migrated,localization.common,ieee300,mlp,Al,,detection_rate,,1.0,,,
localization.common-ieee300-migrated,localization.common,ieee300,mlp,Al,,macro_f1,,0.8317073588188777,,,
localization.common-ieee300-migrated,localization.common,ieee300,mlp,Al,,node_f1,,0.7206717708076067,,,
localization.common-ieee300-migrated,localization.common,ieee300,mlp,Al,,node_precision,,0.6163269616643785,,,
localization.common-ieee300-migrated,localization.common,ieee300,mlp,Al,,node_recall,,0.8675486844061245,,,
localization.common-ieee300-migrated,localization.common,ieee300,mlp,Al,,sample_f1,,0.716325730247567,,,
localization.common-ieee300-migrated,localization.common,ieee300,mlp,Al,,strict_acc,,0.01026694045174538,,,
localization.common-ieee300-migrated,localization.common,ieee300,mlp,Am,,detection_rate,,0.7489583333333333,,,
localization.common-ieee300-migrated,localization.common,ieee300,mlp,Am,,macro_f1,,0.10365193240856073,,,
localization.common-ieee300-migrated,localization.common,ieee300,mlp,Am,,node_f1,,0.16250321916044297,,,
localization.common-ieee300-migrated,localization.common,ieee300,mlp,Am,,node_precision,,0.4906687402799378,,,
localization.common-ieee300-migrated,localization.common,ieee300,mlp,Am,,node_recall,,0.09737654320987654,,,
localization.common-ieee300-migrated,localization.common,ieee300,mlp,Am,,sample_f1,,0.13685796229913874,,,
localization.common-ieee300-migrated,localization.common,ieee300,mlp,Am,,strict_acc,,0.0,,,
localization.common-ieee300-migrated,localization.common,ieee300,mlp,Aq,,detection_rate,,0.9979338842975206,,,
localization.common-ieee300-migrated,localization.common,ieee300,mlp,Aq,,macro_f1,,0.6192240316705858,,,
localization.common-ieee300-migrated,localization.common,ieee300,mlp,Aq,,node_f1,,0.5432554704090112,,,
localization.common-ieee300-migrated,localization.common,ieee300,mlp,Aq,,node_precision,,0.38128564022809747,,,
localization.common-ieee300-migrated,localization.common,ieee300,mlp,Aq,,node_recall,,0.9444622792937399,,,
localization.common-ieee300-migrated,localization.common,ieee300,mlp,Aq,,sample_f1,,0.5656834256098835,,,
localization.common-ieee300-migrated,localization.common,ieee300,mlp,Aq,,strict_acc,,0.056818181818181816,,,
localization.common-ieee300-migrated,localization.common,ieee300,mlp,Ar,,detection_rate,,0.9969418960244648,,,
localization.common-ieee300-migrated,localization.common,ieee300,mlp,Ar,,macro_f1,,0.6848488799163083,,,
localization.common-ieee300-migrated,localization.common,ieee300,mlp,Ar,,node_f1,,0.6935520107840935,,,
localization.common-ieee300-migrated,localization.common,ieee300,mlp,Ar,,node_precision,,0.6201285656890317,,,
localization.common-ieee300-migrated,localization.common,ieee300,mlp,Ar,,node_recall,,0.786697247706422,,,
localization.common-ieee300-migrated,localization.common,ieee300,mlp,Ar,,sample_f1,,0.7088337528522245,,,
localization.common-ieee300-migrated,localization.common,ieee300,mlp,Ar,,strict_acc,,0.1712538226299694,,,
localization.common-ieee300-migrated,localization.common,ieee300,mlp,As,,detection_rate,,1.0,,,
localization.common-ieee300-migrated,localization.common,ieee300,mlp,As,,macro_f1,,0.7769062200654515,,,
localization.common-ieee300-migrated,localization.common,ieee300,mlp,As,,node_f1,,0.7795567808291803,,,
localization.common-ieee300-migrated,localization.common,ieee300,mlp,As,,node_precision,,0.6588994443448647,,,
localization.common-ieee300-migrated,localization.common,ieee300,mlp,As,,node_recall,,0.9543094496365524,,,
localization.common-ieee300-migrated,localization.common,ieee300,mlp,As,,sample_f1,,0.8157158047886681,,,
localization.common-ieee300-migrated,localization.common,ieee300,mlp,As,,strict_acc,,0.31671858774662515,,,
localization.common-ieee300-migrated,localization.common,ieee300,mlp,At,,detection_rate,,0.43733333333333335,,,
localization.common-ieee300-migrated,localization.common,ieee300,mlp,At,,macro_f1,,0.00518848187493738,,,
localization.common-ieee300-migrated,localization.common,ieee300,mlp,At,,node_f1,,0.004522194454361537,,,
localization.common-ieee300-migrated,localization.common,ieee300,mlp,At,,node_precision,,0.021040974529346623,,,
localization.common-ieee300-migrated,localization.common,ieee300,mlp,At,,node_recall,,0.002533333333333333,,,
localization.common-ieee300-migrated,localization.common,ieee300,mlp,At,,sample_f1,,0.003753357753357753,,,
localization.common-ieee300-migrated,localization.common,ieee300,mlp,At,,strict_acc,,0.0,,,
localization.common-ieee300-migrated,localization.common,ieee300,mlp,all,,macro_dr,,0.6826526973428066,,,
localization.common-ieee300-migrated,localization.common,ieee300,mlp,all,,macro_f1,,0.45499216883474386,,,
localization.common-ieee300-migrated,localization.common,ieee300,mlp,all,,macro_fr,,0.010410480090641824,,,
localization.common-ieee300-migrated,localization.common,ieee300,mlp,all,,node_f1,,0.4674120918445167,,,
localization.common-ieee300-migrated,localization.common,ieee300,mlp,benign,,bus_alarm_rate,,0.006628005657708628,,,
localization.common-ieee300-migrated,localization.common,ieee300,mlp,benign,,false_alarm_rate,,0.6454031117397454,,,
localization.common-ieee300-migrated,localization.common,ieee300,residual,Ad,,detection_rate,,1.0,,,
localization.common-ieee300-migrated,localization.common,ieee300,residual,Ad,,macro_f1,,0.4010116309321629,,,
localization.common-ieee300-migrated,localization.common,ieee300,residual,Ad,,node_f1,,0.28136168369372944,,,
localization.common-ieee300-migrated,localization.common,ieee300,residual,Ad,,node_precision,,0.1639806438039133,,,
localization.common-ieee300-migrated,localization.common,ieee300,residual,Ad,,node_recall,,0.9900914634146342,,,
localization.common-ieee300-migrated,localization.common,ieee300,residual,Ad,,sample_f1,,0.29994660645221455,,,
localization.common-ieee300-migrated,localization.common,ieee300,residual,Ad,,strict_acc,,0.0,,,
localization.common-ieee300-migrated,localization.common,ieee300,residual,Al,,detection_rate,,0.6509240246406571,,,
localization.common-ieee300-migrated,localization.common,ieee300,residual,Al,,macro_f1,,0.007512214892877252,,,
localization.common-ieee300-migrated,localization.common,ieee300,residual,Al,,node_f1,,0.005980861244019139,,,
localization.common-ieee300-migrated,localization.common,ieee300,residual,Al,,node_precision,,0.015309246785058175,,,
localization.common-ieee300-migrated,localization.common,ieee300,residual,Al,,node_recall,,0.0037163668797383677,,,
localization.common-ieee300-migrated,localization.common,ieee300,residual,Al,,sample_f1,,0.004332064027965516,,,
localization.common-ieee300-migrated,localization.common,ieee300,residual,Al,,strict_acc,,0.0,,,
localization.common-ieee300-migrated,localization.common,ieee300,residual,Am,,detection_rate,,0.6458333333333334,,,
localization.common-ieee300-migrated,localization.common,ieee300,residual,Am,,macro_f1,,0.01071247531342344,,,
localization.common-ieee300-migrated,localization.common,ieee300,residual,Am,,node_f1,,0.007877016897471731,,,
localization.common-ieee300-migrated,localization.common,ieee300,residual,Am,,node_precision,,0.02228612508986341,,,
localization.common-ieee300-migrated,localization.common,ieee300,residual,Am,,node_recall,,0.004783950617283951,,,
localization.common-ieee300-migrated,localization.common,ieee300,residual,Am,,sample_f1,,0.0063378065629903875,,,
localization.common-ieee300-migrated,localization.common,ieee300,residual,Am,,strict_acc,,0.0,,,
localization.common-ieee300-migrated,localization.common,ieee300,residual,Aq,,detection_rate,,0.640495867768595,,,
localization.common-ieee300-migrated,localization.common,ieee300,residual,Aq,,macro_f1,,0.003821857341436058,,,
localization.common-ieee300-migrated,localization.common,ieee300,residual,Aq,,node_f1,,0.00352112676056338,,,
localization.common-ieee300-migrated,localization.common,ieee300,residual,Aq,,node_precision,,0.005598320503848845,,,
localization.common-ieee300-migrated,localization.common,ieee300,residual,Aq,,node_recall,,0.002568218298555377,,,
localization.common-ieee300-migrated,localization.common,ieee300,residual,Aq,,sample_f1,,0.0026859504132231405,,,
localization.common-ieee300-migrated,localization.common,ieee300,residual,Aq,,strict_acc,,0.0,,,
localization.common-ieee300-migrated,localization.common,ieee300,residual,Ar,,detection_rate,,1.0,,,
localization.common-ieee300-migrated,localization.common,ieee300,residual,Ar,,macro_f1,,0.20397763623436838,,,
localization.common-ieee300-migrated,localization.common,ieee300,residual,Ar,,node_f1,,0.11554982817869416,,,
localization.common-ieee300-migrated,localization.common,ieee300,residual,Ar,,node_precision,,0.06178008621298848,,,
localization.common-ieee300-migrated,localization.common,ieee300,residual,Ar,,node_recall,,0.8911824668705403,,,
localization.common-ieee300-migrated,localization.common,ieee300,residual,Ar,,sample_f1,,0.17033259226717404,,,
localization.common-ieee300-migrated,localization.common,ieee300,residual,Ar,,strict_acc,,0.0010193679918450561,,,
localization.common-ieee300-migrated,localization.common,ieee300,residual,As,,detection_rate,,1.0,,,
localization.common-ieee300-migrated,localization.common,ieee300,residual,As,,macro_f1,,0.3982857442113993,,,
localization.common-ieee300-migrated,localization.common,ieee300,residual,As,,node_f1,,0.27487308704190905,,,
localization.common-ieee300-migrated,localization.common,ieee300,residual,As,,node_precision,,0.16031986168143506,,,
localization.common-ieee300-migrated,localization.common,ieee300,residual,As,,node_recall,,0.9628764278296988,,,
localization.common-ieee300-migrated,localization.common,ieee300,residual,As,,sample_f1,,0.293483217995667,,,
localization.common-ieee300-migrated,localization.common,ieee300,residual,As,,strict_acc,,0.0,,,
localization.common-ieee300-migrated,localization.common,ieee300,residual,At,,detection_rate,,0.6046666666666667,,,
localization.common-ieee300-migrated,localization.common,ieee300,residual,At,,macro_f1,,0.008114334583907251,,,
localization.common-ieee300-migrated,localization.common,ieee300,residual,At,,node_f1,,0.006483999163354947,,,
localization.common-ieee300-migrated,localization.common,ieee300,residual,At,,node_precision,,0.015033947623666343,,,
localization.common-ieee300-migrated,localization.common,ieee300,residual,At,,node_recall,,0.0041333333333333335,,,
localization.common-ieee300-migrated,localization.common,ieee300,residual,At,,sample_f1,,0.004752194002833388,,,
localization.common-ieee300-migrated,localization.common,ieee300,residual,At,,strict_acc,,0.0,,,
localization.common-ieee300-migrated,localization.common,ieee300,residual,all,,macro_dr,,0.5061346227394614,,,
localization.common-ieee300-migrated,localization.common,ieee300,residual,all,,macro_f1,,0.2189156340198302,,,
localization.common-ieee300-migrated,localization.common,ieee300,residual,all,,macro_fr,,0.00490384116945726,,,
localization.common-ieee300-migrated,localization.common,ieee300,residual,all,,node_f1,,0.14337844585856774,,,
localization.common-ieee300-migrated,localization.common,ieee300,residual,benign,,bus_alarm_rate,,0.005020744931636021,,,
localization.common-ieee300-migrated,localization.common,ieee300,residual,benign,,false_alarm_rate,,0.6538896746817539,,,
localization.common-ieee300-migrated,localization.common,ieee300,swing,Ad,,detection_rate,,1.0,,,
localization.common-ieee300-migrated,localization.common,ieee300,swing,Ad,,macro_f1,,0.7459652929502915,,,
localization.common-ieee300-migrated,localization.common,ieee300,swing,Ad,,node_f1,,0.6706586826347306,,,
localization.common-ieee300-migrated,localization.common,ieee300,swing,Ad,,node_precision,,0.5409784979744469,,,
localization.common-ieee300-migrated,localization.common,ieee300,swing,Ad,,node_recall,,0.8821138211382114,,,
localization.common-ieee300-migrated,localization.common,ieee300,swing,Ad,,sample_f1,,0.7061438313170906,,,
localization.common-ieee300-migrated,localization.common,ieee300,swing,Ad,,strict_acc,,0.10569105691056911,,,
localization.common-ieee300-migrated,localization.common,ieee300,swing,Al,,detection_rate,,0.9763860369609856,,,
localization.common-ieee300-migrated,localization.common,ieee300,swing,Al,,macro_f1,,0.542491557173691,,,
localization.common-ieee300-migrated,localization.common,ieee300,swing,Al,,node_f1,,0.3944851243485718,,,
localization.common-ieee300-migrated,localization.common,ieee300,swing,Al,,node_precision,,0.3546015180265655,,,
localization.common-ieee300-migrated,localization.common,ieee300,swing,Al,,node_recall,,0.4444774788167088,,,
localization.common-ieee300-migrated,localization.common,ieee300,swing,Al,,sample_f1,,0.3466693307818454,,,
localization.common-ieee300-migrated,localization.common,ieee300,swing,Al,,strict_acc,,0.0,,,
localization.common-ieee300-migrated,localization.common,ieee300,swing,Am,,detection_rate,,0.7833333333333333,,,
localization.common-ieee300-migrated,localization.common,ieee300,swing,Am,,macro_f1,,0.003531935949638569,,,
localization.common-ieee300-migrated,localization.common,ieee300,swing,Am,,node_f1,,0.002237970906378217,,,
localization.common-ieee300-migrated,localization.common,ieee300,swing,Am,,node_precision,,0.005758157389635317,,,
localization.common-ieee300-migrated,localization.common,ieee300,swing,Am,,node_recall,,0.001388888888888889,,,
localization.common-ieee300-migrated,localization.common,ieee300,swing,Am,,sample_f1,,0.0015311598124098126,,,
localization.common-ieee300-migrated,localization.common,ieee300,swing,Am,,strict_acc,,0.0,,,
localization.common-ieee300-migrated,localization.common,ieee300,swing,Aq,,detection_rate,,0.9979338842975206,,,
localization.common-ieee300-migrated,localization.common,ieee300,swing,Aq,,macro_f1,,0.5120756776778117,,,
localization.common-ieee300-migrated,localization.common,ieee300,swing,Aq,,node_f1,,0.3586051743532059,,,
localization.common-ieee300-migrated,localization.common,ieee300,swing,Aq,,node_precision,,0.23395303326810177,,,
localization.common-ieee300-migrated,localization.common,ieee300,swing,Aq,,node_recall,,0.7675762439807383,,,
localization.common-ieee300-migrated,localization.common,ieee300,swing,Aq,,sample_f1,,0.3584190693016534,,,
localization.common-ieee300-migrated,localization.common,ieee300,swing,Aq,,strict_acc,,0.011363636363636364,,,
localization.common-ieee300-migrated,localization.common,ieee300,swing,Ar,,detection_rate,,0.9969418960244648,,,
localization.common-ieee300-migrated,localization.common,ieee300,swing,Ar,,macro_f1,,0.6465744770892013,,,
localization.common-ieee300-migrated,localization.common,ieee300,swing,Ar,,node_f1,,0.5825528780385142,,,
localization.common-ieee300-migrated,localization.common,ieee300,swing,Ar,,node_precision,,0.4961462627711059,,,
localization.common-ieee300-migrated,localization.common,ieee300,swing,Ar,,node_recall,,0.7054026503567788,,,
localization.common-ieee300-migrated,localization.common,ieee300,swing,Ar,,sample_f1,,0.5977104816681896,,,
localization.common-ieee300-migrated,localization.common,ieee300,swing,Ar,,strict_acc,,0.04281345565749235,,,
localization.common-ieee300-migrated,localization.common,ieee300,swing,As,,detection_rate,,0.9989615784008308,,,
localization.common-ieee300-migrated,localization.common,ieee300,swing,As,,macro_f1,,0.7295518145731789,,,
localization.common-ieee300-migrated,localization.common,ieee300,swing,As,,node_f1,,0.6554265522463403,,,
localization.common-ieee300-migrated,localization.common,ieee300,swing,As,,node_precision,,0.5362630100776474,,,
localization.common-ieee300-migrated,localization.common,ieee300,swing,As,,node_recall,,0.8426791277258567,,,
localization.common-ieee300-migrated,localization.common,ieee300,swing,As,,sample_f1,,0.6905582042237816,,,
localization.common-ieee300-migrated,localization.common,ieee300,swing,As,,strict_acc,,0.08618899273104881,,,
localization.common-ieee300-migrated,localization.common,ieee300,swing,At,,detection_rate,,0.794,,,
localization.common-ieee300-migrated,localization.common,ieee300,swing,At,,macro_f1,,0.0041170066118403235,,,
localization.common-ieee300-migrated,localization.common,ieee300,swing,At,,node_f1,,0.0028262844453416773,,,
localization.common-ieee300-migrated,localization.common,ieee300,swing,At,,node_precision,,0.005816368923971749,,,
localization.common-ieee300-migrated,localization.common,ieee300,swing,At,,node_recall,,0.0018666666666666666,,,
localization.common-ieee300-migrated,localization.common,ieee300,swing,At,,sample_f1,,0.002386243386243386,,,
localization.common-ieee300-migrated,localization.common,ieee300,swing,At,,strict_acc,,0.0,,,
localization.common-ieee300-migrated,localization.common,ieee300,swing,all,,macro_dr,,0.5769646554184025,,,
localization.common-ieee300-migrated,localization.common,ieee300,swing,all,,macro_f1,,0.3881976339650431,,,
localization.common-ieee300-migrated,localization.common,ieee300,swing,all,,macro_fr,,0.009879514503432392,,,
localization.common-ieee300-migrated,localization.common,ieee300,swing,all,,node_f1,,0.3064069718389563,,,
localization.common-ieee300-migrated,localization.common,ieee300,swing,benign,,bus_alarm_rate,,0.009893917963224894,,,
localization.common-ieee300-migrated,localization.common,ieee300,swing,benign,,false_alarm_rate,,0.842998585572843,,,
