run_id,experiment,system,method,family,split,metric,tags,value,sd,ci_lo,ci_hi
trust.secured_estimation-ieee118-migrated,trust.secured_estimation,ieee118,prior+huber,Ad,,angle_mae_deg,k=20;secured=dqn,0.009140022499001027,,,
trust.secured_estimation-ieee118-migrated,trust.secured_estimation,ieee118,prior+huber,Ad,,angle_mae_deg,k=20;secured=greedy,0.009282689768913494,,,
trust.secured_estimation-ieee118-migrated,trust.secured_estimation,ieee118,prior+huber,Ad,,angle_mae_deg,k=20;secured=plain,0.009412906773553463,,,
trust.secured_estimation-ieee118-migrated,trust.secured_estimation,ieee118,prior+huber,Ad,,voltage_mae_pu,k=20;secured=dqn,2.4728829616214164e-05,,,
trust.secured_estimation-ieee118-migrated,trust.secured_estimation,ieee118,prior+huber,Ad,,voltage_mae_pu,k=20;secured=greedy,2.473999152816901e-05,,,
trust.secured_estimation-ieee118-migrated,trust.secured_estimation,ieee118,prior+huber,Ad,,voltage_mae_pu,k=20;secured=plain,2.5089926088562478e-05,,,
trust.secured_estimation-ieee118-migrated,trust.secured_estimation,ieee118,prior+huber,Al,,angle_mae_deg,k=20;secured=dqn,0.014661195200703253,,,
trust.secured_estimation-ieee118-migrated,trust.secured_estimation,ieee118,prior+huber,Al,,angle_mae_deg,k=20;secured=greedy,0.01472850750384274,,,
trust.secured_estimation-ieee118-migrated,trust.secured_estimation,ieee118,prior+huber,Al,,angle_mae_deg,k=20;secured=plain,0.014722365434902124,,,
trust.secured_estimation-ieee118-migrated,trust.secured_estimation,ieee118,prior+huber,Al,,voltage_mae_pu,k=20;secured=dqn,5.5402795272585296e-05,,,
trust.secured_estimation-ieee118-migrated,trust.secured_estimation,ieee118,prior+huber,Al,,voltage_mae_pu,k=20;secured=greedy,5.527147161410749e-05,,,
trust.secured_estimation-ieee118-migrated,trust.secured_estimation,ieee118,prior+huber,Al,,voltage_mae_pu,k=20;secured=plain,5.5619421001826056e-05,,,
trust.secured_estimation-ieee118-migrated,trust.secured_estimation,ieee118,prior+huber,Am,,angle_mae_deg,k=20;secured=dqn,0.010536040873592604,,,
trust.secured_estimation-ieee118-migrated,trust.secured_estimation,ieee118,prior+huber,Am,,angle_mae_deg,k=20;secured=greedy,0.010598496831350645,,,
trust.secured_estimation-ieee118-migrated,trust.secured_estimation,ieee118,prior+huber,Am,,angle_mae_deg,k=20;secured=plain,0.010609063956623985,,,
trust.secured_estimation-ieee118-migrated,trust.secured_estimation,ieee118,prior+huber,Am,,voltage_mae_pu,k=20;secured=dqn,4.059323612870297e-05,,,
trust.secured_estimation-ieee118-migrated,trust.secured_estimation,ieee118,prior+huber,Am,,voltage_mae_pu,k=20;secured=greedy,4.092668192242058e-05,,,
trust.secured_estimation-ieee118-migrated,trust.secured_estimation,ieee118,prior+huber,Am,,voltage_mae_pu,k=20;secured=plain,4.1003028225031904e-05,,,
trust.secured_estimation-ieee118-migrated,trust.secured_estimation,ieee118,prior+huber,Aq,,angle_mae_deg,k=20;secured=dqn,0.01793209915342924,,,
trust.secured_estimation-ieee118-migrated,trust.secured_estimation,ieee118,prior+huber,Aq,,angle_mae_deg,k=20;secured=greedy,0.018067378833328273,,,
trust.secured_estimation-ieee118-migrated,trust.secured_estimation,ieee118,prior+huber,Aq,,angle_mae_deg,k=20;secured=plain,0.018118369349903844,,,
trust.secured_estimation-ieee118-migrated,trust.secured_estimation,ieee118,prior+huber,Aq,,voltage_mae_pu,k=20;secured=dqn,4.497782754342912e-05,,,
trust.secured_estimation-ieee118-migrated,trust.secured_estimation,ieee118,prior+huber,Aq,,voltage_mae_pu,k=20;secured=greedy,4.6049188369041684e-05,,,
trust.secured_estimation-ieee118-migrated,trust.secured_estimation,ieee118,prior+huber,Aq,,voltage_mae_pu,k=20;secured=plain,4.612860306547552e-05,,,
trust.secured_estimation-ieee118-migrated,trust.secured_estimation,ieee118,prior+huber,Ar,,angle_mae_deg,k=20;secured=dqn,0.00786083218711354,,,
trust.secured_estimation-ieee118-migrated,trust.secured_estimation,ieee118,prior+huber,Ar,,angle_mae_deg,k=20;secured=greedy,0.007904301723787154,,,
trust.secured_estimation-ieee118-migrated,trust.secured_estimation,ieee118,prior+huber,Ar,,angle_mae_deg,k=20;secured=plain,0.00796122684815311,,,
trust.secured_estimation-ieee118-migrated,trust.secured_estimation,ieee118,prior+huber,Ar,,voltage_mae_pu,k=20;secured=dqn,1.8680110884021526e-05,,,
trust.secured_estimation-ieee118-migrated,trust.secured_estimation,ieee118,prior+huber,Ar,,voltage_mae_pu,k=20;secured=greedy,1.8681677758919242e-05,,,
trust.secured_estimation-ieee118-migrated,trust.secured_estimation,ieee118,prior+huber,Ar,,voltage_mae_pu,k=20;secured=plain,1.8875820410118087e-05,,,
trust.secured_estimation-ieee118-migrated,trust.secured_estimation,ieee118,prior+huber,As,,angle_mae_deg,k=20;secured=dqn,0.009837835870611137,,,
trust.secured_estimation-ieee118-migrated,trust.secured_estimation,ieee118,prior+huber,As,,angle_mae_deg,k=20;secured=greedy,0.010190854751996922,,,
trust.secured_estimation-ieee118-migrated,trust.secured_estimation,ieee118,prior+huber,As,,angle_mae_deg,k=20;secured=plain,0.010292107633884162,,,
trust.secured_estimation-ieee118-migrated,trust.secured_estimation,ieee118,prior+huber,As,,voltage_mae_pu,k=20;secured=dqn,2.7631603010758992e-05,,,
trust.secured_estimation-ieee118-migrated,trust.secured_estimation,ieee118,prior+huber,As,,voltage_mae_pu,k=20;secured=greedy,2.7989951014880042e-05,,,
trust.secured_estimation-ieee118-migrated,trust.secured_estimation,ieee118,prior+huber,As,,voltage_mae_pu,k=20;secured=plain,2.8461486322615697e-05,,,
trust.secured_estimation-ieee118-migrated,trust.secured_estimation,ieee118,prior+huber,At,,angle_mae_deg,k=20;secured=dqn,0.008429974364459596,,,
trust.secured_estimation-ieee118-migrated,trust.secured_estimation,ieee118,prior+huber,At,,angle_mae_deg,k=20;secured=greedy,0.008432174180918338,,,
trust.secured_estimation-ieee118-migrated,trust.secured_estimation,ieee118,prior+huber,At,,angle_mae_deg,k=20;secured=plain,0.008438211553943635,,,
trust.secured_estimation-ieee118-migrated,trust.secured_estimation,ieee118,prior+huber,At,,voltage_mae_pu,k=20;secured=dqn,2.0018286887680052e-05,,,
trust.secured_estimation-ieee118-migrated,trust.secured_estimation,ieee118,prior+huber,At,,voltage_mae_pu,k=20;secured=greedy,2.0148107818992433e-05,,,
trust.secured_estimation-ieee118-migrated,trust.secured_estimation,ieee118,prior+huber,At,,voltage_mae_pu,k=20;secured=plain,2.0155202452120768e-05,,,
trust.secured_estimation-ieee118-migrated,trust.secured_estimation,ieee118,prior+huber,benign,,angle_mae_deg,k=20;secured=dqn,0.006528485883875279,,,
trust.secured_estimation-ieee118-migrated,trust.secured_estimation,ieee118,prior+huber,benign,,angle_mae_deg,k=20;secured=greedy,0.006528485883875279,,,
trust.secured_estimation-ieee118-migrated,trust.secured_estimation,ieee118,prior+huber,benign,,angle_mae_deg,k=20;secured=plain,0.006528485883875279,,,
trust.secured_estimation-ieee118-migrated,trust.secured_estimation,ieee118,prior+huber,benign,,voltage_mae_pu,k=20;secured=dqn,1.6506102941741856e-05,,,
trust.secured_estimation-ieee118-migrated,trust.secured_estimation,ieee118,prior+huber,benign,,voltage_mae_pu,k=20;secured=greedy,1.6506102941741856e-05,,,
trust.secured_estimation-ieee118-migrated,trust.secured_estimation,ieee118,prior+huber,benign,,voltage_mae_pu,k=20;secured=plain,1.6506102941741856e-05,,,
trust.secured_estimation-ieee118-migrated,trust.secured_estimation,ieee118,prior+huber,geo,,angle_mae_deg,k=20;secured=dqn,0.01009378395683669,,,
trust.secured_estimation-ieee118-migrated,trust.secured_estimation,ieee118,prior+huber,geo,,angle_mae_deg,k=20;secured=greedy,0.010188254153951417,,,
trust.secured_estimation-ieee118-migrated,trust.secured_estimation,ieee118,prior+huber,geo,,angle_mae_deg,k=20;secured=plain,0.01023306164863106,,,
trust.secured_estimation-ieee118-migrated,trust.secured_estimation,ieee118,prior+huber,geo,,voltage_mae_pu,k=20;secured=dqn,2.8428604868593156e-05,,,
trust.secured_estimation-ieee118-migrated,trust.secured_estimation,ieee118,prior+huber,geo,,voltage_mae_pu,k=20;secured=greedy,2.8604096871425753e-05,,,
trust.secured_estimation-ieee118-migrated,trust.secured_estimation,ieee118,prior+huber,geo,,voltage_mae_pu,k=20;secured=plain,2.8788126404212e-05,,,
trust.secured_estimation-ieee118-migrated,trust.secured_estimation,ieee118,prior+huber+cnn,Ad,,angle_mae_deg,k=20;secured=dqn,0.008138711121450334,,,
trust.secured_estimation-ieee118-migrated,trust.secured_estimation,ieee118,prior+huber+cnn,Ad,,angle_mae_deg,k=20;secured=greedy,0.008148271649135563,,,
trust.secured_estimation-ieee118-migrated,trust.secured_estimation,ieee118,prior+huber+cnn,Ad,,angle_mae_deg,k=20;secured=plain,0.00815422510404418,,,
trust.secured_estimation-ieee118-migrated,trust.secured_estimation,ieee118,prior+huber+cnn,Ad,,voltage_mae_pu,k=20;secured=dqn,2.0682787296950424e-05,,,
trust.secured_estimation-ieee118-migrated,trust.secured_estimation,ieee118,prior+huber+cnn,Ad,,voltage_mae_pu,k=20;secured=greedy,2.0685701928291396e-05,,,
trust.secured_estimation-ieee118-migrated,trust.secured_estimation,ieee118,prior+huber+cnn,Ad,,voltage_mae_pu,k=20;secured=plain,2.059024987667426e-05,,,
trust.secured_estimation-ieee118-migrated,trust.secured_estimation,ieee118,prior+huber+cnn,Al,,angle_mae_deg,k=20;secured=dqn,0.018278480890141984,,,
trust.secured_estimation-ieee118-migrated,trust.secured_estimation,ieee118,prior+huber+cnn,Al,,angle_mae_deg,k=20;secured=greedy,0.018222356603350275,,,
trust.secured_estimation-ieee118-migrated,trust.secured_estimation,ieee118,prior+huber+cnn,Al,,angle_mae_deg,k=20;secured=plain,0.0182269216396719,,,
trust.secured_estimation-ieee118-migrated,trust.secured_estimation,ieee118,prior+huber+cnn,Al,,voltage_mae_pu,k=20;secured=dqn,0.0001294806322003467,,,
trust.secured_estimation-ieee118-migrated,trust.secured_estimation,ieee118,prior+huber+cnn,Al,,voltage_mae_pu,k=20;secured=greedy,0.0001283131787363997,,,
trust.secured_estimation-ieee118-migrated,trust.secured_estimation,ieee118,prior+huber+cnn,Al,,voltage_mae_pu,k=20;secured=plain,0.0001286612560810201,,,
trust.secured_estimation-ieee118-migrated,trust.secured_estimation,ieee118,prior+huber+cnn,Am,,angle_mae_deg,k=20;secured=dqn,0.011286487393791277,,,
trust.secured_estimation-ieee118-migrated,trust.secured_estimation,ieee118,prior+huber+cnn,Am,,angle_mae_deg,k=20;secured=greedy,0.011539321661454348,,,
trust.secured_estimation-ieee118-migrated,trust.secured_estimation,ieee118,prior+huber+cnn,Am,,angle_mae_deg,k=20;secured=plain,0.01145054096133283,,,
trust.secured_estimation-ieee118-migrated,trust.secured_estimation,ieee118,prior+huber+cnn,Am,,voltage_mae_pu,k=20;secured=dqn,4.8948590636608476e-05,,,
trust.secured_estimation-ieee118-migrated,trust.secured_estimation,ieee118,prior+huber+cnn,Am,,voltage_mae_pu,k=20;secured=greedy,5.086054378829765e-05,,,
trust.secured_estimation-ieee118-migrated,trust.secured_estimation,ieee118,prior+huber+cnn,Am,,voltage_mae_pu,k=20;secured=plain,5.00816985263052e-05,,,
trust.secured_estimation-ieee118-migrated,trust.secured_estimation,ieee118,prior+huber+cnn,Aq,,angle_mae_deg,k=20;secured=dqn,0.01761062094489655,,,
trust.secured_estimation-ieee118-migrated,trust.secured_estimation,ieee118,prior+huber+cnn,Aq,,angle_mae_deg,k=20;secured=greedy,0.017533350087786427,,,
trust.secured_estimation-ieee118-migrated,trust.secured_estimation,ieee118,prior+huber+cnn,Aq,,angle_mae_deg,k=20;secured=plain,0.017605500349917792,,,
trust.secured_estimation-ieee118-migrated,trust.secured_estimation,ieee118,prior+huber+cnn,Aq,,voltage_mae_pu,k=20;secured=dqn,4.6777935448984756e-05,,,
trust.secured_estimation-ieee118-migrated,trust.secured_estimation,ieee118,prior+huber+cnn,Aq,,voltage_mae_pu,k=20;secured=greedy,4.6820396055877455e-05,,,
trust.secured_estimation-ieee118-migrated,trust.secured_estimation,ieee118,prior+huber+cnn,Aq,,voltage_mae_pu,k=20;secured=plain,4.719995696034923e-05,,,
trust.secured_estimation-ieee118-migrated,trust.secured_estimation,ieee118,prior+huber+cnn,Ar,,angle_mae_deg,k=20;secured=dqn,0.008273639164661027,,,
trust.secured_estimation-ieee118-migrated,trust.secured_estimation,ieee118,prior+huber+cnn,Ar,,angle_mae_deg,k=20;secured=greedy,0.008339617566211726,,,
trust.secured_estimation-ieee118-migrated,trust.secured_estimation,ieee118,prior+huber+cnn,Ar,,angle_mae_deg,k=20;secured=plain,0.008347562205464069,,,
trust.secured_estimation-ieee118-migrated,trust.secured_estimation,ieee118,prior+huber+cnn,Ar,,voltage_mae_pu,k=20;secured=dqn,1.9921012044717323e-05,,,
trust.secured_estimation-ieee118-migrated,trust.secured_estimation,ieee118,prior+huber+cnn,Ar,,voltage_mae_pu,k=20;secured=greedy,2.0029283434900808e-05,,,
trust.secured_estimation-ieee118-migrated,trust.secured_estimation,ieee118,prior+huber+cnn,Ar,,voltage_mae_pu,k=20;secured=plain,1.9915520230738477e-05,,,
trust.secured_estimation-ieee118-migrated,trust.secured_estimation,ieee118,prior+huber+cnn,As,,angle_mae_deg,k=20;secured=dqn,0.008144622847081395,,,
trust.secured_estimation-ieee118-migrated,trust.secured_estimation,ieee118,prior+huber+cnn,As,,angle_mae_deg,k=20;secured=greedy,0.008251816856617694,,,
trust.secured_estimation-ieee118-migrated,trust.secured_estimation,ieee118,prior+huber+cnn,As,,angle_mae_deg,k=20;secured=plain,0.008207710383459596,,,
trust.secured_estimation-ieee118-migrated,trust.secured_estimation,ieee118,prior+huber+cnn,As,,voltage_mae_pu,k=20;secured=dqn,2.0553911402297644e-05,,,
trust.secured_estimation-ieee118-migrated,trust.secured_estimation,ieee118,prior+huber+cnn,As,,voltage_mae_pu,k=20;secured=greedy,2.0500928653157126e-05,,,
trust.secured_estimation-ieee118-migrated,trust.secured_estimation,ieee118,prior+huber+cnn,As,,voltage_mae_pu,k=20;secured=plain,2.0413151500226277e-05,,,
trust.secured_estimation-ieee118-migrated,trust.secured_estimation,ieee118,prior+huber+cnn,At,,angle_mae_deg,k=20;secured=dqn,0.009058762615103263,,,
trust.secured_estimation-ieee118-migrated,trust.secured_estimation,ieee118,prior+huber+cnn,At,,angle_mae_deg,k=20;secured=greedy,0.009297586104025297,,,
trust.secured_estimation-ieee118-migrated,trust.secured_estimation,ieee118,prior+huber+cnn,At,,angle_mae_deg,k=20;secured=plain,0.009187228377180381,,,
trust.secured_estimation-ieee118-migrated,trust.secured_estimation,ieee118,prior+huber+cnn,At,,voltage_mae_pu,k=20;secured=dqn,2.659155967635553e-05,,,
trust.secured_estimation-ieee118-migrated,trust.secured_estimation,ieee118,prior+huber+cnn,At,,voltage_mae_pu,k=20;secured=greedy,2.9335552732170827e-05,,,
trust.secured_estimation-ieee118-migrated,trust.secured_estimation,ieee118,prior+huber+cnn,At,,voltage_mae_pu,k=20;secured=plain,2.7433048006394873e-05,,,
trust.secured_estimation-ieee118-migrated,trust.secured_estimation,ieee118,prior+huber+cnn,benign,,angle_mae_deg,k=20;secured=dqn,0.006769381366177581,,,
trust.secured_estimation-ieee118-migrated,trust.secured_estimation,ieee118,prior+huber+cnn,benign,,angle_mae_deg,k=20;secured=greedy,0.006793463159252986,,,
trust.secured_estimation-ieee118-migrated,trust.secured_estimation,ieee118,prior+huber+cnn,benign,,angle_mae_deg,k=20;secured=plain,0.0067816738201274766,,,
trust.secured_estimation-ieee118-migrated,trust.secured_estimation,ieee118,prior+huber+cnn,benign,,voltage_mae_pu,k=20;secured=dqn,1.751854699437756e-05,,,
trust.secured_estimation-ieee118-migrated,trust.secured_estimation,ieee118,prior+huber+cnn,benign,,voltage_mae_pu,k=20;secured=greedy,1.765035760488897e-05,,,
trust.secured_estimation-ieee118-migrated,trust.secured_estimation,ieee118,prior+huber+cnn,benign,,voltage_mae_pu,k=20;secured=plain,1.751141179218276e-05,,,
trust.secured_estimation-ieee118-migrated,trust.secured_estimation,ieee118,prior+huber+cnn,geo,,angle_mae_deg,k=20;secured=dqn,0.010253610765111613,,,
trust.secured_estimation-ieee118-migrated,trust.secured_estimation,ieee118,prior+huber+cnn,geo,,angle_mae_deg,k=20;secured=greedy,0.010339131208499502,,,
trust.secured_estimation-ieee118-migrated,trust.secured_estimation,ieee118,prior+huber+cnn,geo,,angle_mae_deg,k=20;secured=plain,0.010312386630387898,,,
trust.secured_estimation-ieee118-migrated,trust.secured_estimation,ieee118,prior+huber+cnn,geo,,voltage_mae_pu,k=20;secured=dqn,3.224819129014245e-05,,,
trust.secured_estimation-ieee118-migrated,trust.secured_estimation,ieee118,prior+huber+cnn,geo,,voltage_mae_pu,k=20;secured=greedy,3.28127811886679e-05,,,
trust.secured_estimation-ieee118-migrated,trust.secured_estimation,ieee118,prior+huber+cnn,geo,,voltage_mae_pu,k=20;secured=plain,3.242861303334237e-05,,,
trust.secured_estimation-ieee118-migrated,trust.secured_estimation,ieee118,prior+huber+cnn+trust,Ad,,angle_mae_deg,k=20;secured=dqn,0.008007837385484875,,,
trust.secured_estimation-ieee118-migrated,trust.secured_estimation,ieee118,prior+huber+cnn+trust,Ad,,angle_mae_deg,k=20;secured=greedy,0.008067615713336881,,,
trust.secured_estimation-ieee118-migrated,trust.secured_estimation,ieee118,prior+huber+cnn+trust,Ad,,voltage_mae_pu,k=20;secured=dqn,2.0473952165160237e-05,,,
trust.secured_estimation-ieee118-migrated,trust.secured_estimation,ieee118,prior+huber+cnn+trust,Ad,,voltage_mae_pu,k=20;secured=greedy,2.048676137263666e-05,,,
trust.secured_estimation-ieee118-migrated,trust.secured_estimation,ieee118,prior+huber+cnn+trust,Al,,angle_mae_deg,k=20;secured=dqn,0.017280691000919307,,,
trust.secured_estimation-ieee118-migrated,trust.secured_estimation,ieee118,prior+huber+cnn+trust,Al,,angle_mae_deg,k=20;secured=greedy,0.015784640694527983,,,
trust.secured_estimation-ieee118-migrated,trust.secured_estimation,ieee118,prior+huber+cnn+trust,Al,,voltage_mae_pu,k=20;secured=dqn,0.00011318019640268746,,,
trust.secured_estimation-ieee118-migrated,trust.secured_estimation,ieee118,prior+huber+cnn+trust,Al,,voltage_mae_pu,k=20;secured=greedy,8.81307329523788e-05,,,
trust.secured_estimation-ieee118-migrated,trust.secured_estimation,ieee118,prior+huber+cnn+trust,Am,,angle_mae_deg,k=20;secured=dqn,0.011153557584487652,,,
trust.secured_estimation-ieee118-migrated,trust.secured_estimation,ieee118,prior+huber+cnn+trust,Am,,angle_mae_deg,k=20;secured=greedy,0.011331488833371277,,,
trust.secured_estimation-ieee118-migrated,trust.secured_estimation,ieee118,prior+huber+cnn+trust,Am,,voltage_mae_pu,k=20;secured=dqn,4.705926266787364e-05,,,
trust.secured_estimation-ieee118-migrated,trust.secured_estimation,ieee118,prior+huber+cnn+trust,Am,,voltage_mae_pu,k=20;secured=greedy,4.748604976535259e-05,,,
trust.secured_estimation-ieee118-migrated,trust.secured_estimation,ieee118,prior+huber+cnn+trust,Aq,,angle_mae_deg,k=20;secured=dqn,0.017449413465286553,,,
trust.secured_estimation-ieee118-migrated,trust.secured_estimation,ieee118,prior+huber+cnn+trust,Aq,,angle_mae_deg,k=20;secured=greedy,0.017421180627594145,,,
trust.secured_estimation-ieee118-migrated,trust.secured_estimation,ieee118,prior+huber+cnn+trust,Aq,,voltage_mae_pu,k=20;secured=dqn,4.5488846047272966e-05,,,
trust.secured_estimation-ieee118-migrated,trust.secured_estimation,ieee118,prior+huber+cnn+trust,Aq,,voltage_mae_pu,k=20;secured=greedy,4.508769769090561e-05,,,
trust.secured_estimation-ieee118-migrated,trust.secured_estimation,ieee118,prior+huber+cnn+trust,Ar,,angle_mae_deg,k=20;secured=dqn,0.008103086171426946,,,
trust.secured_estimation-ieee118-migrated,trust.secured_estimation,ieee118,prior+huber+cnn+trust,Ar,,angle_mae_deg,k=20;secured=greedy,0.008282441425186356,,,
trust.secured_estimation-ieee118-migrated,trust.secured_estimation,ieee118,prior+huber+cnn+trust,Ar,,voltage_mae_pu,k=20;secured=dqn,1.967365513732818e-05,,,
trust.secured_estimation-ieee118-migrated,trust.secured_estimation,ieee118,prior+huber+cnn+trust,Ar,,voltage_mae_pu,k=20;secured=greedy,1.9811100965050933e-05,,,
trust.secured_estimation-ieee118-migrated,trust.secured_estimation,ieee118,prior+huber+cnn+trust,As,,angle_mae_deg,k=20;secured=dqn,0.008002792195878353,,,
trust.secured_estimation-ieee118-migrated,trust.secured_estimation,ieee118,prior+huber+cnn+trust,As,,angle_mae_deg,k=20;secured=greedy,0.008199414453291198,,,
trust.secured_estimation-ieee118-migrated,trust.secured_estimation,ieee118,prior+huber+cnn+trust,As,,voltage_mae_pu,k=20;secured=dqn,2.0212273534745245e-05,,,
trust.secured_estimation-ieee118-migrated,trust.secured_estimation,ieee118,prior+huber+cnn+trust,As,,voltage_mae_pu,k=20;secured=greedy,2.0436563194730427e-05,,,
trust.secured_estimation-ieee118-migrated,trust.secured_estimation,ieee118,prior+huber+cnn+trust,At,,angle_mae_deg,k=20;secured=dqn,0.009000667169376319,,,
trust.secured_estimation-ieee118-migrated,trust.secured_estimation,ieee118,prior+huber+cnn+trust,At,,angle_mae_deg,k=20;secured=greedy,0.009136272774300425,,,
trust.secured_estimation-ieee118-migrated,trust.secured_estimation,ieee118,prior+huber+cnn+trust,At,,voltage_mae_pu,k=20;secured=dqn,2.6093106079174093e-05,,,
trust.secured_estimation-ieee118-migrated,trust.secured_estimation,ieee118,prior+huber+cnn+trust,At,,voltage_mae_pu,k=20;secured=greedy,2.698757197535909e-05,,,
trust.secured_estimation-ieee118-migrated,trust.secured_estimation,ieee118,prior+huber+cnn+trust,benign,,angle_mae_deg,k=20;secured=dqn,0.006749690293896076,,,
trust.secured_estimation-ieee118-migrated,trust.secured_estimation,ieee118,prior+huber+cnn+trust,benign,,angle_mae_deg,k=20;secured=greedy,0.006784590440873689,,,
trust.secured_estimation-ieee118-migrated,trust.secured_estimation,ieee118,prior+huber+cnn+trust,benign,,voltage_mae_pu,k=20;secured=dqn,1.7421097976709877e-05,,,
trust.secured_estimation-ieee118-migrated,trust.secured_estimation,ieee118,prior+huber+cnn+trust,benign,,voltage_mae_pu,k=20;secured=greedy,1.753739200847782e-05,,,
trust.secured_estimation-ieee118-migrated,trust.secured_estimation,ieee118,prior+huber+cnn+trust,geo,,angle_mae_deg,k=20;secured=dqn,0.010074306110193531,,,
trust.secured_estimation-ieee118-migrated,trust.secured_estimation,ieee118,prior+huber+cnn+trust,geo,,angle_mae_deg,k=20;secured=greedy,0.010070993045039068,,,
trust.secured_estimation-ieee118-migrated,trust.secured_estimation,ieee118,prior+huber+cnn+trust,geo,,voltage_mae_pu,k=20;secured=dqn,3.1194495137741287e-05,,,
trust.secured_estimation-ieee118-migrated,trust.secured_estimation,ieee118,prior+huber+cnn+trust,geo,,voltage_mae_pu,k=20;secured=greedy,3.0458517511300044e-05,,,
trust.secured_estimation-ieee118-migrated,trust.secured_estimation,ieee118,prior+huber+oracle,Ad,,angle_mae_deg,k=20;secured=dqn,0.007369205836617372,,,
trust.secured_estimation-ieee118-migrated,trust.secured_estimation,ieee118,prior+huber+oracle,Ad,,angle_mae_deg,k=20;secured=greedy,0.007369272654970123,,,
trust.secured_estimation-ieee118-migrated,trust.secured_estimation,ieee118,prior+huber+oracle,Ad,,angle_mae_deg,k=20;secured=plain,0.007369522016493862,,,
trust.secured_estimation-ieee118-migrated,trust.secured_estimation,ieee118,prior+huber+oracle,Ad,,voltage_mae_pu,k=20;secured=dqn,1.8916471304189597e-05,,,
trust.secured_estimation-ieee118-migrated,trust.secured_estimation,ieee118,prior+huber+oracle,Ad,,voltage_mae_pu,k=20;secured=greedy,1.8917705140116235e-05,,,
trust.secured_estimation-ieee118-migrated,trust.secured_estimation,ieee118,prior+huber+oracle,Ad,,voltage_mae_pu,k=20;secured=plain,1.8918068116348083e-05,,,
trust.secured_estimation-ieee118-migrated,trust.secured_estimation,ieee118,prior+huber+oracle,Al,,angle_mae_deg,k=20;secured=dqn,0.017833263825425893,,,
trust.secured_estimation-ieee118-migrated,trust.secured_estimation,ieee118,prior+huber+oracle,Al,,angle_mae_deg,k=20;secured=greedy,0.017831313600711374,,,
trust.secured_estimation-ieee118-migrated,trust.secured_estimation,ieee118,prior+huber+oracle,Al,,angle_mae_deg,k=20;secured=plain,0.017797837602110265,,,
trust.secured_estimation-ieee118-migrated,trust.secured_estimation,ieee118,prior+huber+oracle,Al,,voltage_mae_pu,k=20;secured=dqn,0.00012819812829687567,,,
trust.secured_estimation-ieee118-migrated,trust.secured_estimation,ieee118,prior+huber+oracle,Al,,voltage_mae_pu,k=20;secured=greedy,0.00012776749247307272,,,
trust.secured_estimation-ieee118-migrated,trust.secured_estimation,ieee118,prior+huber+oracle,Al,,voltage_mae_pu,k=20;secured=plain,0.0001275232136293292,,,
trust.secured_estimation-ieee118-migrated,trust.secured_estimation,ieee118,prior+huber+oracle,Am,,angle_mae_deg,k=20;secured=dqn,0.014738955657774751,,,
trust.secured_estimation-ieee118-migrated,trust.secured_estimation,ieee118,prior+huber+oracle,Am,,angle_mae_deg,k=20;secured=greedy,0.014748814007955583,,,
trust.secured_estimation-ieee118-migrated,trust.secured_estimation,ieee118,prior+huber+oracle,Am,,angle_mae_deg,k=20;secured=plain,0.01477595727970319,,,
trust.secured_estimation-ieee118-migrated,trust.secured_estimation,ieee118,prior+huber+oracle,Am,,voltage_mae_pu,k=20;secured=dqn,0.000113201817382171,,,
trust.secured_estimation-ieee118-migrated,trust.secured_estimation,ieee118,prior+huber+oracle,Am,,voltage_mae_pu,k=20;secured=greedy,0.00011300601235389457,,,
trust.secured_estimation-ieee118-migrated,trust.secured_estimation,ieee118,prior+huber+oracle,Am,,voltage_mae_pu,k=20;secured=plain,0.00011333326565156652,,,
trust.secured_estimation-ieee118-migrated,trust.secured_estimation,ieee118,prior+huber+oracle,Aq,,angle_mae_deg,k=20;secured=dqn,0.01677539813976938,,,
trust.secured_estimation-ieee118-migrated,trust.secured_estimation,ieee118,prior+huber+oracle,Aq,,angle_mae_deg,k=20;secured=greedy,0.01680289984921663,,,
trust.secured_estimation-ieee118-migrated,trust.secured_estimation,ieee118,prior+huber+oracle,Aq,,angle_mae_deg,k=20;secured=plain,0.01683496394980796,,,
trust.secured_estimation-ieee118-migrated,trust.secured_estimation,ieee118,prior+huber+oracle,Aq,,voltage_mae_pu,k=20;secured=dqn,4.4228213169023365e-05,,,
trust.secured_estimation-ieee118-migrated,trust.secured_estimation,ieee118,prior+huber+oracle,Aq,,voltage_mae_pu,k=20;secured=greedy,4.439422032318597e-05,,,
trust.secured_estimation-ieee118-migrated,trust.secured_estimation,ieee118,prior+huber+oracle,Aq,,voltage_mae_pu,k=20;secured=plain,4.448305754097508e-05,,,
trust.secured_estimation-ieee118-migrated,trust.secured_estimation,ieee118,prior+huber+oracle,Ar,,angle_mae_deg,k=20;secured=dqn,0.007279403607090049,,,
trust.secured_estimation-ieee118-migrated,trust.secured_estimation,ieee118,prior+huber+oracle,Ar,,angle_mae_deg,k=20;secured=greedy,0.007279528827217298,,,
trust.secured_estimation-ieee118-migrated,trust.secured_estimation,ieee118,prior+huber+oracle,Ar,,angle_mae_deg,k=20;secured=plain,0.007279569736769345,,,
trust.secured_estimation-ieee118-migrated,trust.secured_estimation,ieee118,prior+huber+oracle,Ar,,voltage_mae_pu,k=20;secured=dqn,1.865949945424234e-05,,,
trust.secured_estimation-ieee118-migrated,trust.secured_estimation,ieee118,prior+huber+oracle,Ar,,voltage_mae_pu,k=20;secured=greedy,1.865959929330346e-05,,,
trust.secured_estimation-ieee118-migrated,trust.secured_estimation,ieee118,prior+huber+oracle,Ar,,voltage_mae_pu,k=20;secured=plain,1.8659856619352707e-05,,,
trust.secured_estimation-ieee118-migrated,trust.secured_estimation,ieee118,prior+huber+oracle,As,,angle_mae_deg,k=20;secured=dqn,0.007449883701389055,,,
trust.secured_estimation-ieee118-migrated,trust.secured_estimation,ieee118,prior+huber+oracle,As,,angle_mae_deg,k=20;secured=greedy,0.007450205444194259,,,
trust.secured_estimation-ieee118-migrated,trust.secured_estimation,ieee118,prior+huber+oracle,As,,angle_mae_deg,k=20;secured=plain,0.007454097177103954,,,
trust.secured_estimation-ieee118-migrated,trust.secured_estimation,ieee118,prior+huber+oracle,As,,voltage_mae_pu,k=20;secured=dqn,1.890365515746155e-05,,,
trust.secured_estimation-ieee118-migrated,trust.secured_estimation,ieee118,prior+huber+oracle,As,,voltage_mae_pu,k=20;secured=greedy,1.8898511220583343e-05,,,
trust.secured_estimation-ieee118-migrated,trust.secured_estimation,ieee118,prior+huber+oracle,As,,voltage_mae_pu,k=20;secured=plain,1.8905823497879235e-05,,,
trust.secured_estimation-ieee118-migrated,trust.secured_estimation,ieee118,prior+huber+oracle,At,,angle_mae_deg,k=20;secured=dqn,0.008526715181371174,,,
trust.secured_estimation-ieee118-migrated,trust.secured_estimation,ieee118,prior+huber+oracle,At,,angle_mae_deg,k=20;secured=greedy,0.008526903406580022,,,
trust.secured_estimation-ieee118-migrated,trust.secured_estimation,ieee118,prior+huber+oracle,At,,angle_mae_deg,k=20;secured=plain,0.008530284416172505,,,
trust.secured_estimation-ieee118-migrated,trust.secured_estimation,ieee118,prior+huber+oracle,At,,voltage_mae_pu,k=20;secured=dqn,2.390611450073128e-05,,,
trust.secured_estimation-ieee118-migrated,trust.secured_estimation,ieee118,prior+huber+oracle,At,,voltage_mae_pu,k=20;secured=greedy,2.3930703057910446e-05,,,
trust.secured_estimation-ieee118-migrated,trust.secured_estimation,ieee118,prior+huber+oracle,At,,voltage_mae_pu,k=20;secured=plain,2.3940387505854022e-05,,,
trust.secured_estimation-ieee118-migrated,trust.secured_estimation,ieee118,prior+huber+oracle,benign,,angle_mae_deg,k=20;secured=dqn,0.006528488477869899,,,
trust.secured_estimation-ieee118-migrated,trust.secured_estimation,ieee118,prior+huber+oracle,benign,,angle_mae_deg,k=20;secured=greedy,0.006528488477869899,,,
trust.secured_estimation-ieee118-migrated,trust.secured_estimation,ieee118,prior+huber+oracle,benign,,angle_mae_deg,k=20;secured=plain,0.006528488477869899,,,
trust.secured_estimation-ieee118-migrated,trust.secured_estimation,ieee118,prior+huber+oracle,benign,,voltage_mae_pu,k=20;secured=dqn,1.6506101688253007e-05,,,
trust.secured_estimation-ieee118-migrated,trust.secured_estimation,ieee118,prior+huber+oracle,benign,,voltage_mae_pu,k=20;secured=greedy,1.6506101688253007e-05,,,
trust.secured_estimation-ieee118-migrated,trust.secured_estimation,ieee118,prior+huber+oracle,benign,,voltage_mae_pu,k=20;secured=plain,1.6506101688253007e-05,,,
trust.secured_estimation-ieee118-migrated,trust.secured_estimation,ieee118,prior+huber+oracle,geo,,angle_mae_deg,k=20;secured=dqn,0.009975940385400445,,,
trust.secured_estimation-ieee118-migrated,trust.secured_estimation,ieee118,prior+huber+oracle,geo,,angle_mae_deg,k=20;secured=greedy,0.009978794997945153,,,
trust.secured_estimation-ieee118-migrated,trust.secured_estimation,ieee118,prior+huber+oracle,geo,,angle_mae_deg,k=20;secured=plain,0.009982318248016367,,,
trust.secured_estimation-ieee118-migrated,trust.secured_estimation,ieee118,prior+huber+oracle,geo,,voltage_mae_pu,k=20;secured=dqn,3.376635922255619e-05,,,
trust.secured_estimation-ieee118-migrated,trust.secured_estimation,ieee118,prior+huber+oracle,geo,,voltage_mae_pu,k=20;secured=greedy,3.3764151159080584e-05,,,
trust.secured_estimation-ieee118-migrated,trust.secured_estimation,ieee118,prior+huber+oracle,geo,,voltage_mae_pu,k=20;secured=plain,3.3780199303344057e-05,,,
trust.secured_estimation-ieee118-migrated,trust.secured_estimation,ieee118,prior+huber+oracle+trust,Ad,,angle_mae_deg,k=20;secured=dqn,0.00731648518689987,,,
trust.secured_estimation-ieee118-migrated,trust.secured_estimation,ieee118,prior+huber+oracle+trust,Ad,,angle_mae_deg,k=20;secured=greedy,0.00735619836211259,,,
trust.secured_estimation-ieee118-migrated,trust.secured_estimation,ieee118,prior+huber+oracle+trust,Ad,,voltage_mae_pu,k=20;secured=dqn,1.8777975065331875e-05,,,
trust.secured_estimation-ieee118-migrated,trust.secured_estimation,ieee118,prior+huber+oracle+trust,Ad,,voltage_mae_pu,k=20;secured=greedy,1.89270723799599e-05,,,
trust.secured_estimation-ieee118-migrated,trust.secured_estimation,ieee118,prior+huber+oracle+trust,Al,,angle_mae_deg,k=20;secured=dqn,0.01688761046961776,,,
trust.secured_estimation-ieee118-migrated,trust.secured_estimation,ieee118,prior+huber+oracle+trust,Al,,angle_mae_deg,k=20;secured=greedy,0.01523257783483075,,,
trust.secured_estimation-ieee118-migrated,trust.secured_estimation,ieee118,prior+huber+oracle+trust,Al,,voltage_mae_pu,k=20;secured=dqn,0.00011262293337324392,,,
trust.secured_estimation-ieee118-migrated,trust.secured_estimation,ieee118,prior+huber+oracle+trust,Al,,voltage_mae_pu,k=20;secured=greedy,8.56727689951516e-05,,,
trust.secured_estimation-ieee118-migrated,trust.secured_estimation,ieee118,prior+huber+oracle+trust,Am,,angle_mae_deg,k=20;secured=dqn,0.013265784165982748,,,
trust.secured_estimation-ieee118-migrated,trust.secured_estimation,ieee118,prior+huber+oracle+trust,Am,,angle_mae_deg,k=20;secured=greedy,0.012274756192666096,,,
trust.secured_estimation-ieee118-migrated,trust.secured_estimation,ieee118,prior+huber+oracle+trust,Am,,voltage_mae_pu,k=20;secured=dqn,8.853077524757124e-05,,,
trust.secured_estimation-ieee118-migrated,trust.secured_estimation,ieee118,prior+huber+oracle+trust,Am,,voltage_mae_pu,k=20;secured=greedy,7.478513025239502e-05,,,
trust.secured_estimation-ieee118-migrated,trust.secured_estimation,ieee118,prior+huber+oracle+trust,Aq,,angle_mae_deg,k=20;secured=dqn,0.01660757050208712,,,
trust.secured_estimation-ieee118-migrated,trust.secured_estimation,ieee118,prior+huber+oracle+trust,Aq,,angle_mae_deg,k=20;secured=greedy,0.016725033176775293,,,
trust.secured_estimation-ieee118-migrated,trust.secured_estimation,ieee118,prior+huber+oracle+trust,Aq,,voltage_mae_pu,k=20;secured=dqn,4.285323429932354e-05,,,
trust.secured_estimation-ieee118-migrated,trust.secured_estimation,ieee118,prior+huber+oracle+trust,Aq,,voltage_mae_pu,k=20;secured=greedy,4.3047346668339613e-05,,,
trust.secured_estimation-ieee118-migrated,trust.secured_estimation,ieee118,prior+huber+oracle+trust,Ar,,angle_mae_deg,k=20;secured=dqn,0.0072266090448418665,,,
trust.secured_estimation-ieee118-migrated,trust.secured_estimation,ieee118,prior+huber+oracle+trust,Ar,,angle_mae_deg,k=20;secured=greedy,0.007278744100552725,,,
trust.secured_estimation-ieee118-migrated,trust.secured_estimation,ieee118,prior+huber+oracle+trust,Ar,,voltage_mae_pu,k=20;secured=dqn,1.8560256192665737e-05,,,
trust.secured_estimation-ieee118-migrated,trust.secured_estimation,ieee118,prior+huber+oracle+trust,Ar,,voltage_mae_pu,k=20;secured=greedy,1.8647217354691404e-05,,,
trust.secured_estimation-ieee118-migrated,trust.secured_estimation,ieee118,prior+huber+oracle+trust,As,,angle_mae_deg,k=20;secured=dqn,0.007374101916477843,,,
trust.secured_estimation-ieee118-migrated,trust.secured_estimation,ieee118,prior+huber+oracle+trust,As,,angle_mae_deg,k=20;secured=greedy,0.007431917362157492,,,
trust.secured_estimation-ieee118-migrated,trust.secured_estimation,ieee118,prior+huber+oracle+trust,As,,voltage_mae_pu,k=20;secured=dqn,1.875233935896531e-05,,,
trust.secured_estimation-ieee118-migrated,trust.secured_estimation,ieee118,prior+huber+oracle+trust,As,,voltage_mae_pu,k=20;secured=greedy,1.8895464045007177e-05,,,
trust.secured_estimation-ieee118-migrated,trust.secured_estimation,ieee118,prior+huber+oracle+trust,At,,angle_mae_deg,k=20;secured=dqn,0.008478483610843225,,,
trust.secured_estimation-ieee118-migrated,trust.secured_estimation,ieee118,prior+huber+oracle+trust,At,,angle_mae_deg,k=20;secured=greedy,0.008484807914138916,,,
trust.secured_estimation-ieee118-migrated,trust.secured_estimation,ieee118,prior+huber+oracle+trust,At,,voltage_mae_pu,k=20;secured=dqn,2.339448706161364e-05,,,
trust.secured_estimation-ieee118-migrated,trust.secured_estimation,ieee118,prior+huber+oracle+trust,At,,voltage_mae_pu,k=20;secured=greedy,2.3597939880537268e-05,,,
trust.secured_estimation-ieee118-migrated,trust.secured_estimation,ieee118,prior+huber+oracle+trust,benign,,angle_mae_deg,k=20;secured=dqn,0.006528488477869899,,,
trust.secured_estimation-ieee118-migrated,trust.secured_estimation,ieee118,prior+huber+oracle+trust,benign,,angle_mae_deg,k=20;secured=greedy,0.006528488477869899,,,
trust.secured_estimation-ieee118-migrated,trust.secured_estimation,ieee118,prior+huber+oracle+trust,benign,,voltage_mae_pu,k=20;secured=dqn,1.6506101688253007e-05,,,
trust.secured_estimation-ieee118-migrated,trust.secured_estimation,ieee118,prior+huber+oracle+trust,benign,,voltage_mae_pu,k=20;secured=greedy,1.6506101688253007e-05,,,
trust.secured_estimation-ieee118-migrated,trust.secured_estimation,ieee118,prior+huber+oracle+trust,geo,,angle_mae_deg,k=20;secured=dqn,0.00972938819874326,,,
trust.secured_estimation-ieee118-migrated,trust.secured_estimation,ieee118,prior+huber+oracle+trust,geo,,angle_mae_deg,k=20;secured=greedy,0.009545580291583255,,,
trust.secured_estimation-ieee118-migrated,trust.secured_estimation,ieee118,prior+huber+oracle+trust,geo,,voltage_mae_pu,k=20;secured=dqn,3.192227732450447e-05,,,
trust.secured_estimation-ieee118-migrated,trust.secured_estimation,ieee118,prior+huber+oracle+trust,geo,,voltage_mae_pu,k=20;secured=greedy,3.0331735580481e-05,,,
trust.secured_estimation-ieee118-migrated,trust.secured_estimation,ieee118,prior+huber+residual,Ad,,angle_mae_deg,k=20;secured=dqn,0.02983270082029098,,,
trust.secured_estimation-ieee118-migrated,trust.secured_estimation,ieee118,prior+huber+residual,Ad,,angle_mae_deg,k=20;secured=greedy,0.030071933693687602,,,
trust.secured_estimation-ieee118-migrated,trust.secured_estimation,ieee118,prior+huber+residual,Ad,,angle_mae_deg,k=20;secured=plain,0.03040967691399771,,,
trust.secured_estimation-ieee118-migrated,trust.secured_estimation,ieee118,prior+huber+residual,Ad,,voltage_mae_pu,k=20;secured=dqn,0.00012990393893082887,,,
trust.secured_estimation-ieee118-migrated,trust.secured_estimation,ieee118,prior+huber+residual,Ad,,voltage_mae_pu,k=20;secured=greedy,0.00013158366257386026,,,
trust.secured_estimation-ieee118-migrated,trust.secured_estimation,ieee118,prior+huber+residual,Ad,,voltage_mae_pu,k=20;secured=plain,0.00013283779370810628,,,
trust.secured_estimation-ieee118-migrated,trust.secured_estimation,ieee118,prior+huber+residual,Al,,angle_mae_deg,k=20;secured=dqn,0.016280541380134562,,,
trust.secured_estimation-ieee118-migrated,trust.secured_estimation,ieee118,prior+huber+residual,Al,,angle_mae_deg,k=20;secured=greedy,0.014873370412596168,,,
trust.secured_estimation-ieee118-migrated,trust.secured_estimation,ieee118,prior+huber+residual,Al,,angle_mae_deg,k=20;secured=plain,0.014957379145044847,,,
trust.secured_estimation-ieee118-migrated,trust.secured_estimation,ieee118,prior+huber+residual,Al,,voltage_mae_pu,k=20;secured=dqn,5.7348770624015034e-05,,,
trust.secured_estimation-ieee118-migrated,trust.secured_estimation,ieee118,prior+huber+residual,Al,,voltage_mae_pu,k=20;secured=greedy,5.590727597945115e-05,,,
trust.secured_estimation-ieee118-migrated,trust.secured_estimation,ieee118,prior+huber+residual,Al,,voltage_mae_pu,k=20;secured=plain,5.651748079488075e-05,,,
trust.secured_estimation-ieee118-migrated,trust.secured_estimation,ieee118,prior+huber+residual,Am,,angle_mae_deg,k=20;secured=dqn,0.011293784281935284,,,
trust.secured_estimation-ieee118-migrated,trust.secured_estimation,ieee118,prior+huber+residual,Am,,angle_mae_deg,k=20;secured=greedy,0.010873740994842068,,,
trust.secured_estimation-ieee118-migrated,trust.secured_estimation,ieee118,prior+huber+residual,Am,,angle_mae_deg,k=20;secured=plain,0.010922625254863644,,,
trust.secured_estimation-ieee118-migrated,trust.secured_estimation,ieee118,prior+huber+residual,Am,,voltage_mae_pu,k=20;secured=dqn,4.21206799559506e-05,,,
trust.secured_estimation-ieee118-migrated,trust.secured_estimation,ieee118,prior+huber+residual,Am,,voltage_mae_pu,k=20;secured=greedy,4.176238508002464e-05,,,
trust.secured_estimation-ieee118-migrated,trust.secured_estimation,ieee118,prior+huber+residual,Am,,voltage_mae_pu,k=20;secured=plain,4.197008923271468e-05,,,
trust.secured_estimation-ieee118-migrated,trust.secured_estimation,ieee118,prior+huber+residual,Aq,,angle_mae_deg,k=20;secured=dqn,0.018991153250051632,,,
trust.secured_estimation-ieee118-migrated,trust.secured_estimation,ieee118,prior+huber+residual,Aq,,angle_mae_deg,k=20;secured=greedy,0.01835964764308772,,,
trust.secured_estimation-ieee118-migrated,trust.secured_estimation,ieee118,prior+huber+residual,Aq,,angle_mae_deg,k=20;secured=plain,0.01839547863966802,,,
trust.secured_estimation-ieee118-migrated,trust.secured_estimation,ieee118,prior+huber+residual,Aq,,voltage_mae_pu,k=20;secured=dqn,5.172886761554752e-05,,,
trust.secured_estimation-ieee118-migrated,trust.secured_estimation,ieee118,prior+huber+residual,Aq,,voltage_mae_pu,k=20;secured=greedy,4.6860273695312306e-05,,,
trust.secured_estimation-ieee118-migrated,trust.secured_estimation,ieee118,prior+huber+residual,Aq,,voltage_mae_pu,k=20;secured=plain,4.676371240609372e-05,,,
trust.secured_estimation-ieee118-migrated,trust.secured_estimation,ieee118,prior+huber+residual,Ar,,angle_mae_deg,k=20;secured=dqn,0.024984081021313522,,,
trust.secured_estimation-ieee118-migrated,trust.secured_estimation,ieee118,prior+huber+residual,Ar,,angle_mae_deg,k=20;secured=greedy,0.025532120447333325,,,
trust.secured_estimation-ieee118-migrated,trust.secured_estimation,ieee118,prior+huber+residual,Ar,,angle_mae_deg,k=20;secured=plain,0.0266024820082868,,,
trust.secured_estimation-ieee118-migrated,trust.secured_estimation,ieee118,prior+huber+residual,Ar,,voltage_mae_pu,k=20;secured=dqn,8.105449940446783e-05,,,
trust.secured_estimation-ieee118-migrated,trust.secured_estimation,ieee118,prior+huber+residual,Ar,,voltage_mae_pu,k=20;secured=greedy,8.084914530587524e-05,,,
trust.secured_estimation-ieee118-migrated,trust.secured_estimation,ieee118,prior+huber+residual,Ar,,voltage_mae_pu,k=20;secured=plain,8.44119854477111e-05,,,
trust.secured_estimation-ieee118-migrated,trust.secured_estimation,ieee118,prior+huber+residual,As,,angle_mae_deg,k=20;secured=dqn,0.03215893431389803,,,
trust.secured_estimation-ieee118-migrated,trust.secured_estimation,ieee118,prior+huber+residual,As,,angle_mae_deg,k=20;secured=greedy,0.03274248013580732,,,
trust.secured_estimation-ieee118-migrated,trust.secured_estimation,ieee118,prior+huber+residual,As,,angle_mae_deg,k=20;secured=plain,0.033041315613513596,,,
trust.secured_estimation-ieee118-migrated,trust.secured_estimation,ieee118,prior+huber+residual,As,,voltage_mae_pu,k=20;secured=dqn,0.00013453362893907266,,,
trust.secured_estimation-ieee118-migrated,trust.secured_estimation,ieee118,prior+huber+residual,As,,voltage_mae_pu,k=20;secured=greedy,0.00013337208228665339,,,
trust.secured_estimation-ieee118-migrated,trust.secured_estimation,ieee118,prior+huber+residual,As,,voltage_mae_pu,k=20;secured=plain,0.00013517438050686736,,,
trust.secured_estimation-ieee118-migrated,trust.secured_estimation,ieee118,prior+huber+residual,At,,angle_mae_deg,k=20;secured=dqn,0.008737213428772225,,,
trust.secured_estimation-ieee118-migrated,trust.secured_estimation,ieee118,prior+huber+residual,At,,angle_mae_deg,k=20;secured=greedy,0.00873635446106989,,,
trust.secured_estimation-ieee118-migrated,trust.secured_estimation,ieee118,prior+huber+residual,At,,angle_mae_deg,k=20;secured=plain,0.008740572412142163,,,
trust.secured_estimation-ieee118-migrated,trust.secured_estimation,ieee118,prior+huber+residual,At,,voltage_mae_pu,k=20;secured=dqn,2.1072200168296154e-05,,,
trust.secured_estimation-ieee118-migrated,trust.secured_estimation,ieee118,prior+huber+residual,At,,voltage_mae_pu,k=20;secured=greedy,2.1145536663939425e-05,,,
trust.secured_estimation-ieee118-migrated,trust.secured_estimation,ieee118,prior+huber+residual,At,,voltage_mae_pu,k=20;secured=plain,2.1154802233768013e-05,,,
trust.secured_estimation-ieee118-migrated,trust.secured_estimation,ieee118,prior+huber+residual,benign,,angle_mae_deg,k=20;secured=dqn,0.006731760898524264,,,
trust.secured_estimation-ieee118-migrated,trust.secured_estimation,ieee118,prior+huber+residual,benign,,angle_mae_deg,k=20;secured=greedy,0.006731760898524264,,,
trust.secured_estimation-ieee118-migrated,trust.secured_estimation,ieee118,prior+huber+residual,benign,,angle_mae_deg,k=20;secured=plain,0.006731760898524264,,,
trust.secured_estimation-ieee118-migrated,trust.secured_estimation,ieee118,prior+huber+residual,benign,,voltage_mae_pu,k=20;secured=dqn,1.7062778528527117e-05,,,
trust.secured_estimation-ieee118-migrated,trust.secured_estimation,ieee118,prior+huber+residual,benign,,voltage_mae_pu,k=20;secured=greedy,1.7062778528527117e-05,,,
trust.secured_estimation-ieee118-migrated,trust.secured_estimation,ieee118,prior+huber+residual,benign,,voltage_mae_pu,k=20;secured=plain,1.7062778528527117e-05,,,
trust.secured_estimation-ieee118-migrated,trust.secured_estimation,ieee118,prior+huber+residual,geo,,angle_mae_deg,k=20;secured=dqn,0.01627523852189632,,,
trust.secured_estimation-ieee118-migrated,trust.secured_estimation,ieee118,prior+huber+residual,geo,,angle_mae_deg,k=20;secured=greedy,0.016043862548558257,,,
trust.secured_estimation-ieee118-migrated,trust.secured_estimation,ieee118,prior+huber+residual,geo,,angle_mae_deg,k=20;secured=plain,0.016192696843068292,,,
trust.secured_estimation-ieee118-migrated,trust.secured_estimation,ieee118,prior+huber+residual,geo,,voltage_mae_pu,k=20;secured=dqn,5.3145659398816305e-05,,,
trust.secured_estimation-ieee118-migrated,trust.secured_estimation,ieee118,prior+huber+residual,geo,,voltage_mae_pu,k=20;secured=greedy,5.230384978551588e-05,,,
trust.secured_estimation-ieee118-migrated,trust.secured_estimation,ieee118,prior+huber+residual,geo,,voltage_mae_pu,k=20;secured=plain,5.283099847640717e-05,,,
trust.secured_estimation-ieee118-migrated,trust.secured_estimation,ieee118,prior+huber+residual+trust,Ad,,angle_mae_deg,k=20;secured=dqn,0.0261977327770565,,,
trust.secured_estimation-ieee118-migrated,trust.secured_estimation,ieee118,prior+huber+residual+trust,Ad,,angle_mae_deg,k=20;secured=greedy,0.02737470640879001,,,
trust.secured_estimation-ieee118-migrated,trust.secured_estimation,ieee118,prior+huber+residual+trust,Ad,,voltage_mae_pu,k=20;secured=dqn,0.00011315996857109345,,,
trust.secured_estimation-ieee118-migrated,trust.secured_estimation,ieee118,prior+huber+residual+trust,Ad,,voltage_mae_pu,k=20;secured=greedy,0.00011077369789383421,,,
trust.secured_estimation-ieee118-migrated,trust.secured_estimation,ieee118,prior+huber+residual+trust,Al,,angle_mae_deg,k=20;secured=dqn,0.015311472247375623,,,
trust.secured_estimation-ieee118-migrated,trust.secured_estimation,ieee118,prior+huber+residual+trust,Al,,angle_mae_deg,k=20;secured=greedy,0.014856746907409568,,,
trust.secured_estimation-ieee118-migrated,trust.secured_estimation,ieee118,prior+huber+residual+trust,Al,,voltage_mae_pu,k=20;secured=dqn,5.6616264908077795e-05,,,
trust.secured_estimation-ieee118-migrated,trust.secured_estimation,ieee118,prior+huber+residual+trust,Al,,voltage_mae_pu,k=20;secured=greedy,5.56362023487791e-05,,,
trust.secured_estimation-ieee118-migrated,trust.secured_estimation,ieee118,prior+huber+residual+trust,Am,,angle_mae_deg,k=20;secured=dqn,0.011002502854418127,,,
trust.secured_estimation-ieee118-migrated,trust.secured_estimation,ieee118,prior+huber+residual+trust,Am,,angle_mae_deg,k=20;secured=greedy,0.01082183516495945,,,
trust.secured_estimation-ieee118-migrated,trust.secured_estimation,ieee118,prior+huber+residual+trust,Am,,voltage_mae_pu,k=20;secured=dqn,4.1394775768360484e-05,,,
trust.secured_estimation-ieee118-migrated,trust.secured_estimation,ieee118,prior+huber+residual+trust,Am,,voltage_mae_pu,k=20;secured=greedy,4.158746514695296e-05,,,
trust.secured_estimation-ieee118-migrated,trust.secured_estimation,ieee118,prior+huber+residual+trust,Aq,,angle_mae_deg,k=20;secured=dqn,0.018420427395325997,,,
trust.secured_estimation-ieee118-migrated,trust.secured_estimation,ieee118,prior+huber+residual+trust,Aq,,angle_mae_deg,k=20;secured=greedy,0.018337592386451388,,,
trust.secured_estimation-ieee118-migrated,trust.secured_estimation,ieee118,prior+huber+residual+trust,Aq,,voltage_mae_pu,k=20;secured=dqn,4.797581517916188e-05,,,
trust.secured_estimation-ieee118-migrated,trust.secured_estimation,ieee118,prior+huber+residual+trust,Aq,,voltage_mae_pu,k=20;secured=greedy,4.673163684308735e-05,,,
trust.secured_estimation-ieee118-migrated,trust.secured_estimation,ieee118,prior+huber+residual+trust,Ar,,angle_mae_deg,k=20;secured=dqn,0.02258486328528017,,,
trust.secured_estimation-ieee118-migrated,trust.secured_estimation,ieee118,prior+huber+residual+trust,Ar,,angle_mae_deg,k=20;secured=greedy,0.024600112794366445,,,
trust.secured_estimation-ieee118-migrated,trust.secured_estimation,ieee118,prior+huber+residual+trust,Ar,,voltage_mae_pu,k=20;secured=dqn,7.278107039446218e-05,,,
trust.secured_estimation-ieee118-migrated,trust.secured_estimation,ieee118,prior+huber+residual+trust,Ar,,voltage_mae_pu,k=20;secured=greedy,7.490775799020013e-05,,,
trust.secured_estimation-ieee118-migrated,trust.secured_estimation,ieee118,prior+huber+residual+trust,As,,angle_mae_deg,k=20;secured=dqn,0.028681849470460274,,,
trust.secured_estimation-ieee118-migrated,trust.secured_estimation,ieee118,prior+huber+residual+trust,As,,angle_mae_deg,k=20;secured=greedy,0.030603608970364852,,,
trust.secured_estimation-ieee118-migrated,trust.secured_estimation,ieee118,prior+huber+residual+trust,As,,voltage_mae_pu,k=20;secured=dqn,0.00011838221688079969,,,
trust.secured_estimation-ieee118-migrated,trust.secured_estimation,ieee118,prior+huber+residual+trust,As,,voltage_mae_pu,k=20;secured=greedy,0.00012070056104781832,,,
trust.secured_estimation-ieee118-migrated,trust.secured_estimation,ieee118,prior+huber+residual+trust,At,,angle_mae_deg,k=20;secured=dqn,0.008710271573299844,,,
trust.secured_estimation-ieee118-migrated,trust.secured_estimation,ieee118,prior+huber+residual+trust,At,,angle_mae_deg,k=20;secured=greedy,0.008721438004610536,,,
trust.secured_estimation-ieee118-migrated,trust.secured_estimation,ieee118,prior+huber+residual+trust,At,,voltage_mae_pu,k=20;secured=dqn,2.0958609102813148e-05,,,
trust.secured_estimation-ieee118-migrated,trust.secured_estimation,ieee118,prior+huber+residual+trust,At,,voltage_mae_pu,k=20;secured=greedy,2.1113329650350575e-05,,,
trust.secured_estimation-ieee118-migrated,trust.secured_estimation,ieee118,prior+huber+residual+trust,benign,,angle_mae_deg,k=20;secured=dqn,0.006716436794423623,,,
trust.secured_estimation-ieee118-migrated,trust.secured_estimation,ieee118,prior+huber+residual+trust,benign,,angle_mae_deg,k=20;secured=greedy,0.006722911632839773,,,
trust.secured_estimation-ieee118-migrated,trust.secured_estimation,ieee118,prior+huber+residual+trust,benign,,voltage_mae_pu,k=20;secured=dqn,1.703140002471023e-05,,,
trust.secured_estimation-ieee118-migrated,trust.secured_estimation,ieee118,prior+huber+residual+trust,benign,,voltage_mae_pu,k=20;secured=greedy,1.7035879855509213e-05,,,
trust.secured_estimation-ieee118-migrated,trust.secured_estimation,ieee118,prior+huber+residual+trust,geo,,angle_mae_deg,k=20;secured=dqn,0.015349116671650405,,,
trust.secured_estimation-ieee118-migrated,trust.secured_estimation,ieee118,prior+huber+residual+trust,geo,,angle_mae_deg,k=20;secured=greedy,0.015630449171757772,,,
trust.secured_estimation-ieee118-migrated,trust.secured_estimation,ieee118,prior+huber+residual+trust,geo,,voltage_mae_pu,k=20;secured=dqn,5.001093285617145e-05,,,
trust.secured_estimation-ieee118-migrated,trust.secured_estimation,ieee118,prior+huber+residual+trust,geo,,voltage_mae_pu,k=20;secured=greedy,4.998222899656852e-05,,,
trust.secured_estimation-ieee14-migrated,trust.secured_estimation,ieee14,prior+huber,Ad,,angle_mae_deg,k=20;secured=dqn,0.019200951351424106,,,
trust.secured_estimation-ieee14-migrated,trust.secured_estimation,ieee14,prior+huber,Ad,,angle_mae_deg,k=20;secured=greedy,0.0206906309055647,,,
trust.secured_estimation-ieee14-migrated,trust.secured_estimation,ieee14,prior+huber,Ad,,angle_mae_deg,k=20;secured=plain,0.026021023568949444,,,
trust.secured_estimation-ieee14-migrated,trust.secured_estimation,ieee14,prior+huber,Ad,,voltage_mae_pu,k=20;secured=dqn,9.672429709812246e-05,,,
trust.secured_estimation-ieee14-migrated,trust.secured_estimation,ieee14,prior+huber,Ad,,voltage_mae_pu,k=20;secured=greedy,0.00010201319165110287,,,
trust.secured_estimation-ieee14-migrated,trust.secured_estimation,ieee14,prior+huber,Ad,,voltage_mae_pu,k=20;secured=plain,0.00011810213117557842,,,
trust.secured_estimation-ieee14-migrated,trust.secured_estimation,ieee14,prior+huber,Al,,angle_mae_deg,k=20;secured=dqn,0.0337346391735407,,,
trust.secured_estimation-ieee14-migrated,trust.secured_estimation,ieee14,prior+huber,Al,,angle_mae_deg,k=20;secured=greedy,0.03879543667326214,,,
trust.secured_estimation-ieee14-migrated,trust.secured_estimation,ieee14,prior+huber,Al,,angle_mae_deg,k=20;secured=plain,0.048115280265575516,,,
trust.secured_estimation-ieee14-migrated,trust.secured_estimation,ieee14,prior+huber,Al,,voltage_mae_pu,k=20;secured=dqn,0.00015906060222236625,,,
trust.secured_estimation-ieee14-migrated,trust.secured_estimation,ieee14,prior+huber,Al,,voltage_mae_pu,k=20;secured=greedy,0.00013726190227517633,,,
trust.secured_estimation-ieee14-migrated,trust.secured_estimation,ieee14,prior+huber,Al,,voltage_mae_pu,k=20;secured=plain,0.00018603984887490414,,,
trust.secured_estimation-ieee14-migrated,trust.secured_estimation,ieee14,prior+huber,Am,,angle_mae_deg,k=20;secured=dqn,0.03393071571768476,,,
trust.secured_estimation-ieee14-migrated,trust.secured_estimation,ieee14,prior+huber,Am,,angle_mae_deg,k=20;secured=greedy,0.03842402003822672,,,
trust.secured_estimation-ieee14-migrated,trust.secured_estimation,ieee14,prior+huber,Am,,angle_mae_deg,k=20;secured=plain,0.04554034934599298,,,
trust.secured_estimation-ieee14-migrated,trust.secured_estimation,ieee14,prior+huber,Am,,voltage_mae_pu,k=20;secured=dqn,0.00015508271247779127,,,
trust.secured_estimation-ieee14-migrated,trust.secured_estimation,ieee14,prior+huber,Am,,voltage_mae_pu,k=20;secured=greedy,0.0001312589277566609,,,
trust.secured_estimation-ieee14-migrated,trust.secured_estimation,ieee14,prior+huber,Am,,voltage_mae_pu,k=20;secured=plain,0.00017134596795734264,,,
trust.secured_estimation-ieee14-migrated,trust.secured_estimation,ieee14,prior+huber,Aq,,angle_mae_deg,k=20;secured=dqn,0.11462722484478284,,,
trust.secured_estimation-ieee14-migrated,trust.secured_estimation,ieee14,prior+huber,Aq,,angle_mae_deg,k=20;secured=greedy,0.2854635927848213,,,
trust.secured_estimation-ieee14-migrated,trust.secured_estimation,ieee14,prior+huber,Aq,,angle_mae_deg,k=20;secured=plain,0.3548668066040742,,,
trust.secured_estimation-ieee14-migrated,trust.secured_estimation,ieee14,prior+huber,Aq,,voltage_mae_pu,k=20;secured=dqn,0.0004812165466394465,,,
trust.secured_estimation-ieee14-migrated,trust.secured_estimation,ieee14,prior+huber,Aq,,voltage_mae_pu,k=20;secured=greedy,0.0007276553042691968,,,
trust.secured_estimation-ieee14-migrated,trust.secured_estimation,ieee14,prior+huber,Aq,,voltage_mae_pu,k=20;secured=plain,0.0008508803567387423,,,
trust.secured_estimation-ieee14-migrated,trust.secured_estimation,ieee14,prior+huber,Ar,,angle_mae_deg,k=20;secured=dqn,0.02047607712706488,,,
trust.secured_estimation-ieee14-migrated,trust.secured_estimation,ieee14,prior+huber,Ar,,angle_mae_deg,k=20;secured=greedy,0.022166059212804894,,,
trust.secured_estimation-ieee14-migrated,trust.secured_estimation,ieee14,prior+huber,Ar,,angle_mae_deg,k=20;secured=plain,0.03221747292637999,,,
trust.secured_estimation-ieee14-migrated,trust.secured_estimation,ieee14,prior+huber,Ar,,voltage_mae_pu,k=20;secured=dqn,6.632888148746679e-05,,,
trust.secured_estimation-ieee14-migrated,trust.secured_estimation,ieee14,prior+huber,Ar,,voltage_mae_pu,k=20;secured=greedy,6.616967745328804e-05,,,
trust.secured_estimation-ieee14-migrated,trust.secured_estimation,ieee14,prior+huber,Ar,,voltage_mae_pu,k=20;secured=plain,7.632022511886807e-05,,,
trust.secured_estimation-ieee14-migrated,trust.secured_estimation,ieee14,prior+huber,As,,angle_mae_deg,k=20;secured=dqn,0.0364246220871665,,,
trust.secured_estimation-ieee14-migrated,trust.secured_estimation,ieee14,prior+huber,As,,angle_mae_deg,k=20;secured=greedy,0.0478126066703569,,,
trust.secured_estimation-ieee14-migrated,trust.secured_estimation,ieee14,prior+huber,As,,angle_mae_deg,k=20;secured=plain,0.071034390739673,,,
trust.secured_estimation-ieee14-migrated,trust.secured_estimation,ieee14,prior+huber,As,,voltage_mae_pu,k=20;secured=dqn,0.00011460081946367513,,,
trust.secured_estimation-ieee14-migrated,trust.secured_estimation,ieee14,prior+huber,As,,voltage_mae_pu,k=20;secured=greedy,0.00013560687791001774,,,
trust.secured_estimation-ieee14-migrated,trust.secured_estimation,ieee14,prior+huber,As,,voltage_mae_pu,k=20;secured=plain,0.00016165499125075748,,,
trust.secured_estimation-ieee14-migrated,trust.secured_estimation,ieee14,prior+huber,At,,angle_mae_deg,k=20;secured=dqn,0.03184081333881621,,,
trust.secured_estimation-ieee14-migrated,trust.secured_estimation,ieee14,prior+huber,At,,angle_mae_deg,k=20;secured=greedy,0.05356664602351556,,,
trust.secured_estimation-ieee14-migrated,trust.secured_estimation,ieee14,prior+huber,At,,angle_mae_deg,k=20;secured=plain,0.06598869632005235,,,
trust.secured_estimation-ieee14-migrated,trust.secured_estimation,ieee14,prior+huber,At,,voltage_mae_pu,k=20;secured=dqn,0.00012997417538625601,,,
trust.secured_estimation-ieee14-migrated,trust.secured_estimation,ieee14,prior+huber,At,,voltage_mae_pu,k=20;secured=greedy,0.00015815502755902008,,,
trust.secured_estimation-ieee14-migrated,trust.secured_estimation,ieee14,prior+huber,At,,voltage_mae_pu,k=20;secured=plain,0.00017832027208586047,,,
trust.secured_estimation-ieee14-migrated,trust.secured_estimation,ieee14,prior+huber,benign,,angle_mae_deg,k=20;secured=dqn,0.012922491660728282,,,
trust.secured_estimation-ieee14-migrated,trust.secured_estimation,ieee14,prior+huber,benign,,angle_mae_deg,k=20;secured=greedy,0.012922491660728282,,,
trust.secured_estimation-ieee14-migrated,trust.secured_estimation,ieee14,prior+huber,benign,,angle_mae_deg,k=20;secured=plain,0.012922491660728282,,,
trust.secured_estimation-ieee14-migrated,trust.secured_estimation,ieee14,prior+huber,benign,,voltage_mae_pu,k=20;secured=dqn,6.073047491915328e-05,,,
trust.secured_estimation-ieee14-migrated,trust.secured_estimation,ieee14,prior+huber,benign,,voltage_mae_pu,k=20;secured=greedy,6.073047491915328e-05,,,
trust.secured_estimation-ieee14-migrated,trust.secured_estimation,ieee14,prior+huber,benign,,voltage_mae_pu,k=20;secured=plain,6.073047491915328e-05,,,
trust.secured_estimation-ieee14-migrated,trust.secured_estimation,ieee14,prior+huber,geo,,angle_mae_deg,k=20;secured=dqn,0.030621853892396782,,,
trust.secured_estimation-ieee14-migrated,trust.secured_estimation,ieee14,prior+huber,geo,,angle_mae_deg,k=20;secured=greedy,0.03992752970130284,,,
trust.secured_estimation-ieee14-migrated,trust.secured_estimation,ieee14,prior+huber,geo,,angle_mae_deg,k=20;secured=plain,0.05006746860442168,,,
trust.secured_estimation-ieee14-migrated,trust.secured_estimation,ieee14,prior+huber,geo,,voltage_mae_pu,k=20;secured=dqn,0.00012728274602404898,,,
trust.secured_estimation-ieee14-migrated,trust.secured_estimation,ieee14,prior+huber,geo,,voltage_mae_pu,k=20;secured=greedy,0.0001357411156668312,,,
trust.secured_estimation-ieee14-migrated,trust.secured_estimation,ieee14,prior+huber,geo,,voltage_mae_pu,k=20;secured=plain,0.00015993012696941425,,,
trust.secured_estimation-ieee14-migrated,trust.secured_estimation,ieee14,prior+huber+cnn,Ad,,angle_mae_deg,k=20;secured=dqn,0.023073622917310625,,,
trust.secured_estimation-ieee14-migrated,trust.secured_estimation,ieee14,prior+huber+cnn,Ad,,angle_mae_deg,k=20;secured=greedy,0.027920133461886567,,,
trust.secured_estimation-ieee14-migrated,trust.secured_estimation,ieee14,prior+huber+cnn,Ad,,angle_mae_deg,k=20;secured=plain,0.0221862227257743,,,
trust.secured_estimation-ieee14-migrated,trust.secured_estimation,ieee14,prior+huber+cnn,Ad,,voltage_mae_pu,k=20;secured=dqn,0.00011587382181261261,,,
trust.secured_estimation-ieee14-migrated,trust.secured_estimation,ieee14,prior+huber+cnn,Ad,,voltage_mae_pu,k=20;secured=greedy,0.00012143941893299195,,,
trust.secured_estimation-ieee14-migrated,trust.secured_estimation,ieee14,prior+huber+cnn,Ad,,voltage_mae_pu,k=20;secured=plain,0.00010516261018568579,,,
trust.secured_estimation-ieee14-migrated,trust.secured_estimation,ieee14,prior+huber+cnn,Al,,angle_mae_deg,k=20;secured=dqn,0.058157354799089366,,,
trust.secured_estimation-ieee14-migrated,trust.secured_estimation,ieee14,prior+huber+cnn,Al,,angle_mae_deg,k=20;secured=greedy,0.07489504452557791,,,
trust.secured_estimation-ieee14-migrated,trust.secured_estimation,ieee14,prior+huber+cnn,Al,,angle_mae_deg,k=20;secured=plain,0.07608213401516811,,,
trust.secured_estimation-ieee14-migrated,trust.secured_estimation,ieee14,prior+huber+cnn,Al,,voltage_mae_pu,k=20;secured=dqn,0.0007296184075820071,,,
trust.secured_estimation-ieee14-migrated,trust.secured_estimation,ieee14,prior+huber+cnn,Al,,voltage_mae_pu,k=20;secured=greedy,0.0007702866655715333,,,
trust.secured_estimation-ieee14-migrated,trust.secured_estimation,ieee14,prior+huber+cnn,Al,,voltage_mae_pu,k=20;secured=plain,0.0007942128479312058,,,
trust.secured_estimation-ieee14-migrated,trust.secured_estimation,ieee14,prior+huber+cnn,Am,,angle_mae_deg,k=20;secured=dqn,0.058397063235609295,,,
trust.secured_estimation-ieee14-migrated,trust.secured_estimation,ieee14,prior+huber+cnn,Am,,angle_mae_deg,k=20;secured=greedy,0.05990820421579415,,,
trust.secured_estimation-ieee14-migrated,trust.secured_estimation,ieee14,prior+huber+cnn,Am,,angle_mae_deg,k=20;secured=plain,0.061802135529563255,,,
trust.secured_estimation-ieee14-migrated,trust.secured_estimation,ieee14,prior+huber+cnn,Am,,voltage_mae_pu,k=20;secured=dqn,0.000766326931926379,,,
trust.secured_estimation-ieee14-migrated,trust.secured_estimation,ieee14,prior+huber+cnn,Am,,voltage_mae_pu,k=20;secured=greedy,0.0006527546250147993,,,
trust.secured_estimation-ieee14-migrated,trust.secured_estimation,ieee14,prior+huber+cnn,Am,,voltage_mae_pu,k=20;secured=plain,0.0006197197364489578,,,
trust.secured_estimation-ieee14-migrated,trust.secured_estimation,ieee14,prior+huber+cnn,Aq,,angle_mae_deg,k=20;secured=dqn,0.08015332976631478,,,
trust.secured_estimation-ieee14-migrated,trust.secured_estimation,ieee14,prior+huber+cnn,Aq,,angle_mae_deg,k=20;secured=greedy,0.18980669468218714,,,
trust.secured_estimation-ieee14-migrated,trust.secured_estimation,ieee14,prior+huber+cnn,Aq,,angle_mae_deg,k=20;secured=plain,0.3000778766391932,,,
trust.secured_estimation-ieee14-migrated,trust.secured_estimation,ieee14,prior+huber+cnn,Aq,,voltage_mae_pu,k=20;secured=dqn,0.0004067816317330595,,,
trust.secured_estimation-ieee14-migrated,trust.secured_estimation,ieee14,prior+huber+cnn,Aq,,voltage_mae_pu,k=20;secured=greedy,0.0006217386304012774,,,
trust.secured_estimation-ieee14-migrated,trust.secured_estimation,ieee14,prior+huber+cnn,Aq,,voltage_mae_pu,k=20;secured=plain,0.0007209638599885057,,,
trust.secured_estimation-ieee14-migrated,trust.secured_estimation,ieee14,prior+huber+cnn,Ar,,angle_mae_deg,k=20;secured=dqn,0.021885285272302553,,,
trust.secured_estimation-ieee14-migrated,trust.secured_estimation,ieee14,prior+huber+cnn,Ar,,angle_mae_deg,k=20;secured=greedy,0.023381094924230874,,,
trust.secured_estimation-ieee14-migrated,trust.secured_estimation,ieee14,prior+huber+cnn,Ar,,angle_mae_deg,k=20;secured=plain,0.02183242691367138,,,
trust.secured_estimation-ieee14-migrated,trust.secured_estimation,ieee14,prior+huber+cnn,Ar,,voltage_mae_pu,k=20;secured=dqn,0.00010486145536335214,,,
trust.secured_estimation-ieee14-migrated,trust.secured_estimation,ieee14,prior+huber+cnn,Ar,,voltage_mae_pu,k=20;secured=greedy,0.00010114515504249875,,,
trust.secured_estimation-ieee14-migrated,trust.secured_estimation,ieee14,prior+huber+cnn,Ar,,voltage_mae_pu,k=20;secured=plain,9.931218454192501e-05,,,
trust.secured_estimation-ieee14-migrated,trust.secured_estimation,ieee14,prior+huber+cnn,As,,angle_mae_deg,k=20;secured=dqn,0.021110207854667173,,,
trust.secured_estimation-ieee14-migrated,trust.secured_estimation,ieee14,prior+huber+cnn,As,,angle_mae_deg,k=20;secured=greedy,0.022650415111511887,,,
trust.secured_estimation-ieee14-migrated,trust.secured_estimation,ieee14,prior+huber+cnn,As,,angle_mae_deg,k=20;secured=plain,0.021220575389050207,,,
trust.secured_estimation-ieee14-migrated,trust.secured_estimation,ieee14,prior+huber+cnn,As,,voltage_mae_pu,k=20;secured=dqn,0.0001013967416444631,,,
trust.secured_estimation-ieee14-migrated,trust.secured_estimation,ieee14,prior+huber+cnn,As,,voltage_mae_pu,k=20;secured=greedy,0.00010442750855446787,,,
trust.secured_estimation-ieee14-migrated,trust.secured_estimation,ieee14,prior+huber+cnn,As,,voltage_mae_pu,k=20;secured=plain,0.00010141212123512556,,,
trust.secured_estimation-ieee14-migrated,trust.secured_estimation,ieee14,prior+huber+cnn,At,,angle_mae_deg,k=20;secured=dqn,0.03934275392152694,,,
trust.secured_estimation-ieee14-migrated,trust.secured_estimation,ieee14,prior+huber+cnn,At,,angle_mae_deg,k=20;secured=greedy,0.04790486102042921,,,
trust.secured_estimation-ieee14-migrated,trust.secured_estimation,ieee14,prior+huber+cnn,At,,angle_mae_deg,k=20;secured=plain,0.07033477971974535,,,
trust.secured_estimation-ieee14-migrated,trust.secured_estimation,ieee14,prior+huber+cnn,At,,voltage_mae_pu,k=20;secured=dqn,0.0003624615821624639,,,
trust.secured_estimation-ieee14-migrated,trust.secured_estimation,ieee14,prior+huber+cnn,At,,voltage_mae_pu,k=20;secured=greedy,0.00024981484375467513,,,
trust.secured_estimation-ieee14-migrated,trust.secured_estimation,ieee14,prior+huber+cnn,At,,voltage_mae_pu,k=20;secured=plain,0.0004033757029481279,,,
trust.secured_estimation-ieee14-migrated,trust.secured_estimation,ieee14,prior+huber+cnn,benign,,angle_mae_deg,k=20;secured=dqn,0.013516066312611909,,,
trust.secured_estimation-ieee14-migrated,trust.secured_estimation,ieee14,prior+huber+cnn,benign,,angle_mae_deg,k=20;secured=greedy,0.013429101701398707,,,
trust.secured_estimation-ieee14-migrated,trust.secured_estimation,ieee14,prior+huber+cnn,benign,,angle_mae_deg,k=20;secured=plain,0.013780995392171279,,,
trust.secured_estimation-ieee14-migrated,trust.secured_estimation,ieee14,prior+huber+cnn,benign,,voltage_mae_pu,k=20;secured=dqn,6.867069885305058e-05,,,
trust.secured_estimation-ieee14-migrated,trust.secured_estimation,ieee14,prior+huber+cnn,benign,,voltage_mae_pu,k=20;secured=greedy,6.612566854548004e-05,,,
trust.secured_estimation-ieee14-migrated,trust.secured_estimation,ieee14,prior+huber+cnn,benign,,voltage_mae_pu,k=20;secured=plain,7.087313227740699e-05,,,
trust.secured_estimation-ieee14-migrated,trust.secured_estimation,ieee14,prior+huber+cnn,geo,,angle_mae_deg,k=20;secured=dqn,0.033384824723237005,,,
trust.secured_estimation-ieee14-migrated,trust.secured_estimation,ieee14,prior+huber+cnn,geo,,angle_mae_deg,k=20;secured=greedy,0.04107399963543973,,,
trust.secured_estimation-ieee14-migrated,trust.secured_estimation,ieee14,prior+huber+cnn,geo,,angle_mae_deg,k=20;secured=plain,0.044003698005246776,,,
trust.secured_estimation-ieee14-migrated,trust.secured_estimation,ieee14,prior+huber+cnn,geo,,voltage_mae_pu,k=20;secured=dqn,0.00022669463033631588,,,
trust.secured_estimation-ieee14-migrated,trust.secured_estimation,ieee14,prior+huber+cnn,geo,,voltage_mae_pu,k=20;secured=greedy,0.00022523702033698328,,,
trust.secured_estimation-ieee14-migrated,trust.secured_estimation,ieee14,prior+huber+cnn,geo,,voltage_mae_pu,k=20;secured=plain,0.00023927584386089262,,,
trust.secured_estimation-ieee14-migrated,trust.secured_estimation,ieee14,prior+huber+cnn+trust,Ad,,angle_mae_deg,k=20;secured=dqn,0.015357520641597946,,,
trust.secured_estimation-ieee14-migrated,trust.secured_estimation,ieee14,prior+huber+cnn+trust,Ad,,angle_mae_deg,k=20;secured=greedy,0.01815100783248626,,,
trust.secured_estimation-ieee14-migrated,trust.secured_estimation,ieee14,prior+huber+cnn+trust,Ad,,voltage_mae_pu,k=20;secured=dqn,8.229937286576086e-05,,,
trust.secured_estimation-ieee14-migrated,trust.secured_estimation,ieee14,prior+huber+cnn+trust,Ad,,voltage_mae_pu,k=20;secured=greedy,8.558749403281132e-05,,,
trust.secured_estimation-ieee14-migrated,trust.secured_estimation,ieee14,prior+huber+cnn+trust,Al,,angle_mae_deg,k=20;secured=dqn,0.017230688312705862,,,
trust.secured_estimation-ieee14-migrated,trust.secured_estimation,ieee14,prior+huber+cnn+trust,Al,,angle_mae_deg,k=20;secured=greedy,0.030070034282373106,,,
trust.secured_estimation-ieee14-migrated,trust.secured_estimation,ieee14,prior+huber+cnn+trust,Al,,voltage_mae_pu,k=20;secured=dqn,9.883420251066969e-05,,,
trust.secured_estimation-ieee14-migrated,trust.secured_estimation,ieee14,prior+huber+cnn+trust,Al,,voltage_mae_pu,k=20;secured=greedy,0.00010867301003920958,,,
trust.secured_estimation-ieee14-migrated,trust.secured_estimation,ieee14,prior+huber+cnn+trust,Am,,angle_mae_deg,k=20;secured=dqn,0.015591734200886597,,,
trust.secured_estimation-ieee14-migrated,trust.secured_estimation,ieee14,prior+huber+cnn+trust,Am,,angle_mae_deg,k=20;secured=greedy,0.021603798678519474,,,
trust.secured_estimation-ieee14-migrated,trust.secured_estimation,ieee14,prior+huber+cnn+trust,Am,,voltage_mae_pu,k=20;secured=dqn,9.864777997030954e-05,,,
trust.secured_estimation-ieee14-migrated,trust.secured_estimation,ieee14,prior+huber+cnn+trust,Am,,voltage_mae_pu,k=20;secured=greedy,0.00010008999268924208,,,
trust.secured_estimation-ieee14-migrated,trust.secured_estimation,ieee14,prior+huber+cnn+trust,Aq,,angle_mae_deg,k=20;secured=dqn,0.03283420337039584,,,
trust.secured_estimation-ieee14-migrated,trust.secured_estimation,ieee14,prior+huber+cnn+trust,Aq,,angle_mae_deg,k=20;secured=greedy,0.1216982678189129,,,
trust.secured_estimation-ieee14-migrated,trust.secured_estimation,ieee14,prior+huber+cnn+trust,Aq,,voltage_mae_pu,k=20;secured=dqn,0.0001537245472048465,,,
trust.secured_estimation-ieee14-migrated,trust.secured_estimation,ieee14,prior+huber+cnn+trust,Aq,,voltage_mae_pu,k=20;secured=greedy,0.0003935800253924614,,,
trust.secured_estimation-ieee14-migrated,trust.secured_estimation,ieee14,prior+huber+cnn+trust,Ar,,angle_mae_deg,k=20;secured=dqn,0.015839190489625,,,
trust.secured_estimation-ieee14-migrated,trust.secured_estimation,ieee14,prior+huber+cnn+trust,Ar,,angle_mae_deg,k=20;secured=greedy,0.017730140385881506,,,
trust.secured_estimation-ieee14-migrated,trust.secured_estimation,ieee14,prior+huber+cnn+trust,Ar,,voltage_mae_pu,k=20;secured=dqn,7.692029704256748e-05,,,
trust.secured_estimation-ieee14-migrated,trust.secured_estimation,ieee14,prior+huber+cnn+trust,Ar,,voltage_mae_pu,k=20;secured=greedy,8.054610822844289e-05,,,
trust.secured_estimation-ieee14-migrated,trust.secured_estimation,ieee14,prior+huber+cnn+trust,As,,angle_mae_deg,k=20;secured=dqn,0.014951576901207788,,,
trust.secured_estimation-ieee14-migrated,trust.secured_estimation,ieee14,prior+huber+cnn+trust,As,,angle_mae_deg,k=20;secured=greedy,0.016082198112320454,,,
trust.secured_estimation-ieee14-migrated,trust.secured_estimation,ieee14,prior+huber+cnn+trust,As,,voltage_mae_pu,k=20;secured=dqn,7.891577929488754e-05,,,
trust.secured_estimation-ieee14-migrated,trust.secured_estimation,ieee14,prior+huber+cnn+trust,As,,voltage_mae_pu,k=20;secured=greedy,7.908780539256428e-05,,,
trust.secured_estimation-ieee14-migrated,trust.secured_estimation,ieee14,prior+huber+cnn+trust,At,,angle_mae_deg,k=20;secured=dqn,0.01939300135774997,,,
trust.secured_estimation-ieee14-migrated,trust.secured_estimation,ieee14,prior+huber+cnn+trust,At,,angle_mae_deg,k=20;secured=greedy,0.035888820289686395,,,
trust.secured_estimation-ieee14-migrated,trust.secured_estimation,ieee14,prior+huber+cnn+trust,At,,voltage_mae_pu,k=20;secured=dqn,9.13109335982535e-05,,,
trust.secured_estimation-ieee14-migrated,trust.secured_estimation,ieee14,prior+huber+cnn+trust,At,,voltage_mae_pu,k=20;secured=greedy,0.00012283033467012523,,,
trust.secured_estimation-ieee14-migrated,trust.secured_estimation,ieee14,prior+huber+cnn+trust,benign,,angle_mae_deg,k=20;secured=dqn,0.012986544491778678,,,
trust.secured_estimation-ieee14-migrated,trust.secured_estimation,ieee14,prior+huber+cnn+trust,benign,,angle_mae_deg,k=20;secured=greedy,0.01310256141083307,,,
trust.secured_estimation-ieee14-migrated,trust.secured_estimation,ieee14,prior+huber+cnn+trust,benign,,voltage_mae_pu,k=20;secured=dqn,6.128729090746597e-05,,,
trust.secured_estimation-ieee14-migrated,trust.secured_estimation,ieee14,prior+huber+cnn+trust,benign,,voltage_mae_pu,k=20;secured=greedy,6.140781123169792e-05,,,
trust.secured_estimation-ieee14-migrated,trust.secured_estimation,ieee14,prior+huber+cnn+trust,geo,,angle_mae_deg,k=20;secured=dqn,0.017315116069359242,,,
trust.secured_estimation-ieee14-migrated,trust.secured_estimation,ieee14,prior+huber+cnn+trust,geo,,angle_mae_deg,k=20;secured=greedy,0.025735213132055713,,,
trust.secured_estimation-ieee14-migrated,trust.secured_estimation,ieee14,prior+huber+cnn+trust,geo,,voltage_mae_pu,k=20;secured=dqn,8.96972321845298e-05,,,
trust.secured_estimation-ieee14-migrated,trust.secured_estimation,ieee14,prior+huber+cnn+trust,geo,,voltage_mae_pu,k=20;secured=greedy,0.00010732598466358685,,,
trust.secured_estimation-ieee14-migrated,trust.secured_estimation,ieee14,prior+huber+oracle,Ad,,angle_mae_deg,k=20;secured=dqn,0.019601613401702127,,,
trust.secured_estimation-ieee14-migrated,trust.secured_estimation,ieee14,prior+huber+oracle,Ad,,angle_mae_deg,k=20;secured=greedy,0.019601177116614073,,,
trust.secured_estimation-ieee14-migrated,trust.secured_estimation,ieee14,prior+huber+oracle,Ad,,angle_mae_deg,k=20;secured=plain,0.019608212836493638,,,
trust.secured_estimation-ieee14-migrated,trust.secured_estimation,ieee14,prior+huber+oracle,Ad,,voltage_mae_pu,k=20;secured=dqn,9.423057934083833e-05,,,
trust.secured_estimation-ieee14-migrated,trust.secured_estimation,ieee14,prior+huber+oracle,Ad,,voltage_mae_pu,k=20;secured=greedy,9.42310191404302e-05,,,
trust.secured_estimation-ieee14-migrated,trust.secured_estimation,ieee14,prior+huber+oracle,Ad,,voltage_mae_pu,k=20;secured=plain,9.426676444234365e-05,,,
trust.secured_estimation-ieee14-migrated,trust.secured_estimation,ieee14,prior+huber+oracle,Al,,angle_mae_deg,k=20;secured=dqn,0.054706000841525805,,,
trust.secured_estimation-ieee14-migrated,trust.secured_estimation,ieee14,prior+huber+oracle,Al,,angle_mae_deg,k=20;secured=greedy,0.07446093708764626,,,
trust.secured_estimation-ieee14-migrated,trust.secured_estimation,ieee14,prior+huber+oracle,Al,,angle_mae_deg,k=20;secured=plain,0.07495403744642136,,,
trust.secured_estimation-ieee14-migrated,trust.secured_estimation,ieee14,prior+huber+oracle,Al,,voltage_mae_pu,k=20;secured=dqn,0.0007162271251622022,,,
trust.secured_estimation-ieee14-migrated,trust.secured_estimation,ieee14,prior+huber+oracle,Al,,voltage_mae_pu,k=20;secured=greedy,0.0007762813773965395,,,
trust.secured_estimation-ieee14-migrated,trust.secured_estimation,ieee14,prior+huber+oracle,Al,,voltage_mae_pu,k=20;secured=plain,0.0008070639461714448,,,
trust.secured_estimation-ieee14-migrated,trust.secured_estimation,ieee14,prior+huber+oracle,Am,,angle_mae_deg,k=20;secured=dqn,0.053248094937485196,,,
trust.secured_estimation-ieee14-migrated,trust.secured_estimation,ieee14,prior+huber+oracle,Am,,angle_mae_deg,k=20;secured=greedy,0.0602832172079449,,,
trust.secured_estimation-ieee14-migrated,trust.secured_estimation,ieee14,prior+huber+oracle,Am,,angle_mae_deg,k=20;secured=plain,0.05926644152979949,,,
trust.secured_estimation-ieee14-migrated,trust.secured_estimation,ieee14,prior+huber+oracle,Am,,voltage_mae_pu,k=20;secured=dqn,0.0006951993855617901,,,
trust.secured_estimation-ieee14-migrated,trust.secured_estimation,ieee14,prior+huber+oracle,Am,,voltage_mae_pu,k=20;secured=greedy,0.0006758649058030542,,,
trust.secured_estimation-ieee14-migrated,trust.secured_estimation,ieee14,prior+huber+oracle,Am,,voltage_mae_pu,k=20;secured=plain,0.0006677076384335423,,,
trust.secured_estimation-ieee14-migrated,trust.secured_estimation,ieee14,prior+huber+oracle,Aq,,angle_mae_deg,k=20;secured=dqn,0.06981306974196372,,,
trust.secured_estimation-ieee14-migrated,trust.secured_estimation,ieee14,prior+huber+oracle,Aq,,angle_mae_deg,k=20;secured=greedy,0.2000113707557809,,,
trust.secured_estimation-ieee14-migrated,trust.secured_estimation,ieee14,prior+huber+oracle,Aq,,angle_mae_deg,k=20;secured=plain,0.3012595961662806,,,
trust.secured_estimation-ieee14-migrated,trust.secured_estimation,ieee14,prior+huber+oracle,Aq,,voltage_mae_pu,k=20;secured=dqn,0.0003550988475986481,,,
trust.secured_estimation-ieee14-migrated,trust.secured_estimation,ieee14,prior+huber+oracle,Aq,,voltage_mae_pu,k=20;secured=greedy,0.0006112853371767125,,,
trust.secured_estimation-ieee14-migrated,trust.secured_estimation,ieee14,prior+huber+oracle,Aq,,voltage_mae_pu,k=20;secured=plain,0.0007028832381575161,,,
trust.secured_estimation-ieee14-migrated,trust.secured_estimation,ieee14,prior+huber+oracle,Ar,,angle_mae_deg,k=20;secured=dqn,0.02024449631403008,,,
trust.secured_estimation-ieee14-migrated,trust.secured_estimation,ieee14,prior+huber+oracle,Ar,,angle_mae_deg,k=20;secured=greedy,0.020244497740566376,,,
trust.secured_estimation-ieee14-migrated,trust.secured_estimation,ieee14,prior+huber+oracle,Ar,,angle_mae_deg,k=20;secured=plain,0.020251132547623906,,,
trust.secured_estimation-ieee14-migrated,trust.secured_estimation,ieee14,prior+huber+oracle,Ar,,voltage_mae_pu,k=20;secured=dqn,9.774447967256972e-05,,,
trust.secured_estimation-ieee14-migrated,trust.secured_estimation,ieee14,prior+huber+oracle,Ar,,voltage_mae_pu,k=20;secured=greedy,9.773352664315189e-05,,,
trust.secured_estimation-ieee14-migrated,trust.secured_estimation,ieee14,prior+huber+oracle,Ar,,voltage_mae_pu,k=20;secured=plain,9.776767926938659e-05,,,
trust.secured_estimation-ieee14-migrated,trust.secured_estimation,ieee14,prior+huber+oracle,As,,angle_mae_deg,k=20;secured=dqn,0.019592439909120917,,,
trust.secured_estimation-ieee14-migrated,trust.secured_estimation,ieee14,prior+huber+oracle,As,,angle_mae_deg,k=20;secured=greedy,0.01959270709033595,,,
trust.secured_estimation-ieee14-migrated,trust.secured_estimation,ieee14,prior+huber+oracle,As,,angle_mae_deg,k=20;secured=plain,0.019598482414157424,,,
trust.secured_estimation-ieee14-migrated,trust.secured_estimation,ieee14,prior+huber+oracle,As,,voltage_mae_pu,k=20;secured=dqn,9.362639002353399e-05,,,
trust.secured_estimation-ieee14-migrated,trust.secured_estimation,ieee14,prior+huber+oracle,As,,voltage_mae_pu,k=20;secured=greedy,9.363142645926044e-05,,,
trust.secured_estimation-ieee14-migrated,trust.secured_estimation,ieee14,prior+huber+oracle,As,,voltage_mae_pu,k=20;secured=plain,9.366204235419228e-05,,,
trust.secured_estimation-ieee14-migrated,trust.secured_estimation,ieee14,prior+huber+oracle,At,,angle_mae_deg,k=20;secured=dqn,0.029969473287448443,,,
trust.secured_estimation-ieee14-migrated,trust.secured_estimation,ieee14,prior+huber+oracle,At,,angle_mae_deg,k=20;secured=greedy,0.04907139300643024,,,
trust.secured_estimation-ieee14-migrated,trust.secured_estimation,ieee14,prior+huber+oracle,At,,angle_mae_deg,k=20;secured=plain,0.05995338371413646,,,
trust.secured_estimation-ieee14-migrated,trust.secured_estimation,ieee14,prior+huber+oracle,At,,voltage_mae_pu,k=20;secured=dqn,0.00017254129525868473,,,
trust.secured_estimation-ieee14-migrated,trust.secured_estimation,ieee14,prior+huber+oracle,At,,voltage_mae_pu,k=20;secured=greedy,0.0002012011738945358,,,
trust.secured_estimation-ieee14-migrated,trust.secured_estimation,ieee14,prior+huber+oracle,At,,voltage_mae_pu,k=20;secured=plain,0.00020643504989969154,,,
trust.secured_estimation-ieee14-migrated,trust.secured_estimation,ieee14,prior+huber+oracle,benign,,angle_mae_deg,k=20;secured=dqn,0.012922427826763738,,,
trust.secured_estimation-ieee14-migrated,trust.secured_estimation,ieee14,prior+huber+oracle,benign,,angle_mae_deg,k=20;secured=greedy,0.012922427826763738,,,
trust.secured_estimation-ieee14-migrated,trust.secured_estimation,ieee14,prior+huber+oracle,benign,,angle_mae_deg,k=20;secured=plain,0.012922427826763738,,,
trust.secured_estimation-ieee14-migrated,trust.secured_estimation,ieee14,prior+huber+oracle,benign,,voltage_mae_pu,k=20;secured=dqn,6.0729983576426395e-05,,,
trust.secured_estimation-ieee14-migrated,trust.secured_estimation,ieee14,prior+huber+oracle,benign,,voltage_mae_pu,k=20;secured=greedy,6.0729983576426395e-05,,,
trust.secured_estimation-ieee14-migrated,trust.secured_estimation,ieee14,prior+huber+oracle,benign,,voltage_mae_pu,k=20;secured=plain,6.0729983576426395e-05,,,
trust.secured_estimation-ieee14-migrated,trust.secured_estimation,ieee14,prior+huber+oracle,geo,,angle_mae_deg,k=20;secured=dqn,0.029742213731067658,,,
trust.secured_estimation-ieee14-migrated,trust.secured_estimation,ieee14,prior+huber+oracle,geo,,angle_mae_deg,k=20;secured=greedy,0.03808504421250665,,,
trust.secured_estimation-ieee14-migrated,trust.secured_estimation,ieee14,prior+huber+oracle,geo,,angle_mae_deg,k=20;secured=plain,0.04105362821303347,,,
trust.secured_estimation-ieee14-migrated,trust.secured_estimation,ieee14,prior+huber+oracle,geo,,voltage_mae_pu,k=20;secured=dqn,0.00018855410873652517,,,
trust.secured_estimation-ieee14-migrated,trust.secured_estimation,ieee14,prior+huber+oracle,geo,,voltage_mae_pu,k=20;secured=greedy,0.00020706274965775904,,,
trust.secured_estimation-ieee14-migrated,trust.secured_estimation,ieee14,prior+huber+oracle,geo,,voltage_mae_pu,k=20;secured=plain,0.00021212174986678334,,,
trust.secured_estimation-ieee14-migrated,trust.secured_estimation,ieee14,prior+huber+oracle+trust,Ad,,angle_mae_deg,k=20;secured=dqn,0.014926096917258793,,,
trust.secured_estimation-ieee14-migrated,trust.secured_estimation,ieee14,prior+huber+oracle+trust,Ad,,angle_mae_deg,k=20;secured=greedy,0.01594664363277452,,,
trust.secured_estimation-ieee14-migrated,trust.secured_estimation,ieee14,prior+huber+oracle+trust,Ad,,voltage_mae_pu,k=20;secured=dqn,7.875457348745076e-05,,,
trust.secured_estimation-ieee14-migrated,trust.secured_estimation,ieee14,prior+huber+oracle+trust,Ad,,voltage_mae_pu,k=20;secured=greedy,7.959693066058995e-05,,,
trust.secured_estimation-ieee14-migrated,trust.secured_estimation,ieee14,prior+huber+oracle+trust,Al,,angle_mae_deg,k=20;secured=dqn,0.017180393409017527,,,
trust.secured_estimation-ieee14-migrated,trust.secured_estimation,ieee14,prior+huber+oracle+trust,Al,,angle_mae_deg,k=20;secured=greedy,0.03005637203194636,,,
trust.secured_estimation-ieee14-migrated,trust.secured_estimation,ieee14,prior+huber+oracle+trust,Al,,voltage_mae_pu,k=20;secured=dqn,9.808976106832108e-05,,,
trust.secured_estimation-ieee14-migrated,trust.secured_estimation,ieee14,prior+huber+oracle+trust,Al,,voltage_mae_pu,k=20;secured=greedy,0.00010863413992509452,,,
trust.secured_estimation-ieee14-migrated,trust.secured_estimation,ieee14,prior+huber+oracle+trust,Am,,angle_mae_deg,k=20;secured=dqn,0.015675007093613722,,,
trust.secured_estimation-ieee14-migrated,trust.secured_estimation,ieee14,prior+huber+oracle+trust,Am,,angle_mae_deg,k=20;secured=greedy,0.0215422051577505,,,
trust.secured_estimation-ieee14-migrated,trust.secured_estimation,ieee14,prior+huber+oracle+trust,Am,,voltage_mae_pu,k=20;secured=dqn,9.754440194644743e-05,,,
trust.secured_estimation-ieee14-migrated,trust.secured_estimation,ieee14,prior+huber+oracle+trust,Am,,voltage_mae_pu,k=20;secured=greedy,0.00010081712160193816,,,
trust.secured_estimation-ieee14-migrated,trust.secured_estimation,ieee14,prior+huber+oracle+trust,Aq,,angle_mae_deg,k=20;secured=dqn,0.0330479494392069,,,
trust.secured_estimation-ieee14-migrated,trust.secured_estimation,ieee14,prior+huber+oracle+trust,Aq,,angle_mae_deg,k=20;secured=greedy,0.13552799677669242,,,
trust.secured_estimation-ieee14-migrated,trust.secured_estimation,ieee14,prior+huber+oracle+trust,Aq,,voltage_mae_pu,k=20;secured=dqn,0.0001556256310848843,,,
trust.secured_estimation-ieee14-migrated,trust.secured_estimation,ieee14,prior+huber+oracle+trust,Aq,,voltage_mae_pu,k=20;secured=greedy,0.00042436469284679317,,,
trust.secured_estimation-ieee14-migrated,trust.secured_estimation,ieee14,prior+huber+oracle+trust,Ar,,angle_mae_deg,k=20;secured=dqn,0.015621949160448581,,,
trust.secured_estimation-ieee14-migrated,trust.secured_estimation,ieee14,prior+huber+oracle+trust,Ar,,angle_mae_deg,k=20;secured=greedy,0.01646947974112631,,,
trust.secured_estimation-ieee14-migrated,trust.secured_estimation,ieee14,prior+huber+oracle+trust,Ar,,voltage_mae_pu,k=20;secured=dqn,7.75026551924343e-05,,,
trust.secured_estimation-ieee14-migrated,trust.secured_estimation,ieee14,prior+huber+oracle+trust,Ar,,voltage_mae_pu,k=20;secured=greedy,7.918119683701301e-05,,,
trust.secured_estimation-ieee14-migrated,trust.secured_estimation,ieee14,prior+huber+oracle+trust,As,,angle_mae_deg,k=20;secured=dqn,0.014678341925298169,,,
trust.secured_estimation-ieee14-migrated,trust.secured_estimation,ieee14,prior+huber+oracle+trust,As,,angle_mae_deg,k=20;secured=greedy,0.015492692543621005,,,
trust.secured_estimation-ieee14-migrated,trust.secured_estimation,ieee14,prior+huber+oracle+trust,As,,voltage_mae_pu,k=20;secured=dqn,7.609492534447878e-05,,,
trust.secured_estimation-ieee14-migrated,trust.secured_estimation,ieee14,prior+huber+oracle+trust,As,,voltage_mae_pu,k=20;secured=greedy,7.65612223445736e-05,,,
trust.secured_estimation-ieee14-migrated,trust.secured_estimation,ieee14,prior+huber+oracle+trust,At,,angle_mae_deg,k=20;secured=dqn,0.019485286874161036,,,
trust.secured_estimation-ieee14-migrated,trust.secured_estimation,ieee14,prior+huber+oracle+trust,At,,angle_mae_deg,k=20;secured=greedy,0.04143069459062908,,,
trust.secured_estimation-ieee14-migrated,trust.secured_estimation,ieee14,prior+huber+oracle+trust,At,,voltage_mae_pu,k=20;secured=dqn,0.00010089806774330846,,,
trust.secured_estimation-ieee14-migrated,trust.secured_estimation,ieee14,prior+huber+oracle+trust,At,,voltage_mae_pu,k=20;secured=greedy,0.00014403881297587516,,,
trust.secured_estimation-ieee14-migrated,trust.secured_estimation,ieee14,prior+huber+oracle+trust,benign,,angle_mae_deg,k=20;secured=dqn,0.012922427826763738,,,
trust.secured_estimation-ieee14-migrated,trust.secured_estimation,ieee14,prior+huber+oracle+trust,benign,,angle_mae_deg,k=20;secured=greedy,0.012922427826763738,,,
trust.secured_estimation-ieee14-migrated,trust.secured_estimation,ieee14,prior+huber+oracle+trust,benign,,voltage_mae_pu,k=20;secured=dqn,6.0729983576426395e-05,,,
trust.secured_estimation-ieee14-migrated,trust.secured_estimation,ieee14,prior+huber+oracle+trust,benign,,voltage_mae_pu,k=20;secured=greedy,6.0729983576426395e-05,,,
trust.secured_estimation-ieee14-migrated,trust.secured_estimation,ieee14,prior+huber+oracle+trust,geo,,angle_mae_deg,k=20;secured=dqn,0.01720280813425736,,,
trust.secured_estimation-ieee14-migrated,trust.secured_estimation,ieee14,prior+huber+oracle+trust,geo,,angle_mae_deg,k=20;secured=greedy,0.0257143035872877,,,
trust.secured_estimation-ieee14-migrated,trust.secured_estimation,ieee14,prior+huber+oracle+trust,geo,,voltage_mae_pu,k=20;secured=dqn,8.982405425367536e-05,,,
trust.secured_estimation-ieee14-migrated,trust.secured_estimation,ieee14,prior+huber+oracle+trust,geo,,voltage_mae_pu,k=20;secured=greedy,0.00010878805842592159,,,
trust.secured_estimation-ieee14-migrated,trust.secured_estimation,ieee14,prior+huber+residual,Ad,,angle_mae_deg,k=20;secured=dqn,0.0811464567292296,,,
trust.secured_estimation-ieee14-migrated,trust.secured_estimation,ieee14,prior+huber+residual,Ad,,angle_mae_deg,k=20;secured=greedy,0.0771631574987124,,,
trust.secured_estimation-ieee14-migrated,trust.secured_estimation,ieee14,prior+huber+residual,Ad,,angle_mae_deg,k=20;secured=plain,0.07084284873270304,,,
trust.secured_estimation-ieee14-migrated,trust.secured_estimation,ieee14,prior+huber+residual,Ad,,voltage_mae_pu,k=20;secured=dqn,0.00037050470341838806,,,
trust.secured_estimation-ieee14-migrated,trust.secured_estimation,ieee14,prior+huber+residual,Ad,,voltage_mae_pu,k=20;secured=greedy,0.00034974868788023865,,,
trust.secured_estimation-ieee14-migrated,trust.secured_estimation,ieee14,prior+huber+residual,Ad,,voltage_mae_pu,k=20;secured=plain,0.0003490312934584862,,,
trust.secured_estimation-ieee14-migrated,trust.secured_estimation,ieee14,prior+huber+residual,Al,,angle_mae_deg,k=20;secured=dqn,0.04625799415680992,,,
trust.secured_estimation-ieee14-migrated,trust.secured_estimation,ieee14,prior+huber+residual,Al,,angle_mae_deg,k=20;secured=greedy,0.06713679753136358,,,
trust.secured_estimation-ieee14-migrated,trust.secured_estimation,ieee14,prior+huber+residual,Al,,angle_mae_deg,k=20;secured=plain,0.048195004252875186,,,
trust.secured_estimation-ieee14-migrated,trust.secured_estimation,ieee14,prior+huber+residual,Al,,voltage_mae_pu,k=20;secured=dqn,0.00027455162258083736,,,
trust.secured_estimation-ieee14-migrated,trust.secured_estimation,ieee14,prior+huber+residual,Al,,voltage_mae_pu,k=20;secured=greedy,0.0004120258687816296,,,
trust.secured_estimation-ieee14-migrated,trust.secured_estimation,ieee14,prior+huber+residual,Al,,voltage_mae_pu,k=20;secured=plain,0.00018623382567719562,,,
trust.secured_estimation-ieee14-migrated,trust.secured_estimation,ieee14,prior+huber+residual,Am,,angle_mae_deg,k=20;secured=dqn,0.04404014599677241,,,
trust.secured_estimation-ieee14-migrated,trust.secured_estimation,ieee14,prior+huber+residual,Am,,angle_mae_deg,k=20;secured=greedy,0.05956929301255094,,,
trust.secured_estimation-ieee14-migrated,trust.secured_estimation,ieee14,prior+huber+residual,Am,,angle_mae_deg,k=20;secured=plain,0.045644962716604745,,,
trust.secured_estimation-ieee14-migrated,trust.secured_estimation,ieee14,prior+huber+residual,Am,,voltage_mae_pu,k=20;secured=dqn,0.0002218355401343353,,,
trust.secured_estimation-ieee14-migrated,trust.secured_estimation,ieee14,prior+huber+residual,Am,,voltage_mae_pu,k=20;secured=greedy,0.0003179154534628079,,,
trust.secured_estimation-ieee14-migrated,trust.secured_estimation,ieee14,prior+huber+residual,Am,,voltage_mae_pu,k=20;secured=plain,0.00017184522576139702,,,
trust.secured_estimation-ieee14-migrated,trust.secured_estimation,ieee14,prior+huber+residual,Aq,,angle_mae_deg,k=20;secured=dqn,0.17272319807952674,,,
trust.secured_estimation-ieee14-migrated,trust.secured_estimation,ieee14,prior+huber+residual,Aq,,angle_mae_deg,k=20;secured=greedy,0.3597154523434665,,,
trust.secured_estimation-ieee14-migrated,trust.secured_estimation,ieee14,prior+huber+residual,Aq,,angle_mae_deg,k=20;secured=plain,0.35486726307775207,,,
trust.secured_estimation-ieee14-migrated,trust.secured_estimation,ieee14,prior+huber+residual,Aq,,voltage_mae_pu,k=20;secured=dqn,0.00070808021138826,,,
trust.secured_estimation-ieee14-migrated,trust.secured_estimation,ieee14,prior+huber+residual,Aq,,voltage_mae_pu,k=20;secured=greedy,0.001563902672587087,,,
trust.secured_estimation-ieee14-migrated,trust.secured_estimation,ieee14,prior+huber+residual,Aq,,voltage_mae_pu,k=20;secured=plain,0.0008505916761694556,,,
trust.secured_estimation-ieee14-migrated,trust.secured_estimation,ieee14,prior+huber+residual,Ar,,angle_mae_deg,k=20;secured=dqn,0.05932158857853903,,,
trust.secured_estimation-ieee14-migrated,trust.secured_estimation,ieee14,prior+huber+residual,Ar,,angle_mae_deg,k=20;secured=greedy,0.0541780837954297,,,
trust.secured_estimation-ieee14-migrated,trust.secured_estimation,ieee14,prior+huber+residual,Ar,,angle_mae_deg,k=20;secured=plain,0.10616699098983286,,,
trust.secured_estimation-ieee14-migrated,trust.secured_estimation,ieee14,prior+huber+residual,Ar,,voltage_mae_pu,k=20;secured=dqn,0.0002814054834202304,,,
trust.secured_estimation-ieee14-migrated,trust.secured_estimation,ieee14,prior+huber+residual,Ar,,voltage_mae_pu,k=20;secured=greedy,0.00028496726760991465,,,
trust.secured_estimation-ieee14-migrated,trust.secured_estimation,ieee14,prior+huber+residual,Ar,,voltage_mae_pu,k=20;secured=plain,0.0004123566077554448,,,
trust.secured_estimation-ieee14-migrated,trust.secured_estimation,ieee14,prior+huber+residual,As,,angle_mae_deg,k=20;secured=dqn,0.07999129261354397,,,
trust.secured_estimation-ieee14-migrated,trust.secured_estimation,ieee14,prior+huber+residual,As,,angle_mae_deg,k=20;secured=greedy,0.09146728994837772,,,
trust.secured_estimation-ieee14-migrated,trust.secured_estimation,ieee14,prior+huber+residual,As,,angle_mae_deg,k=20;secured=plain,0.0927593441462271,,,
trust.secured_estimation-ieee14-migrated,trust.secured_estimation,ieee14,prior+huber+residual,As,,voltage_mae_pu,k=20;secured=dqn,0.00038183455960071007,,,
trust.secured_estimation-ieee14-migrated,trust.secured_estimation,ieee14,prior+huber+residual,As,,voltage_mae_pu,k=20;secured=greedy,0.0005504409537738649,,,
trust.secured_estimation-ieee14-migrated,trust.secured_estimation,ieee14,prior+huber+residual,As,,voltage_mae_pu,k=20;secured=plain,0.0005143049480519777,,,
trust.secured_estimation-ieee14-migrated,trust.secured_estimation,ieee14,prior+huber+residual,At,,angle_mae_deg,k=20;secured=dqn,0.033885524315488254,,,
trust.secured_estimation-ieee14-migrated,trust.secured_estimation,ieee14,prior+huber+residual,At,,angle_mae_deg,k=20;secured=greedy,0.05780467178091938,,,
trust.secured_estimation-ieee14-migrated,trust.secured_estimation,ieee14,prior+huber+residual,At,,angle_mae_deg,k=20;secured=plain,0.06610010929639296,,,
trust.secured_estimation-ieee14-migrated,trust.secured_estimation,ieee14,prior+huber+residual,At,,voltage_mae_pu,k=20;secured=dqn,0.0001329972368107159,,,
trust.secured_estimation-ieee14-migrated,trust.secured_estimation,ieee14,prior+huber+residual,At,,voltage_mae_pu,k=20;secured=greedy,0.00017186968450715536,,,
trust.secured_estimation-ieee14-migrated,trust.secured_estimation,ieee14,prior+huber+residual,At,,voltage_mae_pu,k=20;secured=plain,0.00017836375136603768,,,
trust.secured_estimation-ieee14-migrated,trust.secured_estimation,ieee14,prior+huber+residual,benign,,angle_mae_deg,k=20;secured=dqn,0.012956051439928446,,,
trust.secured_estimation-ieee14-migrated,trust.secured_estimation,ieee14,prior+huber+residual,benign,,angle_mae_deg,k=20;secured=greedy,0.012956051439928446,,,
trust.secured_estimation-ieee14-migrated,trust.secured_estimation,ieee14,prior+huber+residual,benign,,angle_mae_deg,k=20;secured=plain,0.012956051439928446,,,
trust.secured_estimation-ieee14-migrated,trust.secured_estimation,ieee14,prior+huber+residual,benign,,voltage_mae_pu,k=20;secured=dqn,6.0951069977416866e-05,,,
trust.secured_estimation-ieee14-migrated,trust.secured_estimation,ieee14,prior+huber+residual,benign,,voltage_mae_pu,k=20;secured=greedy,6.0951069977416866e-05,,,
trust.secured_estimation-ieee14-migrated,trust.secured_estimation,ieee14,prior+huber+residual,benign,,voltage_mae_pu,k=20;secured=plain,6.0951069977416866e-05,,,
trust.secured_estimation-ieee14-migrated,trust.secured_estimation,ieee14,prior+huber+residual,geo,,angle_mae_deg,k=20;secured=dqn,0.052698683680215436,,,
trust.secured_estimation-ieee14-migrated,trust.secured_estimation,ieee14,prior+huber+residual,geo,,angle_mae_deg,k=20;secured=greedy,0.06712119052142378,,,
trust.secured_estimation-ieee14-migrated,trust.secured_estimation,ieee14,prior+huber+residual,geo,,angle_mae_deg,k=20;secured=plain,0.06817063769301983,,,
trust.secured_estimation-ieee14-migrated,trust.secured_estimation,ieee14,prior+huber+residual,geo,,voltage_mae_pu,k=20;secured=dqn,0.00024714133200805374,,,
trust.secured_estimation-ieee14-migrated,trust.secured_estimation,ieee14,prior+huber+residual,geo,,voltage_mae_pu,k=20;secured=greedy,0.0003227461227281438,,,
trust.secured_estimation-ieee14-migrated,trust.secured_estimation,ieee14,prior+huber+residual,geo,,voltage_mae_pu,k=20;secured=plain,0.00026155943493091823,,,
trust.secured_estimation-ieee14-migrated,trust.secured_estimation,ieee14,prior+huber+residual+trust,Ad,,angle_mae_deg,k=20;secured=dqn,0.019455576426188673,,,
trust.secured_estimation-ieee14-migrated,trust.secured_estimation,ieee14,prior+huber+residual+trust,Ad,,angle_mae_deg,k=20;secured=greedy,0.024103967261598445,,,
trust.secured_estimation-ieee14-migrated,trust.secured_estimation,ieee14,prior+huber+residual+trust,Ad,,voltage_mae_pu,k=20;secured=dqn,9.351459458584788e-05,,,
trust.secured_estimation-ieee14-migrated,trust.secured_estimation,ieee14,prior+huber+residual+trust,Ad,,voltage_mae_pu,k=20;secured=greedy,9.737072577304215e-05,,,
trust.secured_estimation-ieee14-migrated,trust.secured_estimation,ieee14,prior+huber+residual+trust,Al,,angle_mae_deg,k=20;secured=dqn,0.024733964433736207,,,
trust.secured_estimation-ieee14-migrated,trust.secured_estimation,ieee14,prior+huber+residual+trust,Al,,angle_mae_deg,k=20;secured=greedy,0.028308119838403426,,,
trust.secured_estimation-ieee14-migrated,trust.secured_estimation,ieee14,prior+huber+residual+trust,Al,,voltage_mae_pu,k=20;secured=dqn,0.0001378083217535272,,,
trust.secured_estimation-ieee14-migrated,trust.secured_estimation,ieee14,prior+huber+residual+trust,Al,,voltage_mae_pu,k=20;secured=greedy,0.00012649364135087514,,,
trust.secured_estimation-ieee14-migrated,trust.secured_estimation,ieee14,prior+huber+residual+trust,Am,,angle_mae_deg,k=20;secured=dqn,0.032941047207869334,,,
trust.secured_estimation-ieee14-migrated,trust.secured_estimation,ieee14,prior+huber+residual+trust,Am,,angle_mae_deg,k=20;secured=greedy,0.031128256261488057,,,
trust.secured_estimation-ieee14-migrated,trust.secured_estimation,ieee14,prior+huber+residual+trust,Am,,voltage_mae_pu,k=20;secured=dqn,0.00014807660842239978,,,
trust.secured_estimation-ieee14-migrated,trust.secured_estimation,ieee14,prior+huber+residual+trust,Am,,voltage_mae_pu,k=20;secured=greedy,0.0001191033583064724,,,
trust.secured_estimation-ieee14-migrated,trust.secured_estimation,ieee14,prior+huber+residual+trust,Aq,,angle_mae_deg,k=20;secured=dqn,0.03238313251121496,,,
trust.secured_estimation-ieee14-migrated,trust.secured_estimation,ieee14,prior+huber+residual+trust,Aq,,angle_mae_deg,k=20;secured=greedy,0.11165159773078251,,,
trust.secured_estimation-ieee14-migrated,trust.secured_estimation,ieee14,prior+huber+residual+trust,Aq,,voltage_mae_pu,k=20;secured=dqn,0.00013852899866524852,,,
trust.secured_estimation-ieee14-migrated,trust.secured_estimation,ieee14,prior+huber+residual+trust,Aq,,voltage_mae_pu,k=20;secured=greedy,0.0003497000273966144,,,
trust.secured_estimation-ieee14-migrated,trust.secured_estimation,ieee14,prior+huber+residual+trust,Ar,,angle_mae_deg,k=20;secured=dqn,0.019095760166412276,,,
trust.secured_estimation-ieee14-migrated,trust.secured_estimation,ieee14,prior+huber+residual+trust,Ar,,angle_mae_deg,k=20;secured=greedy,0.02058079426651188,,,
trust.secured_estimation-ieee14-migrated,trust.secured_estimation,ieee14,prior+huber+residual+trust,Ar,,voltage_mae_pu,k=20;secured=dqn,8.613537042010328e-05,,,
trust.secured_estimation-ieee14-migrated,trust.secured_estimation,ieee14,prior+huber+residual+trust,Ar,,voltage_mae_pu,k=20;secured=greedy,8.619553128242764e-05,,,
trust.secured_estimation-ieee14-migrated,trust.secured_estimation,ieee14,prior+huber+residual+trust,As,,angle_mae_deg,k=20;secured=dqn,0.019507798016510876,,,
trust.secured_estimation-ieee14-migrated,trust.secured_estimation,ieee14,prior+huber+residual+trust,As,,angle_mae_deg,k=20;secured=greedy,0.02091212614477444,,,
trust.secured_estimation-ieee14-migrated,trust.secured_estimation,ieee14,prior+huber+residual+trust,As,,voltage_mae_pu,k=20;secured=dqn,9.10397228403208e-05,,,
trust.secured_estimation-ieee14-migrated,trust.secured_estimation,ieee14,prior+huber+residual+trust,As,,voltage_mae_pu,k=20;secured=greedy,9.614834457113637e-05,,,
trust.secured_estimation-ieee14-migrated,trust.secured_estimation,ieee14,prior+huber+residual+trust,At,,angle_mae_deg,k=20;secured=dqn,0.030681520501485694,,,
trust.secured_estimation-ieee14-migrated,trust.secured_estimation,ieee14,prior+huber+residual+trust,At,,angle_mae_deg,k=20;secured=greedy,0.055880250480621306,,,
trust.secured_estimation-ieee14-migrated,trust.secured_estimation,ieee14,prior+huber+residual+trust,At,,voltage_mae_pu,k=20;secured=dqn,0.00012069395240227519,,,
trust.secured_estimation-ieee14-migrated,trust.secured_estimation,ieee14,prior+huber+residual+trust,At,,voltage_mae_pu,k=20;secured=greedy,0.00016410820706545874,,,
trust.secured_estimation-ieee14-migrated,trust.secured_estimation,ieee14,prior+huber+residual+trust,benign,,angle_mae_deg,k=20;secured=dqn,0.01294385659026609,,,
trust.secured_estimation-ieee14-migrated,trust.secured_estimation,ieee14,prior+huber+residual+trust,benign,,angle_mae_deg,k=20;secured=greedy,0.01294748716740609,,,
trust.secured_estimation-ieee14-migrated,trust.secured_estimation,ieee14,prior+huber+residual+trust,benign,,voltage_mae_pu,k=20;secured=dqn,6.08804105673854e-05,,,
trust.secured_estimation-ieee14-migrated,trust.secured_estimation,ieee14,prior+huber+residual+trust,benign,,voltage_mae_pu,k=20;secured=greedy,6.0894640739690285e-05,,,
trust.secured_estimation-ieee14-migrated,trust.secured_estimation,ieee14,prior+huber+residual+trust,geo,,angle_mae_deg,k=20;secured=dqn,0.022911840810829604,,,
trust.secured_estimation-ieee14-migrated,trust.secured_estimation,ieee14,prior+huber+residual+trust,geo,,angle_mae_deg,k=20;secured=greedy,0.030446714197113183,,,
trust.secured_estimation-ieee14-migrated,trust.secured_estimation,ieee14,prior+huber+residual+trust,geo,,voltage_mae_pu,k=20;secured=dqn,0.00010540099020909392,,,
trust.secured_estimation-ieee14-migrated,trust.secured_estimation,ieee14,prior+huber+residual+trust,geo,,voltage_mae_pu,k=20;secured=greedy,0.00011982062727740064,,,
