run_id,experiment,system,method,family,split,metric,tags,value,sd,ci_lo,ci_hi
wu.independent_samples-ieee118-20261002t093928z-571593-bbafbe,wu.independent_samples,ieee118,l1,,,bdd_detection_matched_pct,data=indep;pmu_set=80 83 100;rating=+0.10;scada=fresh;scada_set=80 83 84 85 99 100;scenario=0;se_mode=every;window=1;write_mode=full,37.5,,,
wu.independent_samples-ieee118-20261002t093928z-571593-bbafbe,wu.independent_samples,ieee118,l1,,,bdd_detection_matched_pct,data=indep;pmu_set=80 83 100;rating=+0.10;scada=fresh;scada_set=80 83 84 85 99 100;scenario=0;se_mode=scan;window=1;write_mode=full,37.5,,,
wu.independent_samples-ieee118-20261002t093928z-571593-bbafbe,wu.independent_samples,ieee118,l1,,,bdd_detection_matched_pct,data=indep;pmu_set=80 83 100;rating=+0.10;scada=stale;scada_set=69 70 74 75 76 77 78 79 80 81 82 83 84 85 88 89 90 91 92 93 94 95 96 98 99 100 103 104 105 106 107 108 109 110 112 118;scenario=0;se_mode=every;window=1;write_mode=full,40.0,,,
wu.independent_samples-ieee118-20261002t093928z-571593-bbafbe,wu.independent_samples,ieee118,l1,,,bdd_detection_matched_pct,data=indep;pmu_set=80 83 100;rating=+0.10;scada=stale;scada_set=69 70 74 75 76 77 78 79 80 81 82 83 84 85 88 89 90 91 92 93 94 95 96 98 99 100 103 104 105 106 107 108 109 110 112 118;scenario=0;se_mode=scan;window=1;write_mode=full,37.5,,,
wu.independent_samples-ieee118-20261002t093928z-571593-bbafbe,wu.independent_samples,ieee118,l1,,,bdd_detection_matched_pct,data=indep;pmu_set=80 83 100;rating=+0.10;scada=stale;scada_set=80 83 84 85 99 100;scenario=0;se_mode=every;window=1;write_mode=scan,38.0,,,
wu.independent_samples-ieee118-20261002t093928z-571593-bbafbe,wu.independent_samples,ieee118,l1,,,bdd_detection_matched_pct,data=indep;pmu_set=80 83 100;rating=+0.10;scada=stale;scada_set=80 83 84 85 99 100;scenario=0;se_mode=scan;window=1;write_mode=scan,37.5,,,
wu.independent_samples-ieee118-20261002t093928z-571593-bbafbe,wu.independent_samples,ieee118,l1,,,bdd_detection_matched_pct,data=indep;pmu_set=80 83 100;rating=1.2;scada=fresh;scada_set=80 83 84 85 86 99 100;scenario=0;se_mode=every;window=1;write_mode=full,37.5,,,
wu.independent_samples-ieee118-20261002t093928z-571593-bbafbe,wu.independent_samples,ieee118,l1,,,bdd_detection_matched_pct,data=indep;pmu_set=80 83 100;rating=1.2;scada=fresh;scada_set=80 83 84 85 86 99 100;scenario=0;se_mode=scan;window=1;write_mode=full,37.5,,,
wu.independent_samples-ieee118-20261002t093928z-571593-bbafbe,wu.independent_samples,ieee118,l1,,,bdd_detection_matched_pct,data=indep;pmu_set=80 83 100;rating=1.2;scada=stale;scada_set=69 70 74 75 76 77 78 79 80 81 82 83 84 85 86 88 89 90 91 92 93 94 95 96 98 99 100 103 104 105 106 107 108 109 110 112 118;scenario=0;se_mode=every;window=1;write_mode=full,40.0,,,
wu.independent_samples-ieee118-20261002t093928z-571593-bbafbe,wu.independent_samples,ieee118,l1,,,bdd_detection_matched_pct,data=indep;pmu_set=80 83 100;rating=1.2;scada=stale;scada_set=69 70 74 75 76 77 78 79 80 81 82 83 84 85 86 88 89 90 91 92 93 94 95 96 98 99 100 103 104 105 106 107 108 109 110 112 118;scenario=0;se_mode=scan;window=1;write_mode=full,37.5,,,
wu.independent_samples-ieee118-20261002t093928z-571593-bbafbe,wu.independent_samples,ieee118,l1,,,bdd_detection_matched_pct,data=indep;pmu_set=80 83 100;rating=1.2;scada=stale;scada_set=80 83 84 85 99 100;scenario=0;se_mode=every;window=1;write_mode=scan,38.5,,,
wu.independent_samples-ieee118-20261002t093928z-571593-bbafbe,wu.independent_samples,ieee118,l1,,,bdd_detection_matched_pct,data=indep;pmu_set=80 83 100;rating=1.2;scada=stale;scada_set=80 83 84 85 99 100;scenario=0;se_mode=scan;window=1;write_mode=scan,37.5,,,
wu.independent_samples-ieee118-20261002t093928z-571593-bbafbe,wu.independent_samples,ieee118,l1,,,bdd_detection_matched_pct,data=indep;pmu_set=80 83 94 100;rating=+0.10;scada=fresh;scada_set=80 83 84 85 99 100;scenario=0;se_mode=every;window=0;write_mode=full,37.5,,,
wu.independent_samples-ieee118-20261002t093928z-571593-bbafbe,wu.independent_samples,ieee118,l1,,,bdd_detection_matched_pct,data=indep;pmu_set=80 83 94 100;rating=+0.10;scada=fresh;scada_set=80 83 84 85 99 100;scenario=0;se_mode=scan;window=0;write_mode=full,37.5,,,
wu.independent_samples-ieee118-20261002t093928z-571593-bbafbe,wu.independent_samples,ieee118,l1,,,bdd_detection_matched_pct,data=indep;pmu_set=80 83 94 100;rating=+0.10;scada=stale;scada_set=69 70 74 75 76 77 78 79 80 81 82 83 84 85 88 89 90 91 92 93 94 95 96 98 99 100 103 104 105 107 108 109 110 112 118;scenario=0;se_mode=every;window=0;write_mode=full,47.0,,,
wu.independent_samples-ieee118-20261002t093928z-571593-bbafbe,wu.independent_samples,ieee118,l1,,,bdd_detection_matched_pct,data=indep;pmu_set=80 83 94 100;rating=+0.10;scada=stale;scada_set=69 70 74 75 76 77 78 79 80 81 82 83 84 85 88 89 90 91 92 93 94 95 96 98 99 100 103 104 105 107 108 109 110 112 118;scenario=0;se_mode=scan;window=0;write_mode=full,37.5,,,
wu.independent_samples-ieee118-20261002t093928z-571593-bbafbe,wu.independent_samples,ieee118,l1,,,bdd_detection_matched_pct,data=indep;pmu_set=80 83 94 100;rating=+0.10;scada=stale;scada_set=80 83 84 85 99 100;scenario=0;se_mode=every;window=0;write_mode=scan,42.0,,,
wu.independent_samples-ieee118-20261002t093928z-571593-bbafbe,wu.independent_samples,ieee118,l1,,,bdd_detection_matched_pct,data=indep;pmu_set=80 83 94 100;rating=+0.10;scada=stale;scada_set=80 83 84 85 99 100;scenario=0;se_mode=scan;window=0;write_mode=scan,37.5,,,
wu.independent_samples-ieee118-20261002t093928z-571593-bbafbe,wu.independent_samples,ieee118,l1,,,bdd_detection_matched_pct,data=indep;pmu_set=80 83 94 100;rating=1.2;scada=fresh;scada_set=80 83 84 85 86 99 100;scenario=0;se_mode=every;window=0;write_mode=full,37.5,,,
wu.independent_samples-ieee118-20261002t093928z-571593-bbafbe,wu.independent_samples,ieee118,l1,,,bdd_detection_matched_pct,data=indep;pmu_set=80 83 94 100;rating=1.2;scada=fresh;scada_set=80 83 84 85 86 99 100;scenario=0;se_mode=scan;window=0;write_mode=full,37.5,,,
wu.independent_samples-ieee118-20261002t093928z-571593-bbafbe,wu.independent_samples,ieee118,l1,,,bdd_detection_matched_pct,data=indep;pmu_set=80 83 94 100;rating=1.2;scada=stale;scada_set=69 70 74 75 76 77 78 79 80 81 82 83 84 85 86 88 89 90 91 92 93 94 95 96 98 99 100 103 104 105 107 108 109 110 112 118;scenario=0;se_mode=every;window=0;write_mode=full,47.0,,,
wu.independent_samples-ieee118-20261002t093928z-571593-bbafbe,wu.independent_samples,ieee118,l1,,,bdd_detection_matched_pct,data=indep;pmu_set=80 83 94 100;rating=1.2;scada=stale;scada_set=69 70 74 75 76 77 78 79 80 81 82 83 84 85 86 88 89 90 91 92 93 94 95 96 98 99 100 103 104 105 107 108 109 110 112 118;scenario=0;se_mode=scan;window=0;write_mode=full,37.5,,,
wu.independent_samples-ieee118-20261002t093928z-571593-bbafbe,wu.independent_samples,ieee118,l1,,,bdd_detection_matched_pct,data=indep;pmu_set=80 83 94 100;rating=1.2;scada=stale;scada_set=80 83 84 85 99 100;scenario=0;se_mode=every;window=0;write_mode=scan,42.5,,,
wu.independent_samples-ieee118-20261002t093928z-571593-bbafbe,wu.independent_samples,ieee118,l1,,,bdd_detection_matched_pct,data=indep;pmu_set=80 83 94 100;rating=1.2;scada=stale;scada_set=80 83 84 85 99 100;scenario=0;se_mode=scan;window=0;write_mode=scan,37.5,,,
wu.independent_samples-ieee118-20261002t093928z-571593-bbafbe,wu.independent_samples,ieee118,l1,,,bdd_detection_pct,data=indep;pmu_set=80 83 100;rating=+0.10;scada=fresh;scada_set=80 83 84 85 99 100;scenario=0;se_mode=every;window=1;write_mode=full,3.5,,,
wu.independent_samples-ieee118-20261002t093928z-571593-bbafbe,wu.independent_samples,ieee118,l1,,,bdd_detection_pct,data=indep;pmu_set=80 83 100;rating=+0.10;scada=fresh;scada_set=80 83 84 85 99 100;scenario=0;se_mode=scan;window=1;write_mode=full,3.0,,,
wu.independent_samples-ieee118-20261002t093928z-571593-bbafbe,wu.independent_samples,ieee118,l1,,,bdd_detection_pct,data=indep;pmu_set=80 83 100;rating=+0.10;scada=stale;scada_set=69 70 74 75 76 77 78 79 80 81 82 83 84 85 88 89 90 91 92 93 94 95 96 98 99 100 103 104 105 106 107 108 109 110 112 118;scenario=0;se_mode=every;window=1;write_mode=full,60.5,,,
wu.independent_samples-ieee118-20261002t093928z-571593-bbafbe,wu.independent_samples,ieee118,l1,,,bdd_detection_pct,data=indep;pmu_set=80 83 100;rating=+0.10;scada=stale;scada_set=69 70 74 75 76 77 78 79 80 81 82 83 84 85 88 89 90 91 92 93 94 95 96 98 99 100 103 104 105 106 107 108 109 110 112 118;scenario=0;se_mode=scan;window=1;write_mode=full,0.0,,,
wu.independent_samples-ieee118-20261002t093928z-571593-bbafbe,wu.independent_samples,ieee118,l1,,,bdd_detection_pct,data=indep;pmu_set=80 83 100;rating=+0.10;scada=stale;scada_set=80 83 84 85 99 100;scenario=0;se_mode=every;window=1;write_mode=scan,62.0,,,
wu.independent_samples-ieee118-20261002t093928z-571593-bbafbe,wu.independent_samples,ieee118,l1,,,bdd_detection_pct,data=indep;pmu_set=80 83 100;rating=+0.10;scada=stale;scada_set=80 83 84 85 99 100;scenario=0;se_mode=scan;window=1;write_mode=scan,7.5,,,
wu.independent_samples-ieee118-20261002t093928z-571593-bbafbe,wu.independent_samples,ieee118,l1,,,bdd_detection_pct,data=indep;pmu_set=80 83 100;rating=1.2;scada=fresh;scada_set=80 83 84 85 86 99 100;scenario=0;se_mode=every;window=1;write_mode=full,3.5,,,
wu.independent_samples-ieee118-20261002t093928z-571593-bbafbe,wu.independent_samples,ieee118,l1,,,bdd_detection_pct,data=indep;pmu_set=80 83 100;rating=1.2;scada=fresh;scada_set=80 83 84 85 86 99 100;scenario=0;se_mode=scan;window=1;write_mode=full,3.0,,,
wu.independent_samples-ieee118-20261002t093928z-571593-bbafbe,wu.independent_samples,ieee118,l1,,,bdd_detection_pct,data=indep;pmu_set=80 83 100;rating=1.2;scada=stale;scada_set=69 70 74 75 76 77 78 79 80 81 82 83 84 85 86 88 89 90 91 92 93 94 95 96 98 99 100 103 104 105 106 107 108 109 110 112 118;scenario=0;se_mode=every;window=1;write_mode=full,60.5,,,
wu.independent_samples-ieee118-20261002t093928z-571593-bbafbe,wu.independent_samples,ieee118,l1,,,bdd_detection_pct,data=indep;pmu_set=80 83 100;rating=1.2;scada=stale;scada_set=69 70 74 75 76 77 78 79 80 81 82 83 84 85 86 88 89 90 91 92 93 94 95 96 98 99 100 103 104 105 106 107 108 109 110 112 118;scenario=0;se_mode=scan;window=1;write_mode=full,0.0,,,
wu.independent_samples-ieee118-20261002t093928z-571593-bbafbe,wu.independent_samples,ieee118,l1,,,bdd_detection_pct,data=indep;pmu_set=80 83 100;rating=1.2;scada=stale;scada_set=80 83 84 85 99 100;scenario=0;se_mode=every;window=1;write_mode=scan,65.5,,,
wu.independent_samples-ieee118-20261002t093928z-571593-bbafbe,wu.independent_samples,ieee118,l1,,,bdd_detection_pct,data=indep;pmu_set=80 83 100;rating=1.2;scada=stale;scada_set=80 83 84 85 99 100;scenario=0;se_mode=scan;window=1;write_mode=scan,7.5,,,
wu.independent_samples-ieee118-20261002t093928z-571593-bbafbe,wu.independent_samples,ieee118,l1,,,bdd_detection_pct,data=indep;pmu_set=80 83 94 100;rating=+0.10;scada=fresh;scada_set=80 83 84 85 99 100;scenario=0;se_mode=every;window=0;write_mode=full,3.5,,,
wu.independent_samples-ieee118-20261002t093928z-571593-bbafbe,wu.independent_samples,ieee118,l1,,,bdd_detection_pct,data=indep;pmu_set=80 83 94 100;rating=+0.10;scada=fresh;scada_set=80 83 84 85 99 100;scenario=0;se_mode=scan;window=0;write_mode=full,3.0,,,
wu.independent_samples-ieee118-20261002t093928z-571593-bbafbe,wu.independent_samples,ieee118,l1,,,bdd_detection_pct,data=indep;pmu_set=80 83 94 100;rating=+0.10;scada=stale;scada_set=69 70 74 75 76 77 78 79 80 81 82 83 84 85 88 89 90 91 92 93 94 95 96 98 99 100 103 104 105 107 108 109 110 112 118;scenario=0;se_mode=every;window=0;write_mode=full,71.0,,,
wu.independent_samples-ieee118-20261002t093928z-571593-bbafbe,wu.independent_samples,ieee118,l1,,,bdd_detection_pct,data=indep;pmu_set=80 83 94 100;rating=+0.10;scada=stale;scada_set=69 70 74 75 76 77 78 79 80 81 82 83 84 85 88 89 90 91 92 93 94 95 96 98 99 100 103 104 105 107 108 109 110 112 118;scenario=0;se_mode=scan;window=0;write_mode=full,0.0,,,
wu.independent_samples-ieee118-20261002t093928z-571593-bbafbe,wu.independent_samples,ieee118,l1,,,bdd_detection_pct,data=indep;pmu_set=80 83 94 100;rating=+0.10;scada=stale;scada_set=80 83 84 85 99 100;scenario=0;se_mode=every;window=0;write_mode=scan,70.5,,,
wu.independent_samples-ieee118-20261002t093928z-571593-bbafbe,wu.independent_samples,ieee118,l1,,,bdd_detection_pct,data=indep;pmu_set=80 83 94 100;rating=+0.10;scada=stale;scada_set=80 83 84 85 99 100;scenario=0;se_mode=scan;window=0;write_mode=scan,7.5,,,
wu.independent_samples-ieee118-20261002t093928z-571593-bbafbe,wu.independent_samples,ieee118,l1,,,bdd_detection_pct,data=indep;pmu_set=80 83 94 100;rating=1.2;scada=fresh;scada_set=80 83 84 85 86 99 100;scenario=0;se_mode=every;window=0;write_mode=full,3.5,,,
wu.independent_samples-ieee118-20261002t093928z-571593-bbafbe,wu.independent_samples,ieee118,l1,,,bdd_detection_pct,data=indep;pmu_set=80 83 94 100;rating=1.2;scada=fresh;scada_set=80 83 84 85 86 99 100;scenario=0;se_mode=scan;window=0;write_mode=full,3.0,,,
wu.independent_samples-ieee118-20261002t093928z-571593-bbafbe,wu.independent_samples,ieee118,l1,,,bdd_detection_pct,data=indep;pmu_set=80 83 94 100;rating=1.2;scada=stale;scada_set=69 70 74 75 76 77 78 79 80 81 82 83 84 85 86 88 89 90 91 92 93 94 95 96 98 99 100 103 104 105 107 108 109 110 112 118;scenario=0;se_mode=every;window=0;write_mode=full,71.0,,,
wu.independent_samples-ieee118-20261002t093928z-571593-bbafbe,wu.independent_samples,ieee118,l1,,,bdd_detection_pct,data=indep;pmu_set=80 83 94 100;rating=1.2;scada=stale;scada_set=69 70 74 75 76 77 78 79 80 81 82 83 84 85 86 88 89 90 91 92 93 94 95 96 98 99 100 103 104 105 107 108 109 110 112 118;scenario=0;se_mode=scan;window=0;write_mode=full,0.0,,,
wu.independent_samples-ieee118-20261002t093928z-571593-bbafbe,wu.independent_samples,ieee118,l1,,,bdd_detection_pct,data=indep;pmu_set=80 83 94 100;rating=1.2;scada=stale;scada_set=80 83 84 85 99 100;scenario=0;se_mode=every;window=0;write_mode=scan,71.0,,,
wu.independent_samples-ieee118-20261002t093928z-571593-bbafbe,wu.independent_samples,ieee118,l1,,,bdd_detection_pct,data=indep;pmu_set=80 83 94 100;rating=1.2;scada=stale;scada_set=80 83 84 85 99 100;scenario=0;se_mode=scan;window=0;write_mode=scan,7.5,,,
wu.independent_samples-ieee118-20261002t093928z-571593-bbafbe,wu.independent_samples,ieee118,l1,,,bdd_false_alarm_pct,data=indep;pmu_set=80 83 100;rating=+0.10;scada=fresh;scada_set=80 83 84 85 99 100;scenario=0;se_mode=every;window=1;write_mode=full,3.5,,,
wu.independent_samples-ieee118-20261002t093928z-571593-bbafbe,wu.independent_samples,ieee118,l1,,,bdd_false_alarm_pct,data=indep;pmu_set=80 83 100;rating=+0.10;scada=fresh;scada_set=80 83 84 85 99 100;scenario=0;se_mode=scan;window=1;write_mode=full,3.0,,,
wu.independent_samples-ieee118-20261002t093928z-571593-bbafbe,wu.independent_samples,ieee118,l1,,,bdd_false_alarm_pct,data=indep;pmu_set=80 83 100;rating=+0.10;scada=stale;scada_set=69 70 74 75 76 77 78 79 80 81 82 83 84 85 88 89 90 91 92 93 94 95 96 98 99 100 103 104 105 106 107 108 109 110 112 118;scenario=0;se_mode=every;window=1;write_mode=full,50.0,,,
wu.independent_samples-ieee118-20261002t093928z-571593-bbafbe,wu.independent_samples,ieee118,l1,,,bdd_false_alarm_pct,data=indep;pmu_set=80 83 100;rating=+0.10;scada=stale;scada_set=69 70 74 75 76 77 78 79 80 81 82 83 84 85 88 89 90 91 92 93 94 95 96 98 99 100 103 104 105 106 107 108 109 110 112 118;scenario=0;se_mode=scan;window=1;write_mode=full,0.0,,,
wu.independent_samples-ieee118-20261002t093928z-571593-bbafbe,wu.independent_samples,ieee118,l1,,,bdd_false_alarm_pct,data=indep;pmu_set=80 83 100;rating=+0.10;scada=stale;scada_set=80 83 84 85 99 100;scenario=0;se_mode=every;window=1;write_mode=scan,55.5,,,
wu.independent_samples-ieee118-20261002t093928z-571593-bbafbe,wu.independent_samples,ieee118,l1,,,bdd_false_alarm_pct,data=indep;pmu_set=80 83 100;rating=+0.10;scada=stale;scada_set=80 83 84 85 99 100;scenario=0;se_mode=scan;window=1;write_mode=scan,7.5,,,
wu.independent_samples-ieee118-20261002t093928z-571593-bbafbe,wu.independent_samples,ieee118,l1,,,bdd_false_alarm_pct,data=indep;pmu_set=80 83 100;rating=1.2;scada=fresh;scada_set=80 83 84 85 86 99 100;scenario=0;se_mode=every;window=1;write_mode=full,3.5,,,
wu.independent_samples-ieee118-20261002t093928z-571593-bbafbe,wu.independent_samples,ieee118,l1,,,bdd_false_alarm_pct,data=indep;pmu_set=80 83 100;rating=1.2;scada=fresh;scada_set=80 83 84 85 86 99 100;scenario=0;se_mode=scan;window=1;write_mode=full,3.0,,,
wu.independent_samples-ieee118-20261002t093928z-571593-bbafbe,wu.independent_samples,ieee118,l1,,,bdd_false_alarm_pct,data=indep;pmu_set=80 83 100;rating=1.2;scada=stale;scada_set=69 70 74 75 76 77 78 79 80 81 82 83 84 85 86 88 89 90 91 92 93 94 95 96 98 99 100 103 104 105 106 107 108 109 110 112 118;scenario=0;se_mode=every;window=1;write_mode=full,50.0,,,
wu.independent_samples-ieee118-20261002t093928z-571593-bbafbe,wu.independent_samples,ieee118,l1,,,bdd_false_alarm_pct,data=indep;pmu_set=80 83 100;rating=1.2;scada=stale;scada_set=69 70 74 75 76 77 78 79 80 81 82 83 84 85 86 88 89 90 91 92 93 94 95 96 98 99 100 103 104 105 106 107 108 109 110 112 118;scenario=0;se_mode=scan;window=1;write_mode=full,0.0,,,
wu.independent_samples-ieee118-20261002t093928z-571593-bbafbe,wu.independent_samples,ieee118,l1,,,bdd_false_alarm_pct,data=indep;pmu_set=80 83 100;rating=1.2;scada=stale;scada_set=80 83 84 85 99 100;scenario=0;se_mode=every;window=1;write_mode=scan,55.5,,,
wu.independent_samples-ieee118-20261002t093928z-571593-bbafbe,wu.independent_samples,ieee118,l1,,,bdd_false_alarm_pct,data=indep;pmu_set=80 83 100;rating=1.2;scada=stale;scada_set=80 83 84 85 99 100;scenario=0;se_mode=scan;window=1;write_mode=scan,7.5,,,
wu.independent_samples-ieee118-20261002t093928z-571593-bbafbe,wu.independent_samples,ieee118,l1,,,bdd_false_alarm_pct,data=indep;pmu_set=80 83 94 100;rating=+0.10;scada=fresh;scada_set=80 83 84 85 99 100;scenario=0;se_mode=every;window=0;write_mode=full,3.5,,,
wu.independent_samples-ieee118-20261002t093928z-571593-bbafbe,wu.independent_samples,ieee118,l1,,,bdd_false_alarm_pct,data=indep;pmu_set=80 83 94 100;rating=+0.10;scada=fresh;scada_set=80 83 84 85 99 100;scenario=0;se_mode=scan;window=0;write_mode=full,3.0,,,
wu.independent_samples-ieee118-20261002t093928z-571593-bbafbe,wu.independent_samples,ieee118,l1,,,bdd_false_alarm_pct,data=indep;pmu_set=80 83 94 100;rating=+0.10;scada=stale;scada_set=69 70 74 75 76 77 78 79 80 81 82 83 84 85 88 89 90 91 92 93 94 95 96 98 99 100 103 104 105 107 108 109 110 112 118;scenario=0;se_mode=every;window=0;write_mode=full,62.5,,,
wu.independent_samples-ieee118-20261002t093928z-571593-bbafbe,wu.independent_samples,ieee118,l1,,,bdd_false_alarm_pct,data=indep;pmu_set=80 83 94 100;rating=+0.10;scada=stale;scada_set=69 70 74 75 76 77 78 79 80 81 82 83 84 85 88 89 90 91 92 93 94 95 96 98 99 100 103 104 105 107 108 109 110 112 118;scenario=0;se_mode=scan;window=0;write_mode=full,0.0,,,
wu.independent_samples-ieee118-20261002t093928z-571593-bbafbe,wu.independent_samples,ieee118,l1,,,bdd_false_alarm_pct,data=indep;pmu_set=80 83 94 100;rating=+0.10;scada=stale;scada_set=80 83 84 85 99 100;scenario=0;se_mode=every;window=0;write_mode=scan,62.5,,,
wu.independent_samples-ieee118-20261002t093928z-571593-bbafbe,wu.independent_samples,ieee118,l1,,,bdd_false_alarm_pct,data=indep;pmu_set=80 83 94 100;rating=+0.10;scada=stale;scada_set=80 83 84 85 99 100;scenario=0;se_mode=scan;window=0;write_mode=scan,7.5,,,
wu.independent_samples-ieee118-20261002t093928z-571593-bbafbe,wu.independent_samples,ieee118,l1,,,bdd_false_alarm_pct,data=indep;pmu_set=80 83 94 100;rating=1.2;scada=fresh;scada_set=80 83 84 85 86 99 100;scenario=0;se_mode=every;window=0;write_mode=full,3.5,,,
wu.independent_samples-ieee118-20261002t093928z-571593-bbafbe,wu.independent_samples,ieee118,l1,,,bdd_false_alarm_pct,data=indep;pmu_set=80 83 94 100;rating=1.2;scada=fresh;scada_set=80 83 84 85 86 99 100;scenario=0;se_mode=scan;window=0;write_mode=full,3.0,,,
wu.independent_samples-ieee118-20261002t093928z-571593-bbafbe,wu.independent_samples,ieee118,l1,,,bdd_false_alarm_pct,data=indep;pmu_set=80 83 94 100;rating=1.2;scada=stale;scada_set=69 70 74 75 76 77 78 79 80 81 82 83 84 85 86 88 89 90 91 92 93 94 95 96 98 99 100 103 104 105 107 108 109 110 112 118;scenario=0;se_mode=every;window=0;write_mode=full,62.5,,,
wu.independent_samples-ieee118-20261002t093928z-571593-bbafbe,wu.independent_samples,ieee118,l1,,,bdd_false_alarm_pct,data=indep;pmu_set=80 83 94 100;rating=1.2;scada=stale;scada_set=69 70 74 75 76 77 78 79 80 81 82 83 84 85 86 88 89 90 91 92 93 94 95 96 98 99 100 103 104 105 107 108 109 110 112 118;scenario=0;se_mode=scan;window=0;write_mode=full,0.0,,,
wu.independent_samples-ieee118-20261002t093928z-571593-bbafbe,wu.independent_samples,ieee118,l1,,,bdd_false_alarm_pct,data=indep;pmu_set=80 83 94 100;rating=1.2;scada=stale;scada_set=80 83 84 85 99 100;scenario=0;se_mode=every;window=0;write_mode=scan,62.5,,,
wu.independent_samples-ieee118-20261002t093928z-571593-bbafbe,wu.independent_samples,ieee118,l1,,,bdd_false_alarm_pct,data=indep;pmu_set=80 83 94 100;rating=1.2;scada=stale;scada_set=80 83 84 85 99 100;scenario=0;se_mode=scan;window=0;write_mode=scan,7.5,,,
wu.independent_samples-ieee118-20261002t093928z-571593-bbafbe,wu.independent_samples,ieee118,l1,,,channels,data=indep;pmu_set=80 83 100;rating=+0.10;scada=fresh;scada_set=80 83 84 85 99 100;scenario=0;se_mode=every;window=1;write_mode=full,19.0,,,
wu.independent_samples-ieee118-20261002t093928z-571593-bbafbe,wu.independent_samples,ieee118,l1,,,channels,data=indep;pmu_set=80 83 100;rating=+0.10;scada=fresh;scada_set=80 83 84 85 99 100;scenario=0;se_mode=scan;window=1;write_mode=full,19.0,,,
wu.independent_samples-ieee118-20261002t093928z-571593-bbafbe,wu.independent_samples,ieee118,l1,,,channels,data=indep;pmu_set=80 83 100;rating=+0.10;scada=stale;scada_set=69 70 74 75 76 77 78 79 80 81 82 83 84 85 88 89 90 91 92 93 94 95 96 98 99 100 103 104 105 106 107 108 109 110 112 118;scenario=0;se_mode=every;window=1;write_mode=full,127.0,,,
wu.independent_samples-ieee118-20261002t093928z-571593-bbafbe,wu.independent_samples,ieee118,l1,,,channels,data=indep;pmu_set=80 83 100;rating=+0.10;scada=stale;scada_set=69 70 74 75 76 77 78 79 80 81 82 83 84 85 88 89 90 91 92 93 94 95 96 98 99 100 103 104 105 106 107 108 109 110 112 118;scenario=0;se_mode=scan;window=1;write_mode=full,127.0,,,
wu.independent_samples-ieee118-20261002t093928z-571593-bbafbe,wu.independent_samples,ieee118,l1,,,channels,data=indep;pmu_set=80 83 100;rating=+0.10;scada=stale;scada_set=80 83 84 85 99 100;scenario=0;se_mode=every;window=1;write_mode=scan,19.0,,,
wu.independent_samples-ieee118-20261002t093928z-571593-bbafbe,wu.independent_samples,ieee118,l1,,,channels,data=indep;pmu_set=80 83 100;rating=+0.10;scada=stale;scada_set=80 83 84 85 99 100;scenario=0;se_mode=scan;window=1;write_mode=scan,19.0,,,
wu.independent_samples-ieee118-20261002t093928z-571593-bbafbe,wu.independent_samples,ieee118,l1,,,channels,data=indep;pmu_set=80 83 100;rating=1.2;scada=fresh;scada_set=80 83 84 85 86 99 100;scenario=0;se_mode=every;window=1;write_mode=full,21.0,,,
wu.independent_samples-ieee118-20261002t093928z-571593-bbafbe,wu.independent_samples,ieee118,l1,,,channels,data=indep;pmu_set=80 83 100;rating=1.2;scada=fresh;scada_set=80 83 84 85 86 99 100;scenario=0;se_mode=scan;window=1;write_mode=full,21.0,,,
wu.independent_samples-ieee118-20261002t093928z-571593-bbafbe,wu.independent_samples,ieee118,l1,,,channels,data=indep;pmu_set=80 83 100;rating=1.2;scada=stale;scada_set=69 70 74 75 76 77 78 79 80 81 82 83 84 85 86 88 89 90 91 92 93 94 95 96 98 99 100 103 104 105 106 107 108 109 110 112 118;scenario=0;se_mode=every;window=1;write_mode=full,129.0,,,
wu.independent_samples-ieee118-20261002t093928z-571593-bbafbe,wu.independent_samples,ieee118,l1,,,channels,data=indep;pmu_set=80 83 100;rating=1.2;scada=stale;scada_set=69 70 74 75 76 77 78 79 80 81 82 83 84 85 86 88 89 90 91 92 93 94 95 96 98 99 100 103 104 105 106 107 108 109 110 112 118;scenario=0;se_mode=scan;window=1;write_mode=full,129.0,,,
wu.independent_samples-ieee118-20261002t093928z-571593-bbafbe,wu.independent_samples,ieee118,l1,,,channels,data=indep;pmu_set=80 83 100;rating=1.2;scada=stale;scada_set=80 83 84 85 99 100;scenario=0;se_mode=every;window=1;write_mode=scan,19.0,,,
wu.independent_samples-ieee118-20261002t093928z-571593-bbafbe,wu.independent_samples,ieee118,l1,,,channels,data=indep;pmu_set=80 83 100;rating=1.2;scada=stale;scada_set=80 83 84 85 99 100;scenario=0;se_mode=scan;window=1;write_mode=scan,19.0,,,
wu.independent_samples-ieee118-20261002t093928z-571593-bbafbe,wu.independent_samples,ieee118,l1,,,channels,data=indep;pmu_set=80 83 94 100;rating=+0.10;scada=fresh;scada_set=80 83 84 85 99 100;scenario=0;se_mode=every;window=0;write_mode=full,21.0,,,
wu.independent_samples-ieee118-20261002t093928z-571593-bbafbe,wu.independent_samples,ieee118,l1,,,channels,data=indep;pmu_set=80 83 94 100;rating=+0.10;scada=fresh;scada_set=80 83 84 85 99 100;scenario=0;se_mode=scan;window=0;write_mode=full,21.0,,,
wu.independent_samples-ieee118-20261002t093928z-571593-bbafbe,wu.independent_samples,ieee118,l1,,,channels,data=indep;pmu_set=80 83 94 100;rating=+0.10;scada=stale;scada_set=69 70 74 75 76 77 78 79 80 81 82 83 84 85 88 89 90 91 92 93 94 95 96 98 99 100 103 104 105 107 108 109 110 112 118;scenario=0;se_mode=every;window=0;write_mode=full,117.0,,,
wu.independent_samples-ieee118-20261002t093928z-571593-bbafbe,wu.independent_samples,ieee118,l1,,,channels,data=indep;pmu_set=80 83 94 100;rating=+0.10;scada=stale;scada_set=69 70 74 75 76 77 78 79 80 81 82 83 84 85 88 89 90 91 92 93 94 95 96 98 99 100 103 104 105 107 108 109 110 112 118;scenario=0;se_mode=scan;window=0;write_mode=full,117.0,,,
wu.independent_samples-ieee118-20261002t093928z-571593-bbafbe,wu.independent_samples,ieee118,l1,,,channels,data=indep;pmu_set=80 83 94 100;rating=+0.10;scada=stale;scada_set=80 83 84 85 99 100;scenario=0;se_mode=every;window=0;write_mode=scan,21.0,,,
wu.independent_samples-ieee118-20261002t093928z-571593-bbafbe,wu.independent_samples,ieee118,l1,,,channels,data=indep;pmu_set=80 83 94 100;rating=+0.10;scada=stale;scada_set=80 83 84 85 99 100;scenario=0;se_mode=scan;window=0;write_mode=scan,21.0,,,
wu.independent_samples-ieee118-20261002t093928z-571593-bbafbe,wu.independent_samples,ieee118,l1,,,channels,data=indep;pmu_set=80 83 94 100;rating=1.2;scada=fresh;scada_set=80 83 84 85 86 99 100;scenario=0;se_mode=every;window=0;write_mode=full,23.0,,,
wu.independent_samples-ieee118-20261002t093928z-571593-bbafbe,wu.independent_samples,ieee118,l1,,,channels,data=indep;pmu_set=80 83 94 100;rating=1.2;scada=fresh;scada_set=80 83 84 85 86 99 100;scenario=0;se_mode=scan;window=0;write_mode=full,23.0,,,
wu.independent_samples-ieee118-20261002t093928z-571593-bbafbe,wu.independent_samples,ieee118,l1,,,channels,data=indep;pmu_set=80 83 94 100;rating=1.2;scada=stale;scada_set=69 70 74 75 76 77 78 79 80 81 82 83 84 85 86 88 89 90 91 92 93 94 95 96 98 99 100 103 104 105 107 108 109 110 112 118;scenario=0;se_mode=every;window=0;write_mode=full,119.0,,,
wu.independent_samples-ieee118-20261002t093928z-571593-bbafbe,wu.independent_samples,ieee118,l1,,,channels,data=indep;pmu_set=80 83 94 100;rating=1.2;scada=stale;scada_set=69 70 74 75 76 77 78 79 80 81 82 83 84 85 86 88 89 90 91 92 93 94 95 96 98 99 100 103 104 105 107 108 109 110 112 118;scenario=0;se_mode=scan;window=0;write_mode=full,119.0,,,
wu.independent_samples-ieee118-20261002t093928z-571593-bbafbe,wu.independent_samples,ieee118,l1,,,channels,data=indep;pmu_set=80 83 94 100;rating=1.2;scada=stale;scada_set=80 83 84 85 99 100;scenario=0;se_mode=every;window=0;write_mode=scan,21.0,,,
wu.independent_samples-ieee118-20261002t093928z-571593-bbafbe,wu.independent_samples,ieee118,l1,,,channels,data=indep;pmu_set=80 83 94 100;rating=1.2;scada=stale;scada_set=80 83 84 85 99 100;scenario=0;se_mode=scan;window=0;write_mode=scan,21.0,,,
wu.independent_samples-ieee118-20261002t093928z-571593-bbafbe,wu.independent_samples,ieee118,l1,,,devices,data=indep;pmu_set=80 83 100;rating=+0.10;scada=fresh;scada_set=80 83 84 85 99 100;scenario=0;se_mode=every;window=1;write_mode=full,9.0,,,
wu.independent_samples-ieee118-20261002t093928z-571593-bbafbe,wu.independent_samples,ieee118,l1,,,devices,data=indep;pmu_set=80 83 100;rating=+0.10;scada=fresh;scada_set=80 83 84 85 99 100;scenario=0;se_mode=scan;window=1;write_mode=full,9.0,,,
wu.independent_samples-ieee118-20261002t093928z-571593-bbafbe,wu.independent_samples,ieee118,l1,,,devices,data=indep;pmu_set=80 83 100;rating=+0.10;scada=stale;scada_set=69 70 74 75 76 77 78 79 80 81 82 83 84 85 88 89 90 91 92 93 94 95 96 98 99 100 103 104 105 106 107 108 109 110 112 118;scenario=0;se_mode=every;window=1;write_mode=full,39.0,,,
wu.independent_samples-ieee118-20261002t093928z-571593-bbafbe,wu.independent_samples,ieee118,l1,,,devices,data=indep;pmu_set=80 83 100;rating=+0.10;scada=stale;scada_set=69 70 74 75 76 77 78 79 80 81 82 83 84 85 88 89 90 91 92 93 94 95 96 98 99 100 103 104 105 106 107 108 109 110 112 118;scenario=0;se_mode=scan;window=1;write_mode=full,39.0,,,
wu.independent_samples-ieee118-20261002t093928z-571593-bbafbe,wu.independent_samples,ieee118,l1,,,devices,data=indep;pmu_set=80 83 100;rating=+0.10;scada=stale;scada_set=80 83 84 85 99 100;scenario=0;se_mode=every;window=1;write_mode=scan,9.0,,,
wu.independent_samples-ieee118-20261002t093928z-571593-bbafbe,wu.independent_samples,ieee118,l1,,,devices,data=indep;pmu_set=80 83 100;rating=+0.10;scada=stale;scada_set=80 83 84 85 99 100;scenario=0;se_mode=scan;window=1;write_mode=scan,9.0,,,
wu.independent_samples-ieee118-20261002t093928z-571593-bbafbe,wu.independent_samples,ieee118,l1,,,devices,data=indep;pmu_set=80 83 100;rating=1.2;scada=fresh;scada_set=80 83 84 85 86 99 100;scenario=0;se_mode=every;window=1;write_mode=full,10.0,,,
wu.independent_samples-ieee118-20261002t093928z-571593-bbafbe,wu.independent_samples,ieee118,l1,,,devices,data=indep;pmu_set=80 83 100;rating=1.2;scada=fresh;scada_set=80 83 84 85 86 99 100;scenario=0;se_mode=scan;window=1;write_mode=full,10.0,,,
wu.independent_samples-ieee118-20261002t093928z-571593-bbafbe,wu.independent_samples,ieee118,l1,,,devices,data=indep;pmu_set=80 83 100;rating=1.2;scada=stale;scada_set=69 70 74 75 76 77 78 79 80 81 82 83 84 85 86 88 89 90 91 92 93 94 95 96 98 99 100 103 104 105 106 107 108 109 110 112 118;scenario=0;se_mode=every;window=1;write_mode=full,40.0,,,
wu.independent_samples-ieee118-20261002t093928z-571593-bbafbe,wu.independent_samples,ieee118,l1,,,devices,data=indep;pmu_set=80 83 100;rating=1.2;scada=stale;scada_set=69 70 74 75 76 77 78 79 80 81 82 83 84 85 86 88 89 90 91 92 93 94 95 96 98 99 100 103 104 105 106 107 108 109 110 112 118;scenario=0;se_mode=scan;window=1;write_mode=full,40.0,,,
wu.independent_samples-ieee118-20261002t093928z-571593-bbafbe,wu.independent_samples,ieee118,l1,,,devices,data=indep;pmu_set=80 83 100;rating=1.2;scada=stale;scada_set=80 83 84 85 99 100;scenario=0;se_mode=every;window=1;write_mode=scan,9.0,,,
wu.independent_samples-ieee118-20261002t093928z-571593-bbafbe,wu.independent_samples,ieee118,l1,,,devices,data=indep;pmu_set=80 83 100;rating=1.2;scada=stale;scada_set=80 83 84 85 99 100;scenario=0;se_mode=scan;window=1;write_mode=scan,9.0,,,
wu.independent_samples-ieee118-20261002t093928z-571593-bbafbe,wu.independent_samples,ieee118,l1,,,devices,data=indep;pmu_set=80 83 94 100;rating=+0.10;scada=fresh;scada_set=80 83 84 85 99 100;scenario=0;se_mode=every;window=0;write_mode=full,10.0,,,
wu.independent_samples-ieee118-20261002t093928z-571593-bbafbe,wu.independent_samples,ieee118,l1,,,devices,data=indep;pmu_set=80 83 94 100;rating=+0.10;scada=fresh;scada_set=80 83 84 85 99 100;scenario=0;se_mode=scan;window=0;write_mode=full,10.0,,,
wu.independent_samples-ieee118-20261002t093928z-571593-bbafbe,wu.independent_samples,ieee118,l1,,,devices,data=indep;pmu_set=80 83 94 100;rating=+0.10;scada=stale;scada_set=69 70 74 75 76 77 78 79 80 81 82 83 84 85 88 89 90 91 92 93 94 95 96 98 99 100 103 104 105 107 108 109 110 112 118;scenario=0;se_mode=every;window=0;write_mode=full,39.0,,,
wu.independent_samples-ieee118-20261002t093928z-571593-bbafbe,wu.independent_samples,ieee118,l1,,,devices,data=indep;pmu_set=80 83 94 100;rating=+0.10;scada=stale;scada_set=69 70 74 75 76 77 78 79 80 81 82 83 84 85 88 89 90 91 92 93 94 95 96 98 99 100 103 104 105 107 108 109 110 112 118;scenario=0;se_mode=scan;window=0;write_mode=full,39.0,,,
wu.independent_samples-ieee118-20261002t093928z-571593-bbafbe,wu.independent_samples,ieee118,l1,,,devices,data=indep;pmu_set=80 83 94 100;rating=+0.10;scada=stale;scada_set=80 83 84 85 99 100;scenario=0;se_mode=every;window=0;write_mode=scan,10.0,,,
wu.independent_samples-ieee118-20261002t093928z-571593-bbafbe,wu.independent_samples,ieee118,l1,,,devices,data=indep;pmu_set=80 83 94 100;rating=+0.10;scada=stale;scada_set=80 83 84 85 99 100;scenario=0;se_mode=scan;window=0;write_mode=scan,10.0,,,
wu.independent_samples-ieee118-20261002t093928z-571593-bbafbe,wu.independent_samples,ieee118,l1,,,devices,data=indep;pmu_set=80 83 94 100;rating=1.2;scada=fresh;scada_set=80 83 84 85 86 99 100;scenario=0;se_mode=every;window=0;write_mode=full,11.0,,,
wu.independent_samples-ieee118-20261002t093928z-571593-bbafbe,wu.independent_samples,ieee118,l1,,,devices,data=indep;pmu_set=80 83 94 100;rating=1.2;scada=fresh;scada_set=80 83 84 85 86 99 100;scenario=0;se_mode=scan;window=0;write_mode=full,11.0,,,
wu.independent_samples-ieee118-20261002t093928z-571593-bbafbe,wu.independent_samples,ieee118,l1,,,devices,data=indep;pmu_set=80 83 94 100;rating=1.2;scada=stale;scada_set=69 70 74 75 76 77 78 79 80 81 82 83 84 85 86 88 89 90 91 92 93 94 95 96 98 99 100 103 104 105 107 108 109 110 112 118;scenario=0;se_mode=every;window=0;write_mode=full,40.0,,,
wu.independent_samples-ieee118-20261002t093928z-571593-bbafbe,wu.independent_samples,ieee118,l1,,,devices,data=indep;pmu_set=80 83 94 100;rating=1.2;scada=stale;scada_set=69 70 74 75 76 77 78 79 80 81 82 83 84 85 86 88 89 90 91 92 93 94 95 96 98 99 100 103 104 105 107 108 109 110 112 118;scenario=0;se_mode=scan;window=0;write_mode=full,40.0,,,
wu.independent_samples-ieee118-20261002t093928z-571593-bbafbe,wu.independent_samples,ieee118,l1,,,devices,data=indep;pmu_set=80 83 94 100;rating=1.2;scada=stale;scada_set=80 83 84 85 99 100;scenario=0;se_mode=every;window=0;write_mode=scan,10.0,,,
wu.independent_samples-ieee118-20261002t093928z-571593-bbafbe,wu.independent_samples,ieee118,l1,,,devices,data=indep;pmu_set=80 83 94 100;rating=1.2;scada=stale;scada_set=80 83 84 85 99 100;scenario=0;se_mode=scan;window=0;write_mode=scan,10.0,,,
wu.independent_samples-ieee118-20261002t093928z-571593-bbafbe,wu.independent_samples,ieee118,l1,,,jaccard_pmu,data=indep;pmu_set=80 83 100;rating=+0.10;scada=fresh;scada_set=80 83 84 85 99 100;scenario=0;se_mode=every;window=1;write_mode=full,0.286,,,
wu.independent_samples-ieee118-20261002t093928z-571593-bbafbe,wu.independent_samples,ieee118,l1,,,jaccard_pmu,data=indep;pmu_set=80 83 100;rating=+0.10;scada=fresh;scada_set=80 83 84 85 99 100;scenario=0;se_mode=scan;window=1;write_mode=full,0.286,,,
wu.independent_samples-ieee118-20261002t093928z-571593-bbafbe,wu.independent_samples,ieee118,l1,,,jaccard_pmu,data=indep;pmu_set=80 83 100;rating=+0.10;scada=stale;scada_set=69 70 74 75 76 77 78 79 80 81 82 83 84 85 88 89 90 91 92 93 94 95 96 98 99 100 103 104 105 106 107 108 109 110 112 118;scenario=0;se_mode=every;window=1;write_mode=full,0.286,,,
wu.independent_samples-ieee118-20261002t093928z-571593-bbafbe,wu.independent_samples,ieee118,l1,,,jaccard_pmu,data=indep;pmu_set=80 83 100;rating=+0.10;scada=stale;scada_set=69 70 74 75 76 77 78 79 80 81 82 83 84 85 88 89 90 91 92 93 94 95 96 98 99 100 103 104 105 106 107 108 109 110 112 118;scenario=0;se_mode=scan;window=1;write_mode=full,0.286,,,
wu.independent_samples-ieee118-20261002t093928z-571593-bbafbe,wu.independent_samples,ieee118,l1,,,jaccard_pmu,data=indep;pmu_set=80 83 100;rating=+0.10;scada=stale;scada_set=80 83 84 85 99 100;scenario=0;se_mode=every;window=1;write_mode=scan,0.286,,,
wu.independent_samples-ieee118-20261002t093928z-571593-bbafbe,wu.independent_samples,ieee118,l1,,,jaccard_pmu,data=indep;pmu_set=80 83 100;rating=+0.10;scada=stale;scada_set=80 83 84 85 99 100;scenario=0;se_mode=scan;window=1;write_mode=scan,0.286,,,
wu.independent_samples-ieee118-20261002t093928z-571593-bbafbe,wu.independent_samples,ieee118,l1,,,jaccard_pmu,data=indep;pmu_set=80 83 100;rating=1.2;scada=fresh;scada_set=80 83 84 85 86 99 100;scenario=0;se_mode=every;window=1;write_mode=full,0.286,,,
wu.independent_samples-ieee118-20261002t093928z-571593-bbafbe,wu.independent_samples,ieee118,l1,,,jaccard_pmu,data=indep;pmu_set=80 83 100;rating=1.2;scada=fresh;scada_set=80 83 84 85 86 99 100;scenario=0;se_mode=scan;window=1;write_mode=full,0.286,,,
wu.independent_samples-ieee118-20261002t093928z-571593-bbafbe,wu.independent_samples,ieee118,l1,,,jaccard_pmu,data=indep;pmu_set=80 83 100;rating=1.2;scada=stale;scada_set=69 70 74 75 76 77 78 79 80 81 82 83 84 85 86 88 89 90 91 92 93 94 95 96 98 99 100 103 104 105 106 107 108 109 110 112 118;scenario=0;se_mode=every;window=1;write_mode=full,0.286,,,
wu.independent_samples-ieee118-20261002t093928z-571593-bbafbe,wu.independent_samples,ieee118,l1,,,jaccard_pmu,data=indep;pmu_set=80 83 100;rating=1.2;scada=stale;scada_set=69 70 74 75 76 77 78 79 80 81 82 83 84 85 86 88 89 90 91 92 93 94 95 96 98 99 100 103 104 105 106 107 108 109 110 112 118;scenario=0;se_mode=scan;window=1;write_mode=full,0.286,,,
wu.independent_samples-ieee118-20261002t093928z-571593-bbafbe,wu.independent_samples,ieee118,l1,,,jaccard_pmu,data=indep;pmu_set=80 83 100;rating=1.2;scada=stale;scada_set=80 83 84 85 99 100;scenario=0;se_mode=every;window=1;write_mode=scan,0.286,,,
wu.independent_samples-ieee118-20261002t093928z-571593-bbafbe,wu.independent_samples,ieee118,l1,,,jaccard_pmu,data=indep;pmu_set=80 83 100;rating=1.2;scada=stale;scada_set=80 83 84 85 99 100;scenario=0;se_mode=scan;window=1;write_mode=scan,0.286,,,
wu.independent_samples-ieee118-20261002t093928z-571593-bbafbe,wu.independent_samples,ieee118,l1,,,jaccard_pmu,data=indep;pmu_set=80 83 94 100;rating=+0.10;scada=fresh;scada_set=80 83 84 85 99 100;scenario=0;se_mode=every;window=0;write_mode=full,0.25,,,
wu.independent_samples-ieee118-20261002t093928z-571593-bbafbe,wu.independent_samples,ieee118,l1,,,jaccard_pmu,data=indep;pmu_set=80 83 94 100;rating=+0.10;scada=fresh;scada_set=80 83 84 85 99 100;scenario=0;se_mode=scan;window=0;write_mode=full,0.25,,,
wu.independent_samples-ieee118-20261002t093928z-571593-bbafbe,wu.independent_samples,ieee118,l1,,,jaccard_pmu,data=indep;pmu_set=80 83 94 100;rating=+0.10;scada=stale;scada_set=69 70 74 75 76 77 78 79 80 81 82 83 84 85 88 89 90 91 92 93 94 95 96 98 99 100 103 104 105 107 108 109 110 112 118;scenario=0;se_mode=every;window=0;write_mode=full,0.25,,,
wu.independent_samples-ieee118-20261002t093928z-571593-bbafbe,wu.independent_samples,ieee118,l1,,,jaccard_pmu,data=indep;pmu_set=80 83 94 100;rating=+0.10;scada=stale;scada_set=69 70 74 75 76 77 78 79 80 81 82 83 84 85 88 89 90 91 92 93 94 95 96 98 99 100 103 104 105 107 108 109 110 112 118;scenario=0;se_mode=scan;window=0;write_mode=full,0.25,,,
wu.independent_samples-ieee118-20261002t093928z-571593-bbafbe,wu.independent_samples,ieee118,l1,,,jaccard_pmu,data=indep;pmu_set=80 83 94 100;rating=+0.10;scada=stale;scada_set=80 83 84 85 99 100;scenario=0;se_mode=every;window=0;write_mode=scan,0.25,,,
wu.independent_samples-ieee118-20261002t093928z-571593-bbafbe,wu.independent_samples,ieee118,l1,,,jaccard_pmu,data=indep;pmu_set=80 83 94 100;rating=+0.10;scada=stale;scada_set=80 83 84 85 99 100;scenario=0;se_mode=scan;window=0;write_mode=scan,0.25,,,
wu.independent_samples-ieee118-20261002t093928z-571593-bbafbe,wu.independent_samples,ieee118,l1,,,jaccard_pmu,data=indep;pmu_set=80 83 94 100;rating=1.2;scada=fresh;scada_set=80 83 84 85 86 99 100;scenario=0;se_mode=every;window=0;write_mode=full,0.25,,,
wu.independent_samples-ieee118-20261002t093928z-571593-bbafbe,wu.independent_samples,ieee118,l1,,,jaccard_pmu,data=indep;pmu_set=80 83 94 100;rating=1.2;scada=fresh;scada_set=80 83 84 85 86 99 100;scenario=0;se_mode=scan;window=0;write_mode=full,0.25,,,
wu.independent_samples-ieee118-20261002t093928z-571593-bbafbe,wu.independent_samples,ieee118,l1,,,jaccard_pmu,data=indep;pmu_set=80 83 94 100;rating=1.2;scada=stale;scada_set=69 70 74 75 76 77 78 79 80 81 82 83 84 85 86 88 89 90 91 92 93 94 95 96 98 99 100 103 104 105 107 108 109 110 112 118;scenario=0;se_mode=every;window=0;write_mode=full,0.25,,,
wu.independent_samples-ieee118-20261002t093928z-571593-bbafbe,wu.independent_samples,ieee118,l1,,,jaccard_pmu,data=indep;pmu_set=80 83 94 100;rating=1.2;scada=stale;scada_set=69 70 74 75 76 77 78 79 80 81 82 83 84 85 86 88 89 90 91 92 93 94 95 96 98 99 100 103 104 105 107 108 109 110 112 118;scenario=0;se_mode=scan;window=0;write_mode=full,0.25,,,
wu.independent_samples-ieee118-20261002t093928z-571593-bbafbe,wu.independent_samples,ieee118,l1,,,jaccard_pmu,data=indep;pmu_set=80 83 94 100;rating=1.2;scada=stale;scada_set=80 83 84 85 99 100;scenario=0;se_mode=every;window=0;write_mode=scan,0.25,,,
wu.independent_samples-ieee118-20261002t093928z-571593-bbafbe,wu.independent_samples,ieee118,l1,,,jaccard_pmu,data=indep;pmu_set=80 83 94 100;rating=1.2;scada=stale;scada_set=80 83 84 85 99 100;scenario=0;se_mode=scan;window=0;write_mode=scan,0.25,,,
wu.independent_samples-ieee118-20261002t093928z-571593-bbafbe,wu.independent_samples,ieee118,l1,,,jaccard_scada,data=indep;pmu_set=80 83 100;rating=+0.10;scada=fresh;scada_set=80 83 84 85 99 100;scenario=0;se_mode=every;window=1;write_mode=full,0.364,,,
wu.independent_samples-ieee118-20261002t093928z-571593-bbafbe,wu.independent_samples,ieee118,l1,,,jaccard_scada,data=indep;pmu_set=80 83 100;rating=+0.10;scada=fresh;scada_set=80 83 84 85 99 100;scenario=0;se_mode=scan;window=1;write_mode=full,0.364,,,
wu.independent_samples-ieee118-20261002t093928z-571593-bbafbe,wu.independent_samples,ieee118,l1,,,jaccard_scada,data=indep;pmu_set=80 83 100;rating=+0.10;scada=stale;scada_set=69 70 74 75 76 77 78 79 80 81 82 83 84 85 88 89 90 91 92 93 94 95 96 98 99 100 103 104 105 106 107 108 109 110 112 118;scenario=0;se_mode=every;window=1;write_mode=full,0.216,,,
wu.independent_samples-ieee118-20261002t093928z-571593-bbafbe,wu.independent_samples,ieee118,l1,,,jaccard_scada,data=indep;pmu_set=80 83 100;rating=+0.10;scada=stale;scada_set=69 70 74 75 76 77 78 79 80 81 82 83 84 85 88 89 90 91 92 93 94 95 96 98 99 100 103 104 105 106 107 108 109 110 112 118;scenario=0;se_mode=scan;window=1;write_mode=full,0.216,,,
wu.independent_samples-ieee118-20261002t093928z-571593-bbafbe,wu.independent_samples,ieee118,l1,,,jaccard_scada,data=indep;pmu_set=80 83 100;rating=+0.10;scada=stale;scada_set=80 83 84 85 99 100;scenario=0;se_mode=every;window=1;write_mode=scan,0.364,,,
wu.independent_samples-ieee118-20261002t093928z-571593-bbafbe,wu.independent_samples,ieee118,l1,,,jaccard_scada,data=indep;pmu_set=80 83 100;rating=+0.10;scada=stale;scada_set=80 83 84 85 99 100;scenario=0;se_mode=scan;window=1;write_mode=scan,0.364,,,
wu.independent_samples-ieee118-20261002t093928z-571593-bbafbe,wu.independent_samples,ieee118,l1,,,jaccard_scada,data=indep;pmu_set=80 83 100;rating=1.2;scada=fresh;scada_set=80 83 84 85 86 99 100;scenario=0;se_mode=every;window=1;write_mode=full,0.333,,,
wu.independent_samples-ieee118-20261002t093928z-571593-bbafbe,wu.independent_samples,ieee118,l1,,,jaccard_scada,data=indep;pmu_set=80 83 100;rating=1.2;scada=fresh;scada_set=80 83 84 85 86 99 100;scenario=0;se_mode=scan;window=1;write_mode=full,0.333,,,
wu.independent_samples-ieee118-20261002t093928z-571593-bbafbe,wu.independent_samples,ieee118,l1,,,jaccard_scada,data=indep;pmu_set=80 83 100;rating=1.2;scada=stale;scada_set=69 70 74 75 76 77 78 79 80 81 82 83 84 85 86 88 89 90 91 92 93 94 95 96 98 99 100 103 104 105 106 107 108 109 110 112 118;scenario=0;se_mode=every;window=1;write_mode=full,0.211,,,
wu.independent_samples-ieee118-20261002t093928z-571593-bbafbe,wu.independent_samples,ieee118,l1,,,jaccard_scada,data=indep;pmu_set=80 83 100;rating=1.2;scada=stale;scada_set=69 70 74 75 76 77 78 79 80 81 82 83 84 85 86 88 89 90 91 92 93 94 95 96 98 99 100 103 104 105 106 107 108 109 110 112 118;scenario=0;se_mode=scan;window=1;write_mode=full,0.211,,,
wu.independent_samples-ieee118-20261002t093928z-571593-bbafbe,wu.independent_samples,ieee118,l1,,,jaccard_scada,data=indep;pmu_set=80 83 100;rating=1.2;scada=stale;scada_set=80 83 84 85 99 100;scenario=0;se_mode=every;window=1;write_mode=scan,0.364,,,
wu.independent_samples-ieee118-20261002t093928z-571593-bbafbe,wu.independent_samples,ieee118,l1,,,jaccard_scada,data=indep;pmu_set=80 83 100;rating=1.2;scada=stale;scada_set=80 83 84 85 99 100;scenario=0;se_mode=scan;window=1;write_mode=scan,0.364,,,
wu.independent_samples-ieee118-20261002t093928z-571593-bbafbe,wu.independent_samples,ieee118,l1,,,jaccard_scada,data=indep;pmu_set=80 83 94 100;rating=+0.10;scada=fresh;scada_set=80 83 84 85 99 100;scenario=0;se_mode=every;window=0;write_mode=full,0.364,,,
wu.independent_samples-ieee118-20261002t093928z-571593-bbafbe,wu.independent_samples,ieee118,l1,,,jaccard_scada,data=indep;pmu_set=80 83 94 100;rating=+0.10;scada=fresh;scada_set=80 83 84 85 99 100;scenario=0;se_mode=scan;window=0;write_mode=full,0.364,,,
wu.independent_samples-ieee118-20261002t093928z-571593-bbafbe,wu.independent_samples,ieee118,l1,,,jaccard_scada,data=indep;pmu_set=80 83 94 100;rating=+0.10;scada=stale;scada_set=69 70 74 75 76 77 78 79 80 81 82 83 84 85 88 89 90 91 92 93 94 95 96 98 99 100 103 104 105 107 108 109 110 112 118;scenario=0;se_mode=every;window=0;write_mode=full,0.222,,,
wu.independent_samples-ieee118-20261002t093928z-571593-bbafbe,wu.independent_samples,ieee118,l1,,,jaccard_scada,data=indep;pmu_set=80 83 94 100;rating=+0.10;scada=stale;scada_set=69 70 74 75 76 77 78 79 80 81 82 83 84 85 88 89 90 91 92 93 94 95 96 98 99 100 103 104 105 107 108 109 110 112 118;scenario=0;se_mode=scan;window=0;write_mode=full,0.222,,,
wu.independent_samples-ieee118-20261002t093928z-571593-bbafbe,wu.independent_samples,ieee118,l1,,,jaccard_scada,data=indep;pmu_set=80 83 94 100;rating=+0.10;scada=stale;scada_set=80 83 84 85 99 100;scenario=0;se_mode=every;window=0;write_mode=scan,0.364,,,
wu.independent_samples-ieee118-20261002t093928z-571593-bbafbe,wu.independent_samples,ieee118,l1,,,jaccard_scada,data=indep;pmu_set=80 83 94 100;rating=+0.10;scada=stale;scada_set=80 83 84 85 99 100;scenario=0;se_mode=scan;window=0;write_mode=scan,0.364,,,
wu.independent_samples-ieee118-20261002t093928z-571593-bbafbe,wu.independent_samples,ieee118,l1,,,jaccard_scada,data=indep;pmu_set=80 83 94 100;rating=1.2;scada=fresh;scada_set=80 83 84 85 86 99 100;scenario=0;se_mode=every;window=0;write_mode=full,0.333,,,
wu.independent_samples-ieee118-20261002t093928z-571593-bbafbe,wu.independent_samples,ieee118,l1,,,jaccard_scada,data=indep;pmu_set=80 83 94 100;rating=1.2;scada=fresh;scada_set=80 83 84 85 86 99 100;scenario=0;se_mode=scan;window=0;write_mode=full,0.333,,,
wu.independent_samples-ieee118-20261002t093928z-571593-bbafbe,wu.independent_samples,ieee118,l1,,,jaccard_scada,data=indep;pmu_set=80 83 94 100;rating=1.2;scada=stale;scada_set=69 70 74 75 76 77 78 79 80 81 82 83 84 85 86 88 89 90 91 92 93 94 95 96 98 99 100 103 104 105 107 108 109 110 112 118;scenario=0;se_mode=every;window=0;write_mode=full,0.216,,,
wu.independent_samples-ieee118-20261002t093928z-571593-bbafbe,wu.independent_samples,ieee118,l1,,,jaccard_scada,data=indep;pmu_set=80 83 94 100;rating=1.2;scada=stale;scada_set=69 70 74 75 76 77 78 79 80 81 82 83 84 85 86 88 89 90 91 92 93 94 95 96 98 99 100 103 104 105 107 108 109 110 112 118;scenario=0;se_mode=scan;window=0;write_mode=full,0.216,,,
wu.independent_samples-ieee118-20261002t093928z-571593-bbafbe,wu.independent_samples,ieee118,l1,,,jaccard_scada,data=indep;pmu_set=80 83 94 100;rating=1.2;scada=stale;scada_set=80 83 84 85 99 100;scenario=0;se_mode=every;window=0;write_mode=scan,0.364,,,
wu.independent_samples-ieee118-20261002t093928z-571593-bbafbe,wu.independent_samples,ieee118,l1,,,jaccard_scada,data=indep;pmu_set=80 83 94 100;rating=1.2;scada=stale;scada_set=80 83 84 85 99 100;scenario=0;se_mode=scan;window=0;write_mode=scan,0.364,,,
wu.independent_samples-ieee118-20261002t093928z-571593-bbafbe,wu.independent_samples,ieee118,l1,,,max_change_pu,data=indep;pmu_set=80 83 100;rating=+0.10;scada=fresh;scada_set=80 83 84 85 99 100;scenario=0;se_mode=every;window=1;write_mode=full,0.3203,,,
wu.independent_samples-ieee118-20261002t093928z-571593-bbafbe,wu.independent_samples,ieee118,l1,,,max_change_pu,data=indep;pmu_set=80 83 100;rating=+0.10;scada=fresh;scada_set=80 83 84 85 99 100;scenario=0;se_mode=scan;window=1;write_mode=full,0.3203,,,
wu.independent_samples-ieee118-20261002t093928z-571593-bbafbe,wu.independent_samples,ieee118,l1,,,max_change_pu,data=indep;pmu_set=80 83 100;rating=+0.10;scada=stale;scada_set=69 70 74 75 76 77 78 79 80 81 82 83 84 85 88 89 90 91 92 93 94 95 96 98 99 100 103 104 105 106 107 108 109 110 112 118;scenario=0;se_mode=every;window=1;write_mode=full,4.1507,,,
wu.independent_samples-ieee118-20261002t093928z-571593-bbafbe,wu.independent_samples,ieee118,l1,,,max_change_pu,data=indep;pmu_set=80 83 100;rating=+0.10;scada=stale;scada_set=69 70 74 75 76 77 78 79 80 81 82 83 84 85 88 89 90 91 92 93 94 95 96 98 99 100 103 104 105 106 107 108 109 110 112 118;scenario=0;se_mode=scan;window=1;write_mode=full,4.1507,,,
wu.independent_samples-ieee118-20261002t093928z-571593-bbafbe,wu.independent_samples,ieee118,l1,,,max_change_pu,data=indep;pmu_set=80 83 100;rating=+0.10;scada=stale;scada_set=80 83 84 85 99 100;scenario=0;se_mode=every;window=1;write_mode=scan,0.2786,,,
wu.independent_samples-ieee118-20261002t093928z-571593-bbafbe,wu.independent_samples,ieee118,l1,,,max_change_pu,data=indep;pmu_set=80 83 100;rating=+0.10;scada=stale;scada_set=80 83 84 85 99 100;scenario=0;se_mode=scan;window=1;write_mode=scan,0.2786,,,
wu.independent_samples-ieee118-20261002t093928z-571593-bbafbe,wu.independent_samples,ieee118,l1,,,max_change_pu,data=indep;pmu_set=80 83 100;rating=1.2;scada=fresh;scada_set=80 83 84 85 86 99 100;scenario=0;se_mode=every;window=1;write_mode=full,0.389,,,
wu.independent_samples-ieee118-20261002t093928z-571593-bbafbe,wu.independent_samples,ieee118,l1,,,max_change_pu,data=indep;pmu_set=80 83 100;rating=1.2;scada=fresh;scada_set=80 83 84 85 86 99 100;scenario=0;se_mode=scan;window=1;write_mode=full,0.389,,,
wu.independent_samples-ieee118-20261002t093928z-571593-bbafbe,wu.independent_samples,ieee118,l1,,,max_change_pu,data=indep;pmu_set=80 83 100;rating=1.2;scada=stale;scada_set=69 70 74 75 76 77 78 79 80 81 82 83 84 85 86 88 89 90 91 92 93 94 95 96 98 99 100 103 104 105 106 107 108 109 110 112 118;scenario=0;se_mode=every;window=1;write_mode=full,4.1507,,,
wu.independent_samples-ieee118-20261002t093928z-571593-bbafbe,wu.independent_samples,ieee118,l1,,,max_change_pu,data=indep;pmu_set=80 83 100;rating=1.2;scada=stale;scada_set=69 70 74 75 76 77 78 79 80 81 82 83 84 85 86 88 89 90 91 92 93 94 95 96 98 99 100 103 104 105 106 107 108 109 110 112 118;scenario=0;se_mode=scan;window=1;write_mode=full,4.1507,,,
wu.independent_samples-ieee118-20261002t093928z-571593-bbafbe,wu.independent_samples,ieee118,l1,,,max_change_pu,data=indep;pmu_set=80 83 100;rating=1.2;scada=stale;scada_set=80 83 84 85 99 100;scenario=0;se_mode=every;window=1;write_mode=scan,0.3312,,,
wu.independent_samples-ieee118-20261002t093928z-571593-bbafbe,wu.independent_samples,ieee118,l1,,,max_change_pu,data=indep;pmu_set=80 83 100;rating=1.2;scada=stale;scada_set=80 83 84 85 99 100;scenario=0;se_mode=scan;window=1;write_mode=scan,0.3312,,,
wu.independent_samples-ieee118-20261002t093928z-571593-bbafbe,wu.independent_samples,ieee118,l1,,,max_change_pu,data=indep;pmu_set=80 83 94 100;rating=+0.10;scada=fresh;scada_set=80 83 84 85 99 100;scenario=0;se_mode=every;window=0;write_mode=full,0.3477,,,
wu.independent_samples-ieee118-20261002t093928z-571593-bbafbe,wu.independent_samples,ieee118,l1,,,max_change_pu,data=indep;pmu_set=80 83 94 100;rating=+0.10;scada=fresh;scada_set=80 83 84 85 99 100;scenario=0;se_mode=scan;window=0;write_mode=full,0.3477,,,
wu.independent_samples-ieee118-20261002t093928z-571593-bbafbe,wu.independent_samples,ieee118,l1,,,max_change_pu,data=indep;pmu_set=80 83 94 100;rating=+0.10;scada=stale;scada_set=69 70 74 75 76 77 78 79 80 81 82 83 84 85 88 89 90 91 92 93 94 95 96 98 99 100 103 104 105 107 108 109 110 112 118;scenario=0;se_mode=every;window=0;write_mode=full,3.4139,,,
wu.independent_samples-ieee118-20261002t093928z-571593-bbafbe,wu.independent_samples,ieee118,l1,,,max_change_pu,data=indep;pmu_set=80 83 94 100;rating=+0.10;scada=stale;scada_set=69 70 74 75 76 77 78 79 80 81 82 83 84 85 88 89 90 91 92 93 94 95 96 98 99 100 103 104 105 107 108 109 110 112 118;scenario=0;se_mode=scan;window=0;write_mode=full,3.4139,,,
wu.independent_samples-ieee118-20261002t093928z-571593-bbafbe,wu.independent_samples,ieee118,l1,,,max_change_pu,data=indep;pmu_set=80 83 94 100;rating=+0.10;scada=stale;scada_set=80 83 84 85 99 100;scenario=0;se_mode=every;window=0;write_mode=scan,0.2087,,,
wu.independent_samples-ieee118-20261002t093928z-571593-bbafbe,wu.independent_samples,ieee118,l1,,,max_change_pu,data=indep;pmu_set=80 83 94 100;rating=+0.10;scada=stale;scada_set=80 83 84 85 99 100;scenario=0;se_mode=scan;window=0;write_mode=scan,0.2087,,,
wu.independent_samples-ieee118-20261002t093928z-571593-bbafbe,wu.independent_samples,ieee118,l1,,,max_change_pu,data=indep;pmu_set=80 83 94 100;rating=1.2;scada=fresh;scada_set=80 83 84 85 86 99 100;scenario=0;se_mode=every;window=0;write_mode=full,0.37,,,
wu.independent_samples-ieee118-20261002t093928z-571593-bbafbe,wu.independent_samples,ieee118,l1,,,max_change_pu,data=indep;pmu_set=80 83 94 100;rating=1.2;scada=fresh;scada_set=80 83 84 85 86 99 100;scenario=0;se_mode=scan;window=0;write_mode=full,0.37,,,
wu.independent_samples-ieee118-20261002t093928z-571593-bbafbe,wu.independent_samples,ieee118,l1,,,max_change_pu,data=indep;pmu_set=80 83 94 100;rating=1.2;scada=stale;scada_set=69 70 74 75 76 77 78 79 80 81 82 83 84 85 86 88 89 90 91 92 93 94 95 96 98 99 100 103 104 105 107 108 109 110 112 118;scenario=0;se_mode=every;window=0;write_mode=full,3.4139,,,
wu.independent_samples-ieee118-20261002t093928z-571593-bbafbe,wu.independent_samples,ieee118,l1,,,max_change_pu,data=indep;pmu_set=80 83 94 100;rating=1.2;scada=stale;scada_set=69 70 74 75 76 77 78 79 80 81 82 83 84 85 86 88 89 90 91 92 93 94 95 96 98 99 100 103 104 105 107 108 109 110 112 118;scenario=0;se_mode=scan;window=0;write_mode=full,3.4139,,,
wu.independent_samples-ieee118-20261002t093928z-571593-bbafbe,wu.independent_samples,ieee118,l1,,,max_change_pu,data=indep;pmu_set=80 83 94 100;rating=1.2;scada=stale;scada_set=80 83 84 85 99 100;scenario=0;se_mode=every;window=0;write_mode=scan,0.2228,,,
wu.independent_samples-ieee118-20261002t093928z-571593-bbafbe,wu.independent_samples,ieee118,l1,,,max_change_pu,data=indep;pmu_set=80 83 94 100;rating=1.2;scada=stale;scada_set=80 83 84 85 99 100;scenario=0;se_mode=scan;window=0;write_mode=scan,0.2228,,,
wu.independent_samples-ieee118-20261002t093928z-571593-bbafbe,wu.independent_samples,ieee118,l1,,,pmu_devices,data=indep;pmu_set=80 83 100;rating=+0.10;scada=fresh;scada_set=80 83 84 85 99 100;scenario=0;se_mode=every;window=1;write_mode=full,3.0,,,
wu.independent_samples-ieee118-20261002t093928z-571593-bbafbe,wu.independent_samples,ieee118,l1,,,pmu_devices,data=indep;pmu_set=80 83 100;rating=+0.10;scada=fresh;scada_set=80 83 84 85 99 100;scenario=0;se_mode=scan;window=1;write_mode=full,3.0,,,
wu.independent_samples-ieee118-20261002t093928z-571593-bbafbe,wu.independent_samples,ieee118,l1,,,pmu_devices,data=indep;pmu_set=80 83 100;rating=+0.10;scada=stale;scada_set=69 70 74 75 76 77 78 79 80 81 82 83 84 85 88 89 90 91 92 93 94 95 96 98 99 100 103 104 105 106 107 108 109 110 112 118;scenario=0;se_mode=every;window=1;write_mode=full,3.0,,,
wu.independent_samples-ieee118-20261002t093928z-571593-bbafbe,wu.independent_samples,ieee118,l1,,,pmu_devices,data=indep;pmu_set=80 83 100;rating=+0.10;scada=stale;scada_set=69 70 74 75 76 77 78 79 80 81 82 83 84 85 88 89 90 91 92 93 94 95 96 98 99 100 103 104 105 106 107 108 109 110 112 118;scenario=0;se_mode=scan;window=1;write_mode=full,3.0,,,
wu.independent_samples-ieee118-20261002t093928z-571593-bbafbe,wu.independent_samples,ieee118,l1,,,pmu_devices,data=indep;pmu_set=80 83 100;rating=+0.10;scada=stale;scada_set=80 83 84 85 99 100;scenario=0;se_mode=every;window=1;write_mode=scan,3.0,,,
wu.independent_samples-ieee118-20261002t093928z-571593-bbafbe,wu.independent_samples,ieee118,l1,,,pmu_devices,data=indep;pmu_set=80 83 100;rating=+0.10;scada=stale;scada_set=80 83 84 85 99 100;scenario=0;se_mode=scan;window=1;write_mode=scan,3.0,,,
wu.independent_samples-ieee118-20261002t093928z-571593-bbafbe,wu.independent_samples,ieee118,l1,,,pmu_devices,data=indep;pmu_set=80 83 100;rating=1.2;scada=fresh;scada_set=80 83 84 85 86 99 100;scenario=0;se_mode=every;window=1;write_mode=full,3.0,,,
wu.independent_samples-ieee118-20261002t093928z-571593-bbafbe,wu.independent_samples,ieee118,l1,,,pmu_devices,data=indep;pmu_set=80 83 100;rating=1.2;scada=fresh;scada_set=80 83 84 85 86 99 100;scenario=0;se_mode=scan;window=1;write_mode=full,3.0,,,
wu.independent_samples-ieee118-20261002t093928z-571593-bbafbe,wu.independent_samples,ieee118,l1,,,pmu_devices,data=indep;pmu_set=80 83 100;rating=1.2;scada=stale;scada_set=69 70 74 75 76 77 78 79 80 81 82 83 84 85 86 88 89 90 91 92 93 94 95 96 98 99 100 103 104 105 106 107 108 109 110 112 118;scenario=0;se_mode=every;window=1;write_mode=full,3.0,,,
wu.independent_samples-ieee118-20261002t093928z-571593-bbafbe,wu.independent_samples,ieee118,l1,,,pmu_devices,data=indep;pmu_set=80 83 100;rating=1.2;scada=stale;scada_set=69 70 74 75 76 77 78 79 80 81 82 83 84 85 86 88 89 90 91 92 93 94 95 96 98 99 100 103 104 105 106 107 108 109 110 112 118;scenario=0;se_mode=scan;window=1;write_mode=full,3.0,,,
wu.independent_samples-ieee118-20261002t093928z-571593-bbafbe,wu.independent_samples,ieee118,l1,,,pmu_devices,data=indep;pmu_set=80 83 100;rating=1.2;scada=stale;scada_set=80 83 84 85 99 100;scenario=0;se_mode=every;window=1;write_mode=scan,3.0,,,
wu.independent_samples-ieee118-20261002t093928z-571593-bbafbe,wu.independent_samples,ieee118,l1,,,pmu_devices,data=indep;pmu_set=80 83 100;rating=1.2;scada=stale;scada_set=80 83 84 85 99 100;scenario=0;se_mode=scan;window=1;write_mode=scan,3.0,,,
wu.independent_samples-ieee118-20261002t093928z-571593-bbafbe,wu.independent_samples,ieee118,l1,,,pmu_devices,data=indep;pmu_set=80 83 94 100;rating=+0.10;scada=fresh;scada_set=80 83 84 85 99 100;scenario=0;se_mode=every;window=0;write_mode=full,4.0,,,
wu.independent_samples-ieee118-20261002t093928z-571593-bbafbe,wu.independent_samples,ieee118,l1,,,pmu_devices,data=indep;pmu_set=80 83 94 100;rating=+0.10;scada=fresh;scada_set=80 83 84 85 99 100;scenario=0;se_mode=scan;window=0;write_mode=full,4.0,,,
wu.independent_samples-ieee118-20261002t093928z-571593-bbafbe,wu.independent_samples,ieee118,l1,,,pmu_devices,data=indep;pmu_set=80 83 94 100;rating=+0.10;scada=stale;scada_set=69 70 74 75 76 77 78 79 80 81 82 83 84 85 88 89 90 91 92 93 94 95 96 98 99 100 103 104 105 107 108 109 110 112 118;scenario=0;se_mode=every;window=0;write_mode=full,4.0,,,
wu.independent_samples-ieee118-20261002t093928z-571593-bbafbe,wu.independent_samples,ieee118,l1,,,pmu_devices,data=indep;pmu_set=80 83 94 100;rating=+0.10;scada=stale;scada_set=69 70 74 75 76 77 78 79 80 81 82 83 84 85 88 89 90 91 92 93 94 95 96 98 99 100 103 104 105 107 108 109 110 112 118;scenario=0;se_mode=scan;window=0;write_mode=full,4.0,,,
wu.independent_samples-ieee118-20261002t093928z-571593-bbafbe,wu.independent_samples,ieee118,l1,,,pmu_devices,data=indep;pmu_set=80 83 94 100;rating=+0.10;scada=stale;scada_set=80 83 84 85 99 100;scenario=0;se_mode=every;window=0;write_mode=scan,4.0,,,
wu.independent_samples-ieee118-20261002t093928z-571593-bbafbe,wu.independent_samples,ieee118,l1,,,pmu_devices,data=indep;pmu_set=80 83 94 100;rating=+0.10;scada=stale;scada_set=80 83 84 85 99 100;scenario=0;se_mode=scan;window=0;write_mode=scan,4.0,,,
wu.independent_samples-ieee118-20261002t093928z-571593-bbafbe,wu.independent_samples,ieee118,l1,,,pmu_devices,data=indep;pmu_set=80 83 94 100;rating=1.2;scada=fresh;scada_set=80 83 84 85 86 99 100;scenario=0;se_mode=every;window=0;write_mode=full,4.0,,,
wu.independent_samples-ieee118-20261002t093928z-571593-bbafbe,wu.independent_samples,ieee118,l1,,,pmu_devices,data=indep;pmu_set=80 83 94 100;rating=1.2;scada=fresh;scada_set=80 83 84 85 86 99 100;scenario=0;se_mode=scan;window=0;write_mode=full,4.0,,,
wu.independent_samples-ieee118-20261002t093928z-571593-bbafbe,wu.independent_samples,ieee118,l1,,,pmu_devices,data=indep;pmu_set=80 83 94 100;rating=1.2;scada=stale;scada_set=69 70 74 75 76 77 78 79 80 81 82 83 84 85 86 88 89 90 91 92 93 94 95 96 98 99 100 103 104 105 107 108 109 110 112 118;scenario=0;se_mode=every;window=0;write_mode=full,4.0,,,
wu.independent_samples-ieee118-20261002t093928z-571593-bbafbe,wu.independent_samples,ieee118,l1,,,pmu_devices,data=indep;pmu_set=80 83 94 100;rating=1.2;scada=stale;scada_set=69 70 74 75 76 77 78 79 80 81 82 83 84 85 86 88 89 90 91 92 93 94 95 96 98 99 100 103 104 105 107 108 109 110 112 118;scenario=0;se_mode=scan;window=0;write_mode=full,4.0,,,
wu.independent_samples-ieee118-20261002t093928z-571593-bbafbe,wu.independent_samples,ieee118,l1,,,pmu_devices,data=indep;pmu_set=80 83 94 100;rating=1.2;scada=stale;scada_set=80 83 84 85 99 100;scenario=0;se_mode=every;window=0;write_mode=scan,4.0,,,
wu.independent_samples-ieee118-20261002t093928z-571593-bbafbe,wu.independent_samples,ieee118,l1,,,pmu_devices,data=indep;pmu_set=80 83 94 100;rating=1.2;scada=stale;scada_set=80 83 84 85 99 100;scenario=0;se_mode=scan;window=0;write_mode=scan,4.0,,,
wu.independent_samples-ieee118-20261002t093928z-571593-bbafbe,wu.independent_samples,ieee118,l1,,,seconds,data=indep;pmu_set=80 83 100;rating=+0.10;scada=fresh;scada_set=80 83 84 85 99 100;scenario=0;se_mode=every;window=1;write_mode=full,173.0,,,
wu.independent_samples-ieee118-20261002t093928z-571593-bbafbe,wu.independent_samples,ieee118,l1,,,seconds,data=indep;pmu_set=80 83 100;rating=+0.10;scada=fresh;scada_set=80 83 84 85 99 100;scenario=0;se_mode=scan;window=1;write_mode=full,173.0,,,
wu.independent_samples-ieee118-20261002t093928z-571593-bbafbe,wu.independent_samples,ieee118,l1,,,seconds,data=indep;pmu_set=80 83 100;rating=+0.10;scada=stale;scada_set=69 70 74 75 76 77 78 79 80 81 82 83 84 85 88 89 90 91 92 93 94 95 96 98 99 100 103 104 105 106 107 108 109 110 112 118;scenario=0;se_mode=every;window=1;write_mode=full,173.1,,,
wu.independent_samples-ieee118-20261002t093928z-571593-bbafbe,wu.independent_samples,ieee118,l1,,,seconds,data=indep;pmu_set=80 83 100;rating=+0.10;scada=stale;scada_set=69 70 74 75 76 77 78 79 80 81 82 83 84 85 88 89 90 91 92 93 94 95 96 98 99 100 103 104 105 106 107 108 109 110 112 118;scenario=0;se_mode=scan;window=1;write_mode=full,173.1,,,
wu.independent_samples-ieee118-20261002t093928z-571593-bbafbe,wu.independent_samples,ieee118,l1,,,seconds,data=indep;pmu_set=80 83 100;rating=+0.10;scada=stale;scada_set=80 83 84 85 99 100;scenario=0;se_mode=every;window=1;write_mode=scan,173.1,,,
wu.independent_samples-ieee118-20261002t093928z-571593-bbafbe,wu.independent_samples,ieee118,l1,,,seconds,data=indep;pmu_set=80 83 100;rating=+0.10;scada=stale;scada_set=80 83 84 85 99 100;scenario=0;se_mode=scan;window=1;write_mode=scan,173.1,,,
wu.independent_samples-ieee118-20261002t093928z-571593-bbafbe,wu.independent_samples,ieee118,l1,,,seconds,data=indep;pmu_set=80 83 100;rating=1.2;scada=fresh;scada_set=80 83 84 85 86 99 100;scenario=0;se_mode=every;window=1;write_mode=full,265.3,,,
wu.independent_samples-ieee118-20261002t093928z-571593-bbafbe,wu.independent_samples,ieee118,l1,,,seconds,data=indep;pmu_set=80 83 100;rating=1.2;scada=fresh;scada_set=80 83 84 85 86 99 100;scenario=0;se_mode=scan;window=1;write_mode=full,265.3,,,
wu.independent_samples-ieee118-20261002t093928z-571593-bbafbe,wu.independent_samples,ieee118,l1,,,seconds,data=indep;pmu_set=80 83 100;rating=1.2;scada=stale;scada_set=69 70 74 75 76 77 78 79 80 81 82 83 84 85 86 88 89 90 91 92 93 94 95 96 98 99 100 103 104 105 106 107 108 109 110 112 118;scenario=0;se_mode=every;window=1;write_mode=full,265.3,,,
wu.independent_samples-ieee118-20261002t093928z-571593-bbafbe,wu.independent_samples,ieee118,l1,,,seconds,data=indep;pmu_set=80 83 100;rating=1.2;scada=stale;scada_set=69 70 74 75 76 77 78 79 80 81 82 83 84 85 86 88 89 90 91 92 93 94 95 96 98 99 100 103 104 105 106 107 108 109 110 112 118;scenario=0;se_mode=scan;window=1;write_mode=full,265.3,,,
wu.independent_samples-ieee118-20261002t093928z-571593-bbafbe,wu.independent_samples,ieee118,l1,,,seconds,data=indep;pmu_set=80 83 100;rating=1.2;scada=stale;scada_set=80 83 84 85 99 100;scenario=0;se_mode=every;window=1;write_mode=scan,265.3,,,
wu.independent_samples-ieee118-20261002t093928z-571593-bbafbe,wu.independent_samples,ieee118,l1,,,seconds,data=indep;pmu_set=80 83 100;rating=1.2;scada=stale;scada_set=80 83 84 85 99 100;scenario=0;se_mode=scan;window=1;write_mode=scan,265.3,,,
wu.independent_samples-ieee118-20261002t093928z-571593-bbafbe,wu.independent_samples,ieee118,l1,,,seconds,data=indep;pmu_set=80 83 94 100;rating=+0.10;scada=fresh;scada_set=80 83 84 85 99 100;scenario=0;se_mode=every;window=0;write_mode=full,237.9,,,
wu.independent_samples-ieee118-20261002t093928z-571593-bbafbe,wu.independent_samples,ieee118,l1,,,seconds,data=indep;pmu_set=80 83 94 100;rating=+0.10;scada=fresh;scada_set=80 83 84 85 99 100;scenario=0;se_mode=scan;window=0;write_mode=full,237.9,,,
wu.independent_samples-ieee118-20261002t093928z-571593-bbafbe,wu.independent_samples,ieee118,l1,,,seconds,data=indep;pmu_set=80 83 94 100;rating=+0.10;scada=stale;scada_set=69 70 74 75 76 77 78 79 80 81 82 83 84 85 88 89 90 91 92 93 94 95 96 98 99 100 103 104 105 107 108 109 110 112 118;scenario=0;se_mode=every;window=0;write_mode=full,238.1,,,
wu.independent_samples-ieee118-20261002t093928z-571593-bbafbe,wu.independent_samples,ieee118,l1,,,seconds,data=indep;pmu_set=80 83 94 100;rating=+0.10;scada=stale;scada_set=69 70 74 75 76 77 78 79 80 81 82 83 84 85 88 89 90 91 92 93 94 95 96 98 99 100 103 104 105 107 108 109 110 112 118;scenario=0;se_mode=scan;window=0;write_mode=full,238.1,,,
wu.independent_samples-ieee118-20261002t093928z-571593-bbafbe,wu.independent_samples,ieee118,l1,,,seconds,data=indep;pmu_set=80 83 94 100;rating=+0.10;scada=stale;scada_set=80 83 84 85 99 100;scenario=0;se_mode=every;window=0;write_mode=scan,238.1,,,
wu.independent_samples-ieee118-20261002t093928z-571593-bbafbe,wu.independent_samples,ieee118,l1,,,seconds,data=indep;pmu_set=80 83 94 100;rating=+0.10;scada=stale;scada_set=80 83 84 85 99 100;scenario=0;se_mode=scan;window=0;write_mode=scan,238.1,,,
wu.independent_samples-ieee118-20261002t093928z-571593-bbafbe,wu.independent_samples,ieee118,l1,,,seconds,data=indep;pmu_set=80 83 94 100;rating=1.2;scada=fresh;scada_set=80 83 84 85 86 99 100;scenario=0;se_mode=every;window=0;write_mode=full,225.4,,,
wu.independent_samples-ieee118-20261002t093928z-571593-bbafbe,wu.independent_samples,ieee118,l1,,,seconds,data=indep;pmu_set=80 83 94 100;rating=1.2;scada=fresh;scada_set=80 83 84 85 86 99 100;scenario=0;se_mode=scan;window=0;write_mode=full,225.4,,,
wu.independent_samples-ieee118-20261002t093928z-571593-bbafbe,wu.independent_samples,ieee118,l1,,,seconds,data=indep;pmu_set=80 83 94 100;rating=1.2;scada=stale;scada_set=69 70 74 75 76 77 78 79 80 81 82 83 84 85 86 88 89 90 91 92 93 94 95 96 98 99 100 103 104 105 107 108 109 110 112 118;scenario=0;se_mode=every;window=0;write_mode=full,226.1,,,
wu.independent_samples-ieee118-20261002t093928z-571593-bbafbe,wu.independent_samples,ieee118,l1,,,seconds,data=indep;pmu_set=80 83 94 100;rating=1.2;scada=stale;scada_set=69 70 74 75 76 77 78 79 80 81 82 83 84 85 86 88 89 90 91 92 93 94 95 96 98 99 100 103 104 105 107 108 109 110 112 118;scenario=0;se_mode=scan;window=0;write_mode=full,226.1,,,
wu.independent_samples-ieee118-20261002t093928z-571593-bbafbe,wu.independent_samples,ieee118,l1,,,seconds,data=indep;pmu_set=80 83 94 100;rating=1.2;scada=stale;scada_set=80 83 84 85 99 100;scenario=0;se_mode=every;window=0;write_mode=scan,226.1,,,
wu.independent_samples-ieee118-20261002t093928z-571593-bbafbe,wu.independent_samples,ieee118,l1,,,seconds,data=indep;pmu_set=80 83 94 100;rating=1.2;scada=stale;scada_set=80 83 84 85 99 100;scenario=0;se_mode=scan;window=0;write_mode=scan,226.1,,,
wu.independent_samples-ieee118-20261002t093928z-571593-bbafbe,wu.independent_samples,ieee118,search,,,bdd_detection_matched_pct,data=indep;pmu_set=80 83 100;rating=+0.10;scada=fresh;scada_set=80 82 83 84 85 99 100;scenario=0;se_mode=every;window=0;write_mode=full,37.5,,,
wu.independent_samples-ieee118-20261002t093928z-571593-bbafbe,wu.independent_samples,ieee118,search,,,bdd_detection_matched_pct,data=indep;pmu_set=80 83 100;rating=+0.10;scada=fresh;scada_set=80 82 83 84 85 99 100;scenario=0;se_mode=every;window=1;write_mode=full,37.5,,,
wu.independent_samples-ieee118-20261002t093928z-571593-bbafbe,wu.independent_samples,ieee118,search,,,bdd_detection_matched_pct,data=indep;pmu_set=80 83 100;rating=+0.10;scada=fresh;scada_set=80 82 83 84 85 99 100;scenario=0;se_mode=scan;window=0;write_mode=full,37.5,,,
wu.independent_samples-ieee118-20261002t093928z-571593-bbafbe,wu.independent_samples,ieee118,search,,,bdd_detection_matched_pct,data=indep;pmu_set=80 83 100;rating=+0.10;scada=fresh;scada_set=80 82 83 84 85 99 100;scenario=0;se_mode=scan;window=1;write_mode=full,37.5,,,
wu.independent_samples-ieee118-20261002t093928z-571593-bbafbe,wu.independent_samples,ieee118,search,,,bdd_detection_matched_pct,data=indep;pmu_set=80 83 100;rating=+0.10;scada=stale;scada_set=69 70 74 75 76 77 78 79 80 81 82 83 84 85 88 89 90 91 92 93 94 95 96 98 99 100 103 104 105 106 107 108 109 110 112 118;scenario=0;se_mode=every;window=1;write_mode=full,40.0,,,
wu.independent_samples-ieee118-20261002t093928z-571593-bbafbe,wu.independent_samples,ieee118,search,,,bdd_detection_matched_pct,data=indep;pmu_set=80 83 100;rating=+0.10;scada=stale;scada_set=69 70 74 75 76 77 78 79 80 81 82 83 84 85 88 89 90 91 92 93 94 95 96 98 99 100 103 104 105 106 107 108 109 110 112 118;scenario=0;se_mode=scan;window=1;write_mode=full,37.5,,,
wu.independent_samples-ieee118-20261002t093928z-571593-bbafbe,wu.independent_samples,ieee118,search,,,bdd_detection_matched_pct,data=indep;pmu_set=80 83 100;rating=+0.10;scada=stale;scada_set=69 70 74 75 76 77 78 79 80 81 82 83 84 85 88 89 90 91 92 93 94 95 96 98 99 100 103 104 105 107 108 109 110 112 118;scenario=0;se_mode=every;window=0;write_mode=full,47.0,,,
wu.independent_samples-ieee118-20261002t093928z-571593-bbafbe,wu.independent_samples,ieee118,search,,,bdd_detection_matched_pct,data=indep;pmu_set=80 83 100;rating=+0.10;scada=stale;scada_set=69 70 74 75 76 77 78 79 80 81 82 83 84 85 88 89 90 91 92 93 94 95 96 98 99 100 103 104 105 107 108 109 110 112 118;scenario=0;se_mode=scan;window=0;write_mode=full,37.5,,,
wu.independent_samples-ieee118-20261002t093928z-571593-bbafbe,wu.independent_samples,ieee118,search,,,bdd_detection_matched_pct,data=indep;pmu_set=80 83 100;rating=+0.10;scada=stale;scada_set=80 82 83 84 85 99 100;scenario=0;se_mode=every;window=0;write_mode=scan,40.5,,,
wu.independent_samples-ieee118-20261002t093928z-571593-bbafbe,wu.independent_samples,ieee118,search,,,bdd_detection_matched_pct,data=indep;pmu_set=80 83 100;rating=+0.10;scada=stale;scada_set=80 82 83 84 85 99 100;scenario=0;se_mode=every;window=1;write_mode=scan,38.5,,,
wu.independent_samples-ieee118-20261002t093928z-571593-bbafbe,wu.independent_samples,ieee118,search,,,bdd_detection_matched_pct,data=indep;pmu_set=80 83 100;rating=+0.10;scada=stale;scada_set=80 82 83 84 85 99 100;scenario=0;se_mode=scan;window=0;write_mode=scan,37.5,,,
wu.independent_samples-ieee118-20261002t093928z-571593-bbafbe,wu.independent_samples,ieee118,search,,,bdd_detection_matched_pct,data=indep;pmu_set=80 83 100;rating=+0.10;scada=stale;scada_set=80 82 83 84 85 99 100;scenario=0;se_mode=scan;window=1;write_mode=scan,37.5,,,
wu.independent_samples-ieee118-20261002t093928z-571593-bbafbe,wu.independent_samples,ieee118,search,,,bdd_detection_matched_pct,data=indep;pmu_set=80 83 100;rating=1.2;scada=fresh;scada_set=80 82 83 84 85 99 100;scenario=0;se_mode=every;window=0;write_mode=full,37.5,,,
wu.independent_samples-ieee118-20261002t093928z-571593-bbafbe,wu.independent_samples,ieee118,search,,,bdd_detection_matched_pct,data=indep;pmu_set=80 83 100;rating=1.2;scada=fresh;scada_set=80 82 83 84 85 99 100;scenario=0;se_mode=every;window=1;write_mode=full,37.5,,,
wu.independent_samples-ieee118-20261002t093928z-571593-bbafbe,wu.independent_samples,ieee118,search,,,bdd_detection_matched_pct,data=indep;pmu_set=80 83 100;rating=1.2;scada=fresh;scada_set=80 82 83 84 85 99 100;scenario=0;se_mode=scan;window=0;write_mode=full,37.5,,,
wu.independent_samples-ieee118-20261002t093928z-571593-bbafbe,wu.independent_samples,ieee118,search,,,bdd_detection_matched_pct,data=indep;pmu_set=80 83 100;rating=1.2;scada=fresh;scada_set=80 82 83 84 85 99 100;scenario=0;se_mode=scan;window=1;write_mode=full,37.5,,,
wu.independent_samples-ieee118-20261002t093928z-571593-bbafbe,wu.independent_samples,ieee118,search,,,bdd_detection_matched_pct,data=indep;pmu_set=80 83 100;rating=1.2;scada=stale;scada_set=69 70 74 75 76 77 78 79 80 81 82 83 84 85 88 89 90 91 92 93 94 95 96 98 99 100 103 104 105 106 107 108 109 110 112 118;scenario=0;se_mode=every;window=1;write_mode=full,40.0,,,
wu.independent_samples-ieee118-20261002t093928z-571593-bbafbe,wu.independent_samples,ieee118,search,,,bdd_detection_matched_pct,data=indep;pmu_set=80 83 100;rating=1.2;scada=stale;scada_set=69 70 74 75 76 77 78 79 80 81 82 83 84 85 88 89 90 91 92 93 94 95 96 98 99 100 103 104 105 106 107 108 109 110 112 118;scenario=0;se_mode=scan;window=1;write_mode=full,37.5,,,
wu.independent_samples-ieee118-20261002t093928z-571593-bbafbe,wu.independent_samples,ieee118,search,,,bdd_detection_matched_pct,data=indep;pmu_set=80 83 100;rating=1.2;scada=stale;scada_set=69 70 74 75 76 77 78 79 80 81 82 83 84 85 88 89 90 91 92 93 94 95 96 98 99 100 103 104 105 107 108 109 110 112 118;scenario=0;se_mode=every;window=0;write_mode=full,47.0,,,
wu.independent_samples-ieee118-20261002t093928z-571593-bbafbe,wu.independent_samples,ieee118,search,,,bdd_detection_matched_pct,data=indep;pmu_set=80 83 100;rating=1.2;scada=stale;scada_set=69 70 74 75 76 77 78 79 80 81 82 83 84 85 88 89 90 91 92 93 94 95 96 98 99 100 103 104 105 107 108 109 110 112 118;scenario=0;se_mode=scan;window=0;write_mode=full,37.5,,,
wu.independent_samples-ieee118-20261002t093928z-571593-bbafbe,wu.independent_samples,ieee118,search,,,bdd_detection_matched_pct,data=indep;pmu_set=80 83 100;rating=1.2;scada=stale;scada_set=80 82 83 84 85 99 100;scenario=0;se_mode=every;window=0;write_mode=scan,41.0,,,
wu.independent_samples-ieee118-20261002t093928z-571593-bbafbe,wu.independent_samples,ieee118,search,,,bdd_detection_matched_pct,data=indep;pmu_set=80 83 100;rating=1.2;scada=stale;scada_set=80 82 83 84 85 99 100;scenario=0;se_mode=every;window=1;write_mode=scan,40.0,,,
wu.independent_samples-ieee118-20261002t093928z-571593-bbafbe,wu.independent_samples,ieee118,search,,,bdd_detection_matched_pct,data=indep;pmu_set=80 83 100;rating=1.2;scada=stale;scada_set=80 82 83 84 85 99 100;scenario=0;se_mode=scan;window=0;write_mode=scan,37.5,,,
wu.independent_samples-ieee118-20261002t093928z-571593-bbafbe,wu.independent_samples,ieee118,search,,,bdd_detection_matched_pct,data=indep;pmu_set=80 83 100;rating=1.2;scada=stale;scada_set=80 82 83 84 85 99 100;scenario=0;se_mode=scan;window=1;write_mode=scan,37.5,,,
wu.independent_samples-ieee118-20261002t093928z-571593-bbafbe,wu.independent_samples,ieee118,search,,,bdd_detection_pct,data=indep;pmu_set=80 83 100;rating=+0.10;scada=fresh;scada_set=80 82 83 84 85 99 100;scenario=0;se_mode=every;window=0;write_mode=full,3.5,,,
wu.independent_samples-ieee118-20261002t093928z-571593-bbafbe,wu.independent_samples,ieee118,search,,,bdd_detection_pct,data=indep;pmu_set=80 83 100;rating=+0.10;scada=fresh;scada_set=80 82 83 84 85 99 100;scenario=0;se_mode=every;window=1;write_mode=full,3.5,,,
wu.independent_samples-ieee118-20261002t093928z-571593-bbafbe,wu.independent_samples,ieee118,search,,,bdd_detection_pct,data=indep;pmu_set=80 83 100;rating=+0.10;scada=fresh;scada_set=80 82 83 84 85 99 100;scenario=0;se_mode=scan;window=0;write_mode=full,3.0,,,
wu.independent_samples-ieee118-20261002t093928z-571593-bbafbe,wu.independent_samples,ieee118,search,,,bdd_detection_pct,data=indep;pmu_set=80 83 100;rating=+0.10;scada=fresh;scada_set=80 82 83 84 85 99 100;scenario=0;se_mode=scan;window=1;write_mode=full,3.0,,,
wu.independent_samples-ieee118-20261002t093928z-571593-bbafbe,wu.independent_samples,ieee118,search,,,bdd_detection_pct,data=indep;pmu_set=80 83 100;rating=+0.10;scada=stale;scada_set=69 70 74 75 76 77 78 79 80 81 82 83 84 85 88 89 90 91 92 93 94 95 96 98 99 100 103 104 105 106 107 108 109 110 112 118;scenario=0;se_mode=every;window=1;write_mode=full,60.5,,,
wu.independent_samples-ieee118-20261002t093928z-571593-bbafbe,wu.independent_samples,ieee118,search,,,bdd_detection_pct,data=indep;pmu_set=80 83 100;rating=+0.10;scada=stale;scada_set=69 70 74 75 76 77 78 79 80 81 82 83 84 85 88 89 90 91 92 93 94 95 96 98 99 100 103 104 105 106 107 108 109 110 112 118;scenario=0;se_mode=scan;window=1;write_mode=full,0.0,,,
wu.independent_samples-ieee118-20261002t093928z-571593-bbafbe,wu.independent_samples,ieee118,search,,,bdd_detection_pct,data=indep;pmu_set=80 83 100;rating=+0.10;scada=stale;scada_set=69 70 74 75 76 77 78 79 80 81 82 83 84 85 88 89 90 91 92 93 94 95 96 98 99 100 103 104 105 107 108 109 110 112 118;scenario=0;se_mode=every;window=0;write_mode=full,71.0,,,
wu.independent_samples-ieee118-20261002t093928z-571593-bbafbe,wu.independent_samples,ieee118,search,,,bdd_detection_pct,data=indep;pmu_set=80 83 100;rating=+0.10;scada=stale;scada_set=69 70 74 75 76 77 78 79 80 81 82 83 84 85 88 89 90 91 92 93 94 95 96 98 99 100 103 104 105 107 108 109 110 112 118;scenario=0;se_mode=scan;window=0;write_mode=full,0.0,,,
wu.independent_samples-ieee118-20261002t093928z-571593-bbafbe,wu.independent_samples,ieee118,search,,,bdd_detection_pct,data=indep;pmu_set=80 83 100;rating=+0.10;scada=stale;scada_set=80 82 83 84 85 99 100;scenario=0;se_mode=every;window=0;write_mode=scan,65.0,,,
wu.independent_samples-ieee118-20261002t093928z-571593-bbafbe,wu.independent_samples,ieee118,search,,,bdd_detection_pct,data=indep;pmu_set=80 83 100;rating=+0.10;scada=stale;scada_set=80 82 83 84 85 99 100;scenario=0;se_mode=every;window=1;write_mode=scan,62.5,,,
wu.independent_samples-ieee118-20261002t093928z-571593-bbafbe,wu.independent_samples,ieee118,search,,,bdd_detection_pct,data=indep;pmu_set=80 83 100;rating=+0.10;scada=stale;scada_set=80 82 83 84 85 99 100;scenario=0;se_mode=scan;window=0;write_mode=scan,7.5,,,
wu.independent_samples-ieee118-20261002t093928z-571593-bbafbe,wu.independent_samples,ieee118,search,,,bdd_detection_pct,data=indep;pmu_set=80 83 100;rating=+0.10;scada=stale;scada_set=80 82 83 84 85 99 100;scenario=0;se_mode=scan;window=1;write_mode=scan,7.5,,,
wu.independent_samples-ieee118-20261002t093928z-571593-bbafbe,wu.independent_samples,ieee118,search,,,bdd_detection_pct,data=indep;pmu_set=80 83 100;rating=1.2;scada=fresh;scada_set=80 82 83 84 85 99 100;scenario=0;se_mode=every;window=0;write_mode=full,3.5,,,
wu.independent_samples-ieee118-20261002t093928z-571593-bbafbe,wu.independent_samples,ieee118,search,,,bdd_detection_pct,data=indep;pmu_set=80 83 100;rating=1.2;scada=fresh;scada_set=80 82 83 84 85 99 100;scenario=0;se_mode=every;window=1;write_mode=full,3.5,,,
wu.independent_samples-ieee118-20261002t093928z-571593-bbafbe,wu.independent_samples,ieee118,search,,,bdd_detection_pct,data=indep;pmu_set=80 83 100;rating=1.2;scada=fresh;scada_set=80 82 83 84 85 99 100;scenario=0;se_mode=scan;window=0;write_mode=full,3.0,,,
wu.independent_samples-ieee118-20261002t093928z-571593-bbafbe,wu.independent_samples,ieee118,search,,,bdd_detection_pct,data=indep;pmu_set=80 83 100;rating=1.2;scada=fresh;scada_set=80 82 83 84 85 99 100;scenario=0;se_mode=scan;window=1;write_mode=full,3.0,,,
wu.independent_samples-ieee118-20261002t093928z-571593-bbafbe,wu.independent_samples,ieee118,search,,,bdd_detection_pct,data=indep;pmu_set=80 83 100;rating=1.2;scada=stale;scada_set=69 70 74 75 76 77 78 79 80 81 82 83 84 85 88 89 90 91 92 93 94 95 96 98 99 100 103 104 105 106 107 108 109 110 112 118;scenario=0;se_mode=every;window=1;write_mode=full,60.5,,,
wu.independent_samples-ieee118-20261002t093928z-571593-bbafbe,wu.independent_samples,ieee118,search,,,bdd_detection_pct,data=indep;pmu_set=80 83 100;rating=1.2;scada=stale;scada_set=69 70 74 75 76 77 78 79 80 81 82 83 84 85 88 89 90 91 92 93 94 95 96 98 99 100 103 104 105 106 107 108 109 110 112 118;scenario=0;se_mode=scan;window=1;write_mode=full,0.0,,,
wu.independent_samples-ieee118-20261002t093928z-571593-bbafbe,wu.independent_samples,ieee118,search,,,bdd_detection_pct,data=indep;pmu_set=80 83 100;rating=1.2;scada=stale;scada_set=69 70 74 75 76 77 78 79 80 81 82 83 84 85 88 89 90 91 92 93 94 95 96 98 99 100 103 104 105 107 108 109 110 112 118;scenario=0;se_mode=every;window=0;write_mode=full,71.0,,,
wu.independent_samples-ieee118-20261002t093928z-571593-bbafbe,wu.independent_samples,ieee118,search,,,bdd_detection_pct,data=indep;pmu_set=80 83 100;rating=1.2;scada=stale;scada_set=69 70 74 75 76 77 78 79 80 81 82 83 84 85 88 89 90 91 92 93 94 95 96 98 99 100 103 104 105 107 108 109 110 112 118;scenario=0;se_mode=scan;window=0;write_mode=full,0.0,,,
wu.independent_samples-ieee118-20261002t093928z-571593-bbafbe,wu.independent_samples,ieee118,search,,,bdd_detection_pct,data=indep;pmu_set=80 83 100;rating=1.2;scada=stale;scada_set=80 82 83 84 85 99 100;scenario=0;se_mode=every;window=0;write_mode=scan,66.0,,,
wu.independent_samples-ieee118-20261002t093928z-571593-bbafbe,wu.independent_samples,ieee118,search,,,bdd_detection_pct,data=indep;pmu_set=80 83 100;rating=1.2;scada=stale;scada_set=80 82 83 84 85 99 100;scenario=0;se_mode=every;window=1;write_mode=scan,67.5,,,
wu.independent_samples-ieee118-20261002t093928z-571593-bbafbe,wu.independent_samples,ieee118,search,,,bdd_detection_pct,data=indep;pmu_set=80 83 100;rating=1.2;scada=stale;scada_set=80 82 83 84 85 99 100;scenario=0;se_mode=scan;window=0;write_mode=scan,7.5,,,
wu.independent_samples-ieee118-20261002t093928z-571593-bbafbe,wu.independent_samples,ieee118,search,,,bdd_detection_pct,data=indep;pmu_set=80 83 100;rating=1.2;scada=stale;scada_set=80 82 83 84 85 99 100;scenario=0;se_mode=scan;window=1;write_mode=scan,7.5,,,
wu.independent_samples-ieee118-20261002t093928z-571593-bbafbe,wu.independent_samples,ieee118,search,,,bdd_false_alarm_pct,data=indep;pmu_set=80 83 100;rating=+0.10;scada=fresh;scada_set=80 82 83 84 85 99 100;scenario=0;se_mode=every;window=0;write_mode=full,3.5,,,
wu.independent_samples-ieee118-20261002t093928z-571593-bbafbe,wu.independent_samples,ieee118,search,,,bdd_false_alarm_pct,data=indep;pmu_set=80 83 100;rating=+0.10;scada=fresh;scada_set=80 82 83 84 85 99 100;scenario=0;se_mode=every;window=1;write_mode=full,3.5,,,
wu.independent_samples-ieee118-20261002t093928z-571593-bbafbe,wu.independent_samples,ieee118,search,,,bdd_false_alarm_pct,data=indep;pmu_set=80 83 100;rating=+0.10;scada=fresh;scada_set=80 82 83 84 85 99 100;scenario=0;se_mode=scan;window=0;write_mode=full,3.0,,,
wu.independent_samples-ieee118-20261002t093928z-571593-bbafbe,wu.independent_samples,ieee118,search,,,bdd_false_alarm_pct,data=indep;pmu_set=80 83 100;rating=+0.10;scada=fresh;scada_set=80 82 83 84 85 99 100;scenario=0;se_mode=scan;window=1;write_mode=full,3.0,,,
wu.independent_samples-ieee118-20261002t093928z-571593-bbafbe,wu.independent_samples,ieee118,search,,,bdd_false_alarm_pct,data=indep;pmu_set=80 83 100;rating=+0.10;scada=stale;scada_set=69 70 74 75 76 77 78 79 80 81 82 83 84 85 88 89 90 91 92 93 94 95 96 98 99 100 103 104 105 106 107 108 109 110 112 118;scenario=0;se_mode=every;window=1;write_mode=full,50.0,,,
wu.independent_samples-ieee118-20261002t093928z-571593-bbafbe,wu.independent_samples,ieee118,search,,,bdd_false_alarm_pct,data=indep;pmu_set=80 83 100;rating=+0.10;scada=stale;scada_set=69 70 74 75 76 77 78 79 80 81 82 83 84 85 88 89 90 91 92 93 94 95 96 98 99 100 103 104 105 106 107 108 109 110 112 118;scenario=0;se_mode=scan;window=1;write_mode=full,0.0,,,
wu.independent_samples-ieee118-20261002t093928z-571593-bbafbe,wu.independent_samples,ieee118,search,,,bdd_false_alarm_pct,data=indep;pmu_set=80 83 100;rating=+0.10;scada=stale;scada_set=69 70 74 75 76 77 78 79 80 81 82 83 84 85 88 89 90 91 92 93 94 95 96 98 99 100 103 104 105 107 108 109 110 112 118;scenario=0;se_mode=every;window=0;write_mode=full,62.5,,,
wu.independent_samples-ieee118-20261002t093928z-571593-bbafbe,wu.independent_samples,ieee118,search,,,bdd_false_alarm_pct,data=indep;pmu_set=80 83 100;rating=+0.10;scada=stale;scada_set=69 70 74 75 76 77 78 79 80 81 82 83 84 85 88 89 90 91 92 93 94 95 96 98 99 100 103 104 105 107 108 109 110 112 118;scenario=0;se_mode=scan;window=0;write_mode=full,0.0,,,
wu.independent_samples-ieee118-20261002t093928z-571593-bbafbe,wu.independent_samples,ieee118,search,,,bdd_false_alarm_pct,data=indep;pmu_set=80 83 100;rating=+0.10;scada=stale;scada_set=80 82 83 84 85 99 100;scenario=0;se_mode=every;window=0;write_mode=scan,62.5,,,
wu.independent_samples-ieee118-20261002t093928z-571593-bbafbe,wu.independent_samples,ieee118,search,,,bdd_false_alarm_pct,data=indep;pmu_set=80 83 100;rating=+0.10;scada=stale;scada_set=80 82 83 84 85 99 100;scenario=0;se_mode=every;window=1;write_mode=scan,55.5,,,
wu.independent_samples-ieee118-20261002t093928z-571593-bbafbe,wu.independent_samples,ieee118,search,,,bdd_false_alarm_pct,data=indep;pmu_set=80 83 100;rating=+0.10;scada=stale;scada_set=80 82 83 84 85 99 100;scenario=0;se_mode=scan;window=0;write_mode=scan,7.5,,,
wu.independent_samples-ieee118-20261002t093928z-571593-bbafbe,wu.independent_samples,ieee118,search,,,bdd_false_alarm_pct,data=indep;pmu_set=80 83 100;rating=+0.10;scada=stale;scada_set=80 82 83 84 85 99 100;scenario=0;se_mode=scan;window=1;write_mode=scan,7.5,,,
wu.independent_samples-ieee118-20261002t093928z-571593-bbafbe,wu.independent_samples,ieee118,search,,,bdd_false_alarm_pct,data=indep;pmu_set=80 83 100;rating=1.2;scada=fresh;scada_set=80 82 83 84 85 99 100;scenario=0;se_mode=every;window=0;write_mode=full,3.5,,,
wu.independent_samples-ieee118-20261002t093928z-571593-bbafbe,wu.independent_samples,ieee118,search,,,bdd_false_alarm_pct,data=indep;pmu_set=80 83 100;rating=1.2;scada=fresh;scada_set=80 82 83 84 85 99 100;scenario=0;se_mode=every;window=1;write_mode=full,3.5,,,
wu.independent_samples-ieee118-20261002t093928z-571593-bbafbe,wu.independent_samples,ieee118,search,,,bdd_false_alarm_pct,data=indep;pmu_set=80 83 100;rating=1.2;scada=fresh;scada_set=80 82 83 84 85 99 100;scenario=0;se_mode=scan;window=0;write_mode=full,3.0,,,
wu.independent_samples-ieee118-20261002t093928z-571593-bbafbe,wu.independent_samples,ieee118,search,,,bdd_false_alarm_pct,data=indep;pmu_set=80 83 100;rating=1.2;scada=fresh;scada_set=80 82 83 84 85 99 100;scenario=0;se_mode=scan;window=1;write_mode=full,3.0,,,
wu.independent_samples-ieee118-20261002t093928z-571593-bbafbe,wu.independent_samples,ieee118,search,,,bdd_false_alarm_pct,data=indep;pmu_set=80 83 100;rating=1.2;scada=stale;scada_set=69 70 74 75 76 77 78 79 80 81 82 83 84 85 88 89 90 91 92 93 94 95 96 98 99 100 103 104 105 106 107 108 109 110 112 118;scenario=0;se_mode=every;window=1;write_mode=full,50.0,,,
wu.independent_samples-ieee118-20261002t093928z-571593-bbafbe,wu.independent_samples,ieee118,search,,,bdd_false_alarm_pct,data=indep;pmu_set=80 83 100;rating=1.2;scada=stale;scada_set=69 70 74 75 76 77 78 79 80 81 82 83 84 85 88 89 90 91 92 93 94 95 96 98 99 100 103 104 105 106 107 108 109 110 112 118;scenario=0;se_mode=scan;window=1;write_mode=full,0.0,,,
wu.independent_samples-ieee118-20261002t093928z-571593-bbafbe,wu.independent_samples,ieee118,search,,,bdd_false_alarm_pct,data=indep;pmu_set=80 83 100;rating=1.2;scada=stale;scada_set=69 70 74 75 76 77 78 79 80 81 82 83 84 85 88 89 90 91 92 93 94 95 96 98 99 100 103 104 105 107 108 109 110 112 118;scenario=0;se_mode=every;window=0;write_mode=full,62.5,,,
wu.independent_samples-ieee118-20261002t093928z-571593-bbafbe,wu.independent_samples,ieee118,search,,,bdd_false_alarm_pct,data=indep;pmu_set=80 83 100;rating=1.2;scada=stale;scada_set=69 70 74 75 76 77 78 79 80 81 82 83 84 85 88 89 90 91 92 93 94 95 96 98 99 100 103 104 105 107 108 109 110 112 118;scenario=0;se_mode=scan;window=0;write_mode=full,0.0,,,
wu.independent_samples-ieee118-20261002t093928z-571593-bbafbe,wu.independent_samples,ieee118,search,,,bdd_false_alarm_pct,data=indep;pmu_set=80 83 100;rating=1.2;scada=stale;scada_set=80 82 83 84 85 99 100;scenario=0;se_mode=every;window=0;write_mode=scan,62.5,,,
wu.independent_samples-ieee118-20261002t093928z-571593-bbafbe,wu.independent_samples,ieee118,search,,,bdd_false_alarm_pct,data=indep;pmu_set=80 83 100;rating=1.2;scada=stale;scada_set=80 82 83 84 85 99 100;scenario=0;se_mode=every;window=1;write_mode=scan,55.5,,,
wu.independent_samples-ieee118-20261002t093928z-571593-bbafbe,wu.independent_samples,ieee118,search,,,bdd_false_alarm_pct,data=indep;pmu_set=80 83 100;rating=1.2;scada=stale;scada_set=80 82 83 84 85 99 100;scenario=0;se_mode=scan;window=0;write_mode=scan,7.5,,,
wu.independent_samples-ieee118-20261002t093928z-571593-bbafbe,wu.independent_samples,ieee118,search,,,bdd_false_alarm_pct,data=indep;pmu_set=80 83 100;rating=1.2;scada=stale;scada_set=80 82 83 84 85 99 100;scenario=0;se_mode=scan;window=1;write_mode=scan,7.5,,,
wu.independent_samples-ieee118-20261002t093928z-571593-bbafbe,wu.independent_samples,ieee118,search,,,channels,data=indep;pmu_set=80 83 100;rating=+0.10;scada=fresh;scada_set=80 82 83 84 85 99 100;scenario=0;se_mode=every;window=0;write_mode=full,25.0,,,
wu.independent_samples-ieee118-20261002t093928z-571593-bbafbe,wu.independent_samples,ieee118,search,,,channels,data=indep;pmu_set=80 83 100;rating=+0.10;scada=fresh;scada_set=80 82 83 84 85 99 100;scenario=0;se_mode=every;window=1;write_mode=full,25.0,,,
wu.independent_samples-ieee118-20261002t093928z-571593-bbafbe,wu.independent_samples,ieee118,search,,,channels,data=indep;pmu_set=80 83 100;rating=+0.10;scada=fresh;scada_set=80 82 83 84 85 99 100;scenario=0;se_mode=scan;window=0;write_mode=full,25.0,,,
wu.independent_samples-ieee118-20261002t093928z-571593-bbafbe,wu.independent_samples,ieee118,search,,,channels,data=indep;pmu_set=80 83 100;rating=+0.10;scada=fresh;scada_set=80 82 83 84 85 99 100;scenario=0;se_mode=scan;window=1;write_mode=full,25.0,,,
wu.independent_samples-ieee118-20261002t093928z-571593-bbafbe,wu.independent_samples,ieee118,search,,,channels,data=indep;pmu_set=80 83 100;rating=+0.10;scada=stale;scada_set=69 70 74 75 76 77 78 79 80 81 82 83 84 85 88 89 90 91 92 93 94 95 96 98 99 100 103 104 105 106 107 108 109 110 112 118;scenario=0;se_mode=every;window=1;write_mode=full,130.0,,,
wu.independent_samples-ieee118-20261002t093928z-571593-bbafbe,wu.independent_samples,ieee118,search,,,channels,data=indep;pmu_set=80 83 100;rating=+0.10;scada=stale;scada_set=69 70 74 75 76 77 78 79 80 81 82 83 84 85 88 89 90 91 92 93 94 95 96 98 99 100 103 104 105 106 107 108 109 110 112 118;scenario=0;se_mode=scan;window=1;write_mode=full,130.0,,,
wu.independent_samples-ieee118-20261002t093928z-571593-bbafbe,wu.independent_samples,ieee118,search,,,channels,data=indep;pmu_set=80 83 100;rating=+0.10;scada=stale;scada_set=69 70 74 75 76 77 78 79 80 81 82 83 84 85 88 89 90 91 92 93 94 95 96 98 99 100 103 104 105 107 108 109 110 112 118;scenario=0;se_mode=every;window=0;write_mode=full,119.0,,,
wu.independent_samples-ieee118-20261002t093928z-571593-bbafbe,wu.independent_samples,ieee118,search,,,channels,data=indep;pmu_set=80 83 100;rating=+0.10;scada=stale;scada_set=69 70 74 75 76 77 78 79 80 81 82 83 84 85 88 89 90 91 92 93 94 95 96 98 99 100 103 104 105 107 108 109 110 112 118;scenario=0;se_mode=scan;window=0;write_mode=full,119.0,,,
wu.independent_samples-ieee118-20261002t093928z-571593-bbafbe,wu.independent_samples,ieee118,search,,,channels,data=indep;pmu_set=80 83 100;rating=+0.10;scada=stale;scada_set=80 82 83 84 85 99 100;scenario=0;se_mode=every;window=0;write_mode=scan,24.0,,,
wu.independent_samples-ieee118-20261002t093928z-571593-bbafbe,wu.independent_samples,ieee118,search,,,channels,data=indep;pmu_set=80 83 100;rating=+0.10;scada=stale;scada_set=80 82 83 84 85 99 100;scenario=0;se_mode=every;window=1;write_mode=scan,24.0,,,
wu.independent_samples-ieee118-20261002t093928z-571593-bbafbe,wu.independent_samples,ieee118,search,,,channels,data=indep;pmu_set=80 83 100;rating=+0.10;scada=stale;scada_set=80 82 83 84 85 99 100;scenario=0;se_mode=scan;window=0;write_mode=scan,24.0,,,
wu.independent_samples-ieee118-20261002t093928z-571593-bbafbe,wu.independent_samples,ieee118,search,,,channels,data=indep;pmu_set=80 83 100;rating=+0.10;scada=stale;scada_set=80 82 83 84 85 99 100;scenario=0;se_mode=scan;window=1;write_mode=scan,24.0,,,
wu.independent_samples-ieee118-20261002t093928z-571593-bbafbe,wu.independent_samples,ieee118,search,,,channels,data=indep;pmu_set=80 83 100;rating=1.2;scada=fresh;scada_set=80 82 83 84 85 99 100;scenario=0;se_mode=every;window=0;write_mode=full,27.0,,,
wu.independent_samples-ieee118-20261002t093928z-571593-bbafbe,wu.independent_samples,ieee118,search,,,channels,data=indep;pmu_set=80 83 100;rating=1.2;scada=fresh;scada_set=80 82 83 84 85 99 100;scenario=0;se_mode=every;window=1;write_mode=full,28.0,,,
wu.independent_samples-ieee118-20261002t093928z-571593-bbafbe,wu.independent_samples,ieee118,search,,,channels,data=indep;pmu_set=80 83 100;rating=1.2;scada=fresh;scada_set=80 82 83 84 85 99 100;scenario=0;se_mode=scan;window=0;write_mode=full,27.0,,,
wu.independent_samples-ieee118-20261002t093928z-571593-bbafbe,wu.independent_samples,ieee118,search,,,channels,data=indep;pmu_set=80 83 100;rating=1.2;scada=fresh;scada_set=80 82 83 84 85 99 100;scenario=0;se_mode=scan;window=1;write_mode=full,28.0,,,
wu.independent_samples-ieee118-20261002t093928z-571593-bbafbe,wu.independent_samples,ieee118,search,,,channels,data=indep;pmu_set=80 83 100;rating=1.2;scada=stale;scada_set=69 70 74 75 76 77 78 79 80 81 82 83 84 85 88 89 90 91 92 93 94 95 96 98 99 100 103 104 105 106 107 108 109 110 112 118;scenario=0;se_mode=every;window=1;write_mode=full,131.0,,,
wu.independent_samples-ieee118-20261002t093928z-571593-bbafbe,wu.independent_samples,ieee118,search,,,channels,data=indep;pmu_set=80 83 100;rating=1.2;scada=stale;scada_set=69 70 74 75 76 77 78 79 80 81 82 83 84 85 88 89 90 91 92 93 94 95 96 98 99 100 103 104 105 106 107 108 109 110 112 118;scenario=0;se_mode=scan;window=1;write_mode=full,131.0,,,
wu.independent_samples-ieee118-20261002t093928z-571593-bbafbe,wu.independent_samples,ieee118,search,,,channels,data=indep;pmu_set=80 83 100;rating=1.2;scada=stale;scada_set=69 70 74 75 76 77 78 79 80 81 82 83 84 85 88 89 90 91 92 93 94 95 96 98 99 100 103 104 105 107 108 109 110 112 118;scenario=0;se_mode=every;window=0;write_mode=full,119.0,,,
wu.independent_samples-ieee118-20261002t093928z-571593-bbafbe,wu.independent_samples,ieee118,search,,,channels,data=indep;pmu_set=80 83 100;rating=1.2;scada=stale;scada_set=69 70 74 75 76 77 78 79 80 81 82 83 84 85 88 89 90 91 92 93 94 95 96 98 99 100 103 104 105 107 108 109 110 112 118;scenario=0;se_mode=scan;window=0;write_mode=full,119.0,,,
wu.independent_samples-ieee118-20261002t093928z-571593-bbafbe,wu.independent_samples,ieee118,search,,,channels,data=indep;pmu_set=80 83 100;rating=1.2;scada=stale;scada_set=80 82 83 84 85 99 100;scenario=0;se_mode=every;window=0;write_mode=scan,25.0,,,
wu.independent_samples-ieee118-20261002t093928z-571593-bbafbe,wu.independent_samples,ieee118,search,,,channels,data=indep;pmu_set=80 83 100;rating=1.2;scada=stale;scada_set=80 82 83 84 85 99 100;scenario=0;se_mode=every;window=1;write_mode=scan,26.0,,,
wu.independent_samples-ieee118-20261002t093928z-571593-bbafbe,wu.independent_samples,ieee118,search,,,channels,data=indep;pmu_set=80 83 100;rating=1.2;scada=stale;scada_set=80 82 83 84 85 99 100;scenario=0;se_mode=scan;window=0;write_mode=scan,25.0,,,
wu.independent_samples-ieee118-20261002t093928z-571593-bbafbe,wu.independent_samples,ieee118,search,,,channels,data=indep;pmu_set=80 83 100;rating=1.2;scada=stale;scada_set=80 82 83 84 85 99 100;scenario=0;se_mode=scan;window=1;write_mode=scan,26.0,,,
wu.independent_samples-ieee118-20261002t093928z-571593-bbafbe,wu.independent_samples,ieee118,search,,,devices,data=indep;pmu_set=80 83 100;rating=+0.10;scada=fresh;scada_set=80 82 83 84 85 99 100;scenario=0;se_mode=every;window=0;write_mode=full,10.0,,,
wu.independent_samples-ieee118-20261002t093928z-571593-bbafbe,wu.independent_samples,ieee118,search,,,devices,data=indep;pmu_set=80 83 100;rating=+0.10;scada=fresh;scada_set=80 82 83 84 85 99 100;scenario=0;se_mode=every;window=1;write_mode=full,10.0,,,
wu.independent_samples-ieee118-20261002t093928z-571593-bbafbe,wu.independent_samples,ieee118,search,,,devices,data=indep;pmu_set=80 83 100;rating=+0.10;scada=fresh;scada_set=80 82 83 84 85 99 100;scenario=0;se_mode=scan;window=0;write_mode=full,10.0,,,
wu.independent_samples-ieee118-20261002t093928z-571593-bbafbe,wu.independent_samples,ieee118,search,,,devices,data=indep;pmu_set=80 83 100;rating=+0.10;scada=fresh;scada_set=80 82 83 84 85 99 100;scenario=0;se_mode=scan;window=1;write_mode=full,10.0,,,
wu.independent_samples-ieee118-20261002t093928z-571593-bbafbe,wu.independent_samples,ieee118,search,,,devices,data=indep;pmu_set=80 83 100;rating=+0.10;scada=stale;scada_set=69 70 74 75 76 77 78 79 80 81 82 83 84 85 88 89 90 91 92 93 94 95 96 98 99 100 103 104 105 106 107 108 109 110 112 118;scenario=0;se_mode=every;window=1;write_mode=full,39.0,,,
wu.independent_samples-ieee118-20261002t093928z-571593-bbafbe,wu.independent_samples,ieee118,search,,,devices,data=indep;pmu_set=80 83 100;rating=+0.10;scada=stale;scada_set=69 70 74 75 76 77 78 79 80 81 82 83 84 85 88 89 90 91 92 93 94 95 96 98 99 100 103 104 105 106 107 108 109 110 112 118;scenario=0;se_mode=scan;window=1;write_mode=full,39.0,,,
wu.independent_samples-ieee118-20261002t093928z-571593-bbafbe,wu.independent_samples,ieee118,search,,,devices,data=indep;pmu_set=80 83 100;rating=+0.10;scada=stale;scada_set=69 70 74 75 76 77 78 79 80 81 82 83 84 85 88 89 90 91 92 93 94 95 96 98 99 100 103 104 105 107 108 109 110 112 118;scenario=0;se_mode=every;window=0;write_mode=full,38.0,,,
wu.independent_samples-ieee118-20261002t093928z-571593-bbafbe,wu.independent_samples,ieee118,search,,,devices,data=indep;pmu_set=80 83 100;rating=+0.10;scada=stale;scada_set=69 70 74 75 76 77 78 79 80 81 82 83 84 85 88 89 90 91 92 93 94 95 96 98 99 100 103 104 105 107 108 109 110 112 118;scenario=0;se_mode=scan;window=0;write_mode=full,38.0,,,
wu.independent_samples-ieee118-20261002t093928z-571593-bbafbe,wu.independent_samples,ieee118,search,,,devices,data=indep;pmu_set=80 83 100;rating=+0.10;scada=stale;scada_set=80 82 83 84 85 99 100;scenario=0;se_mode=every;window=0;write_mode=scan,10.0,,,
wu.independent_samples-ieee118-20261002t093928z-571593-bbafbe,wu.independent_samples,ieee118,search,,,devices,data=indep;pmu_set=80 83 100;rating=+0.10;scada=stale;scada_set=80 82 83 84 85 99 100;scenario=0;se_mode=every;window=1;write_mode=scan,10.0,,,
wu.independent_samples-ieee118-20261002t093928z-571593-bbafbe,wu.independent_samples,ieee118,search,,,devices,data=indep;pmu_set=80 83 100;rating=+0.10;scada=stale;scada_set=80 82 83 84 85 99 100;scenario=0;se_mode=scan;window=0;write_mode=scan,10.0,,,
wu.independent_samples-ieee118-20261002t093928z-571593-bbafbe,wu.independent_samples,ieee118,search,,,devices,data=indep;pmu_set=80 83 100;rating=+0.10;scada=stale;scada_set=80 82 83 84 85 99 100;scenario=0;se_mode=scan;window=1;write_mode=scan,10.0,,,
wu.independent_samples-ieee118-20261002t093928z-571593-bbafbe,wu.independent_samples,ieee118,search,,,devices,data=indep;pmu_set=80 83 100;rating=1.2;scada=fresh;scada_set=80 82 83 84 85 99 100;scenario=0;se_mode=every;window=0;write_mode=full,10.0,,,
wu.independent_samples-ieee118-20261002t093928z-571593-bbafbe,wu.independent_samples,ieee118,search,,,devices,data=indep;pmu_set=80 83 100;rating=1.2;scada=fresh;scada_set=80 82 83 84 85 99 100;scenario=0;se_mode=every;window=1;write_mode=full,10.0,,,
wu.independent_samples-ieee118-20261002t093928z-571593-bbafbe,wu.independent_samples,ieee118,search,,,devices,data=indep;pmu_set=80 83 100;rating=1.2;scada=fresh;scada_set=80 82 83 84 85 99 100;scenario=0;se_mode=scan;window=0;write_mode=full,10.0,,,
wu.independent_samples-ieee118-20261002t093928z-571593-bbafbe,wu.independent_samples,ieee118,search,,,devices,data=indep;pmu_set=80 83 100;rating=1.2;scada=fresh;scada_set=80 82 83 84 85 99 100;scenario=0;se_mode=scan;window=1;write_mode=full,10.0,,,
wu.independent_samples-ieee118-20261002t093928z-571593-bbafbe,wu.independent_samples,ieee118,search,,,devices,data=indep;pmu_set=80 83 100;rating=1.2;scada=stale;scada_set=69 70 74 75 76 77 78 79 80 81 82 83 84 85 88 89 90 91 92 93 94 95 96 98 99 100 103 104 105 106 107 108 109 110 112 118;scenario=0;se_mode=every;window=1;write_mode=full,39.0,,,
wu.independent_samples-ieee118-20261002t093928z-571593-bbafbe,wu.independent_samples,ieee118,search,,,devices,data=indep;pmu_set=80 83 100;rating=1.2;scada=stale;scada_set=69 70 74 75 76 77 78 79 80 81 82 83 84 85 88 89 90 91 92 93 94 95 96 98 99 100 103 104 105 106 107 108 109 110 112 118;scenario=0;se_mode=scan;window=1;write_mode=full,39.0,,,
wu.independent_samples-ieee118-20261002t093928z-571593-bbafbe,wu.independent_samples,ieee118,search,,,devices,data=indep;pmu_set=80 83 100;rating=1.2;scada=stale;scada_set=69 70 74 75 76 77 78 79 80 81 82 83 84 85 88 89 90 91 92 93 94 95 96 98 99 100 103 104 105 107 108 109 110 112 118;scenario=0;se_mode=every;window=0;write_mode=full,38.0,,,
wu.independent_samples-ieee118-20261002t093928z-571593-bbafbe,wu.independent_samples,ieee118,search,,,devices,data=indep;pmu_set=80 83 100;rating=1.2;scada=stale;scada_set=69 70 74 75 76 77 78 79 80 81 82 83 84 85 88 89 90 91 92 93 94 95 96 98 99 100 103 104 105 107 108 109 110 112 118;scenario=0;se_mode=scan;window=0;write_mode=full,38.0,,,
wu.independent_samples-ieee118-20261002t093928z-571593-bbafbe,wu.independent_samples,ieee118,search,,,devices,data=indep;pmu_set=80 83 100;rating=1.2;scada=stale;scada_set=80 82 83 84 85 99 100;scenario=0;se_mode=every;window=0;write_mode=scan,10.0,,,
wu.independent_samples-ieee118-20261002t093928z-571593-bbafbe,wu.independent_samples,ieee118,search,,,devices,data=indep;pmu_set=80 83 100;rating=1.2;scada=stale;scada_set=80 82 83 84 85 99 100;scenario=0;se_mode=every;window=1;write_mode=scan,10.0,,,
wu.independent_samples-ieee118-20261002t093928z-571593-bbafbe,wu.independent_samples,ieee118,search,,,devices,data=indep;pmu_set=80 83 100;rating=1.2;scada=stale;scada_set=80 82 83 84 85 99 100;scenario=0;se_mode=scan;window=0;write_mode=scan,10.0,,,
wu.independent_samples-ieee118-20261002t093928z-571593-bbafbe,wu.independent_samples,ieee118,search,,,devices,data=indep;pmu_set=80 83 100;rating=1.2;scada=stale;scada_set=80 82 83 84 85 99 100;scenario=0;se_mode=scan;window=1;write_mode=scan,10.0,,,
wu.independent_samples-ieee118-20261002t093928z-571593-bbafbe,wu.independent_samples,ieee118,search,,,jaccard_pmu,data=indep;pmu_set=80 83 100;rating=+0.10;scada=fresh;scada_set=80 82 83 84 85 99 100;scenario=0;se_mode=every;window=0;write_mode=full,0.286,,,
wu.independent_samples-ieee118-20261002t093928z-571593-bbafbe,wu.independent_samples,ieee118,search,,,jaccard_pmu,data=indep;pmu_set=80 83 100;rating=+0.10;scada=fresh;scada_set=80 82 83 84 85 99 100;scenario=0;se_mode=every;window=1;write_mode=full,0.286,,,
wu.independent_samples-ieee118-20261002t093928z-571593-bbafbe,wu.independent_samples,ieee118,search,,,jaccard_pmu,data=indep;pmu_set=80 83 100;rating=+0.10;scada=fresh;scada_set=80 82 83 84 85 99 100;scenario=0;se_mode=scan;window=0;write_mode=full,0.286,,,
wu.independent_samples-ieee118-20261002t093928z-571593-bbafbe,wu.independent_samples,ieee118,search,,,jaccard_pmu,data=indep;pmu_set=80 83 100;rating=+0.10;scada=fresh;scada_set=80 82 83 84 85 99 100;scenario=0;se_mode=scan;window=1;write_mode=full,0.286,,,
wu.independent_samples-ieee118-20261002t093928z-571593-bbafbe,wu.independent_samples,ieee118,search,,,jaccard_pmu,data=indep;pmu_set=80 83 100;rating=+0.10;scada=stale;scada_set=69 70 74 75 76 77 78 79 80 81 82 83 84 85 88 89 90 91 92 93 94 95 96 98 99 100 103 104 105 106 107 108 109 110 112 118;scenario=0;se_mode=every;window=1;write_mode=full,0.286,,,
wu.independent_samples-ieee118-20261002t093928z-571593-bbafbe,wu.independent_samples,ieee118,search,,,jaccard_pmu,data=indep;pmu_set=80 83 100;rating=+0.10;scada=stale;scada_set=69 70 74 75 76 77 78 79 80 81 82 83 84 85 88 89 90 91 92 93 94 95 96 98 99 100 103 104 105 106 107 108 109 110 112 118;scenario=0;se_mode=scan;window=1;write_mode=full,0.286,,,
wu.independent_samples-ieee118-20261002t093928z-571593-bbafbe,wu.independent_samples,ieee118,search,,,jaccard_pmu,data=indep;pmu_set=80 83 100;rating=+0.10;scada=stale;scada_set=69 70 74 75 76 77 78 79 80 81 82 83 84 85 88 89 90 91 92 93 94 95 96 98 99 100 103 104 105 107 108 109 110 112 118;scenario=0;se_mode=every;window=0;write_mode=full,0.286,,,
wu.independent_samples-ieee118-20261002t093928z-571593-bbafbe,wu.independent_samples,ieee118,search,,,jaccard_pmu,data=indep;pmu_set=80 83 100;rating=+0.10;scada=stale;scada_set=69 70 74 75 76 77 78 79 80 81 82 83 84 85 88 89 90 91 92 93 94 95 96 98 99 100 103 104 105 107 108 109 110 112 118;scenario=0;se_mode=scan;window=0;write_mode=full,0.286,,,
wu.independent_samples-ieee118-20261002t093928z-571593-bbafbe,wu.independent_samples,ieee118,search,,,jaccard_pmu,data=indep;pmu_set=80 83 100;rating=+0.10;scada=stale;scada_set=80 82 83 84 85 99 100;scenario=0;se_mode=every;window=0;write_mode=scan,0.286,,,
wu.independent_samples-ieee118-20261002t093928z-571593-bbafbe,wu.independent_samples,ieee118,search,,,jaccard_pmu,data=indep;pmu_set=80 83 100;rating=+0.10;scada=stale;scada_set=80 82 83 84 85 99 100;scenario=0;se_mode=every;window=1;write_mode=scan,0.286,,,
wu.independent_samples-ieee118-20261002t093928z-571593-bbafbe,wu.independent_samples,ieee118,search,,,jaccard_pmu,data=indep;pmu_set=80 83 100;rating=+0.10;scada=stale;scada_set=80 82 83 84 85 99 100;scenario=0;se_mode=scan;window=0;write_mode=scan,0.286,,,
wu.independent_samples-ieee118-20261002t093928z-571593-bbafbe,wu.independent_samples,ieee118,search,,,jaccard_pmu,data=indep;pmu_set=80 83 100;rating=+0.10;scada=stale;scada_set=80 82 83 84 85 99 100;scenario=0;se_mode=scan;window=1;write_mode=scan,0.286,,,
wu.independent_samples-ieee118-20261002t093928z-571593-bbafbe,wu.independent_samples,ieee118,search,,,jaccard_pmu,data=indep;pmu_set=80 83 100;rating=1.2;scada=fresh;scada_set=80 82 83 84 85 99 100;scenario=0;se_mode=every;window=0;write_mode=full,0.286,,,
wu.independent_samples-ieee118-20261002t093928z-571593-bbafbe,wu.independent_samples,ieee118,search,,,jaccard_pmu,data=indep;pmu_set=80 83 100;rating=1.2;scada=fresh;scada_set=80 82 83 84 85 99 100;scenario=0;se_mode=every;window=1;write_mode=full,0.286,,,
wu.independent_samples-ieee118-20261002t093928z-571593-bbafbe,wu.independent_samples,ieee118,search,,,jaccard_pmu,data=indep;pmu_set=80 83 100;rating=1.2;scada=fresh;scada_set=80 82 83 84 85 99 100;scenario=0;se_mode=scan;window=0;write_mode=full,0.286,,,
wu.independent_samples-ieee118-20261002t093928z-571593-bbafbe,wu.independent_samples,ieee118,search,,,jaccard_pmu,data=indep;pmu_set=80 83 100;rating=1.2;scada=fresh;scada_set=80 82 83 84 85 99 100;scenario=0;se_mode=scan;window=1;write_mode=full,0.286,,,
wu.independent_samples-ieee118-20261002t093928z-571593-bbafbe,wu.independent_samples,ieee118,search,,,jaccard_pmu,data=indep;pmu_set=80 83 100;rating=1.2;scada=stale;scada_set=69 70 74 75 76 77 78 79 80 81 82 83 84 85 88 89 90 91 92 93 94 95 96 98 99 100 103 104 105 106 107 108 109 110 112 118;scenario=0;se_mode=every;window=1;write_mode=full,0.286,,,
wu.independent_samples-ieee118-20261002t093928z-571593-bbafbe,wu.independent_samples,ieee118,search,,,jaccard_pmu,data=indep;pmu_set=80 83 100;rating=1.2;scada=stale;scada_set=69 70 74 75 76 77 78 79 80 81 82 83 84 85 88 89 90 91 92 93 94 95 96 98 99 100 103 104 105 106 107 108 109 110 112 118;scenario=0;se_mode=scan;window=1;write_mode=full,0.286,,,
wu.independent_samples-ieee118-20261002t093928z-571593-bbafbe,wu.independent_samples,ieee118,search,,,jaccard_pmu,data=indep;pmu_set=80 83 100;rating=1.2;scada=stale;scada_set=69 70 74 75 76 77 78 79 80 81 82 83 84 85 88 89 90 91 92 93 94 95 96 98 99 100 103 104 105 107 108 109 110 112 118;scenario=0;se_mode=every;window=0;write_mode=full,0.286,,,
wu.independent_samples-ieee118-20261002t093928z-571593-bbafbe,wu.independent_samples,ieee118,search,,,jaccard_pmu,data=indep;pmu_set=80 83 100;rating=1.2;scada=stale;scada_set=69 70 74 75 76 77 78 79 80 81 82 83 84 85 88 89 90 91 92 93 94 95 96 98 99 100 103 104 105 107 108 109 110 112 118;scenario=0;se_mode=scan;window=0;write_mode=full,0.286,,,
wu.independent_samples-ieee118-20261002t093928z-571593-bbafbe,wu.independent_samples,ieee118,search,,,jaccard_pmu,data=indep;pmu_set=80 83 100;rating=1.2;scada=stale;scada_set=80 82 83 84 85 99 100;scenario=0;se_mode=every;window=0;write_mode=scan,0.286,,,
wu.independent_samples-ieee118-20261002t093928z-571593-bbafbe,wu.independent_samples,ieee118,search,,,jaccard_pmu,data=indep;pmu_set=80 83 100;rating=1.2;scada=stale;scada_set=80 82 83 84 85 99 100;scenario=0;se_mode=every;window=1;write_mode=scan,0.286,,,
wu.independent_samples-ieee118-20261002t093928z-571593-bbafbe,wu.independent_samples,ieee118,search,,,jaccard_pmu,data=indep;pmu_set=80 83 100;rating=1.2;scada=stale;scada_set=80 82 83 84 85 99 100;scenario=0;se_mode=scan;window=0;write_mode=scan,0.286,,,
wu.independent_samples-ieee118-20261002t093928z-571593-bbafbe,wu.independent_samples,ieee118,search,,,jaccard_pmu,data=indep;pmu_set=80 83 100;rating=1.2;scada=stale;scada_set=80 82 83 84 85 99 100;scenario=0;se_mode=scan;window=1;write_mode=scan,0.286,,,
wu.independent_samples-ieee118-20261002t093928z-571593-bbafbe,wu.independent_samples,ieee118,search,,,jaccard_scada,data=indep;pmu_set=80 83 100;rating=+0.10;scada=fresh;scada_set=80 82 83 84 85 99 100;scenario=0;se_mode=every;window=0;write_mode=full,0.333,,,
wu.independent_samples-ieee118-20261002t093928z-571593-bbafbe,wu.independent_samples,ieee118,search,,,jaccard_scada,data=indep;pmu_set=80 83 100;rating=+0.10;scada=fresh;scada_set=80 82 83 84 85 99 100;scenario=0;se_mode=every;window=1;write_mode=full,0.333,,,
wu.independent_samples-ieee118-20261002t093928z-571593-bbafbe,wu.independent_samples,ieee118,search,,,jaccard_scada,data=indep;pmu_set=80 83 100;rating=+0.10;scada=fresh;scada_set=80 82 83 84 85 99 100;scenario=0;se_mode=scan;window=0;write_mode=full,0.333,,,
wu.independent_samples-ieee118-20261002t093928z-571593-bbafbe,wu.independent_samples,ieee118,search,,,jaccard_scada,data=indep;pmu_set=80 83 100;rating=+0.10;scada=fresh;scada_set=80 82 83 84 85 99 100;scenario=0;se_mode=scan;window=1;write_mode=full,0.333,,,
wu.independent_samples-ieee118-20261002t093928z-571593-bbafbe,wu.independent_samples,ieee118,search,,,jaccard_scada,data=indep;pmu_set=80 83 100;rating=+0.10;scada=stale;scada_set=69 70 74 75 76 77 78 79 80 81 82 83 84 85 88 89 90 91 92 93 94 95 96 98 99 100 103 104 105 106 107 108 109 110 112 118;scenario=0;se_mode=every;window=1;write_mode=full,0.216,,,
wu.independent_samples-ieee118-20261002t093928z-571593-bbafbe,wu.independent_samples,ieee118,search,,,jaccard_scada,data=indep;pmu_set=80 83 100;rating=+0.10;scada=stale;scada_set=69 70 74 75 76 77 78 79 80 81 82 83 84 85 88 89 90 91 92 93 94 95 96 98 99 100 103 104 105 106 107 108 109 110 112 118;scenario=0;se_mode=scan;window=1;write_mode=full,0.216,,,
wu.independent_samples-ieee118-20261002t093928z-571593-bbafbe,wu.independent_samples,ieee118,search,,,jaccard_scada,data=indep;pmu_set=80 83 100;rating=+0.10;scada=stale;scada_set=69 70 74 75 76 77 78 79 80 81 82 83 84 85 88 89 90 91 92 93 94 95 96 98 99 100 103 104 105 107 108 109 110 112 118;scenario=0;se_mode=every;window=0;write_mode=full,0.222,,,
wu.independent_samples-ieee118-20261002t093928z-571593-bbafbe,wu.independent_samples,ieee118,search,,,jaccard_scada,data=indep;pmu_set=80 83 100;rating=+0.10;scada=stale;scada_set=69 70 74 75 76 77 78 79 80 81 82 83 84 85 88 89 90 91 92 93 94 95 96 98 99 100 103 104 105 107 108 109 110 112 118;scenario=0;se_mode=scan;window=0;write_mode=full,0.222,,,
wu.independent_samples-ieee118-20261002t093928z-571593-bbafbe,wu.independent_samples,ieee118,search,,,jaccard_scada,data=indep;pmu_set=80 83 100;rating=+0.10;scada=stale;scada_set=80 82 83 84 85 99 100;scenario=0;se_mode=every;window=0;write_mode=scan,0.333,,,
wu.independent_samples-ieee118-20261002t093928z-571593-bbafbe,wu.independent_samples,ieee118,search,,,jaccard_scada,data=indep;pmu_set=80 83 100;rating=+0.10;scada=stale;scada_set=80 82 83 84 85 99 100;scenario=0;se_mode=every;window=1;write_mode=scan,0.333,,,
wu.independent_samples-ieee118-20261002t093928z-571593-bbafbe,wu.independent_samples,ieee118,search,,,jaccard_scada,data=indep;pmu_set=80 83 100;rating=+0.10;scada=stale;scada_set=80 82 83 84 85 99 100;scenario=0;se_mode=scan;window=0;write_mode=scan,0.333,,,
wu.independent_samples-ieee118-20261002t093928z-571593-bbafbe,wu.independent_samples,ieee118,search,,,jaccard_scada,data=indep;pmu_set=80 83 100;rating=+0.10;scada=stale;scada_set=80 82 83 84 85 99 100;scenario=0;se_mode=scan;window=1;write_mode=scan,0.333,,,
wu.independent_samples-ieee118-20261002t093928z-571593-bbafbe,wu.independent_samples,ieee118,search,,,jaccard_scada,data=indep;pmu_set=80 83 100;rating=1.2;scada=fresh;scada_set=80 82 83 84 85 99 100;scenario=0;se_mode=every;window=0;write_mode=full,0.333,,,
wu.independent_samples-ieee118-20261002t093928z-571593-bbafbe,wu.independent_samples,ieee118,search,,,jaccard_scada,data=indep;pmu_set=80 83 100;rating=1.2;scada=fresh;scada_set=80 82 83 84 85 99 100;scenario=0;se_mode=every;window=1;write_mode=full,0.333,,,
wu.independent_samples-ieee118-20261002t093928z-571593-bbafbe,wu.independent_samples,ieee118,search,,,jaccard_scada,data=indep;pmu_set=80 83 100;rating=1.2;scada=fresh;scada_set=80 82 83 84 85 99 100;scenario=0;se_mode=scan;window=0;write_mode=full,0.333,,,
wu.independent_samples-ieee118-20261002t093928z-571593-bbafbe,wu.independent_samples,ieee118,search,,,jaccard_scada,data=indep;pmu_set=80 83 100;rating=1.2;scada=fresh;scada_set=80 82 83 84 85 99 100;scenario=0;se_mode=scan;window=1;write_mode=full,0.333,,,
wu.independent_samples-ieee118-20261002t093928z-571593-bbafbe,wu.independent_samples,ieee118,search,,,jaccard_scada,data=indep;pmu_set=80 83 100;rating=1.2;scada=stale;scada_set=69 70 74 75 76 77 78 79 80 81 82 83 84 85 88 89 90 91 92 93 94 95 96 98 99 100 103 104 105 106 107 108 109 110 112 118;scenario=0;se_mode=every;window=1;write_mode=full,0.216,,,
wu.independent_samples-ieee118-20261002t093928z-571593-bbafbe,wu.independent_samples,ieee118,search,,,jaccard_scada,data=indep;pmu_set=80 83 100;rating=1.2;scada=stale;scada_set=69 70 74 75 76 77 78 79 80 81 82 83 84 85 88 89 90 91 92 93 94 95 96 98 99 100 103 104 105 106 107 108 109 110 112 118;scenario=0;se_mode=scan;window=1;write_mode=full,0.216,,,
wu.independent_samples-ieee118-20261002t093928z-571593-bbafbe,wu.independent_samples,ieee118,search,,,jaccard_scada,data=indep;pmu_set=80 83 100;rating=1.2;scada=stale;scada_set=69 70 74 75 76 77 78 79 80 81 82 83 84 85 88 89 90 91 92 93 94 95 96 98 99 100 103 104 105 107 108 109 110 112 118;scenario=0;se_mode=every;window=0;write_mode=full,0.222,,,
wu.independent_samples-ieee118-20261002t093928z-571593-bbafbe,wu.independent_samples,ieee118,search,,,jaccard_scada,data=indep;pmu_set=80 83 100;rating=1.2;scada=stale;scada_set=69 70 74 75 76 77 78 79 80 81 82 83 84 85 88 89 90 91 92 93 94 95 96 98 99 100 103 104 105 107 108 109 110 112 118;scenario=0;se_mode=scan;window=0;write_mode=full,0.222,,,
wu.independent_samples-ieee118-20261002t093928z-571593-bbafbe,wu.independent_samples,ieee118,search,,,jaccard_scada,data=indep;pmu_set=80 83 100;rating=1.2;scada=stale;scada_set=80 82 83 84 85 99 100;scenario=0;se_mode=every;window=0;write_mode=scan,0.333,,,
wu.independent_samples-ieee118-20261002t093928z-571593-bbafbe,wu.independent_samples,ieee118,search,,,jaccard_scada,data=indep;pmu_set=80 83 100;rating=1.2;scada=stale;scada_set=80 82 83 84 85 99 100;scenario=0;se_mode=every;window=1;write_mode=scan,0.333,,,
wu.independent_samples-ieee118-20261002t093928z-571593-bbafbe,wu.independent_samples,ieee118,search,,,jaccard_scada,data=indep;pmu_set=80 83 100;rating=1.2;scada=stale;scada_set=80 82 83 84 85 99 100;scenario=0;se_mode=scan;window=0;write_mode=scan,0.333,,,
wu.independent_samples-ieee118-20261002t093928z-571593-bbafbe,wu.independent_samples,ieee118,search,,,jaccard_scada,data=indep;pmu_set=80 83 100;rating=1.2;scada=stale;scada_set=80 82 83 84 85 99 100;scenario=0;se_mode=scan;window=1;write_mode=scan,0.333,,,
wu.independent_samples-ieee118-20261002t093928z-571593-bbafbe,wu.independent_samples,ieee118,search,,,max_change_pu,data=indep;pmu_set=80 83 100;rating=+0.10;scada=fresh;scada_set=80 82 83 84 85 99 100;scenario=0;se_mode=every;window=0;write_mode=full,0.3477,,,
wu.independent_samples-ieee118-20261002t093928z-571593-bbafbe,wu.independent_samples,ieee118,search,,,max_change_pu,data=indep;pmu_set=80 83 100;rating=+0.10;scada=fresh;scada_set=80 82 83 84 85 99 100;scenario=0;se_mode=every;window=1;write_mode=full,0.3203,,,
wu.independent_samples-ieee118-20261002t093928z-571593-bbafbe,wu.independent_samples,ieee118,search,,,max_change_pu,data=indep;pmu_set=80 83 100;rating=+0.10;scada=fresh;scada_set=80 82 83 84 85 99 100;scenario=0;se_mode=scan;window=0;write_mode=full,0.3477,,,
wu.independent_samples-ieee118-20261002t093928z-571593-bbafbe,wu.independent_samples,ieee118,search,,,max_change_pu,data=indep;pmu_set=80 83 100;rating=+0.10;scada=fresh;scada_set=80 82 83 84 85 99 100;scenario=0;se_mode=scan;window=1;write_mode=full,0.3203,,,
wu.independent_samples-ieee118-20261002t093928z-571593-bbafbe,wu.independent_samples,ieee118,search,,,max_change_pu,data=indep;pmu_set=80 83 100;rating=+0.10;scada=stale;scada_set=69 70 74 75 76 77 78 79 80 81 82 83 84 85 88 89 90 91 92 93 94 95 96 98 99 100 103 104 105 106 107 108 109 110 112 118;scenario=0;se_mode=every;window=1;write_mode=full,4.1507,,,
wu.independent_samples-ieee118-20261002t093928z-571593-bbafbe,wu.independent_samples,ieee118,search,,,max_change_pu,data=indep;pmu_set=80 83 100;rating=+0.10;scada=stale;scada_set=69 70 74 75 76 77 78 79 80 81 82 83 84 85 88 89 90 91 92 93 94 95 96 98 99 100 103 104 105 106 107 108 109 110 112 118;scenario=0;se_mode=scan;window=1;write_mode=full,4.1507,,,
wu.independent_samples-ieee118-20261002t093928z-571593-bbafbe,wu.independent_samples,ieee118,search,,,max_change_pu,data=indep;pmu_set=80 83 100;rating=+0.10;scada=stale;scada_set=69 70 74 75 76 77 78 79 80 81 82 83 84 85 88 89 90 91 92 93 94 95 96 98 99 100 103 104 105 107 108 109 110 112 118;scenario=0;se_mode=every;window=0;write_mode=full,3.4139,,,
wu.independent_samples-ieee118-20261002t093928z-571593-bbafbe,wu.independent_samples,ieee118,search,,,max_change_pu,data=indep;pmu_set=80 83 100;rating=+0.10;scada=stale;scada_set=69 70 74 75 76 77 78 79 80 81 82 83 84 85 88 89 90 91 92 93 94 95 96 98 99 100 103 104 105 107 108 109 110 112 118;scenario=0;se_mode=scan;window=0;write_mode=full,3.4139,,,
wu.independent_samples-ieee118-20261002t093928z-571593-bbafbe,wu.independent_samples,ieee118,search,,,max_change_pu,data=indep;pmu_set=80 83 100;rating=+0.10;scada=stale;scada_set=80 82 83 84 85 99 100;scenario=0;se_mode=every;window=0;write_mode=scan,0.2087,,,
wu.independent_samples-ieee118-20261002t093928z-571593-bbafbe,wu.independent_samples,ieee118,search,,,max_change_pu,data=indep;pmu_set=80 83 100;rating=+0.10;scada=stale;scada_set=80 82 83 84 85 99 100;scenario=0;se_mode=every;window=1;write_mode=scan,0.2786,,,
wu.independent_samples-ieee118-20261002t093928z-571593-bbafbe,wu.independent_samples,ieee118,search,,,max_change_pu,data=indep;pmu_set=80 83 100;rating=+0.10;scada=stale;scada_set=80 82 83 84 85 99 100;scenario=0;se_mode=scan;window=0;write_mode=scan,0.2087,,,
wu.independent_samples-ieee118-20261002t093928z-571593-bbafbe,wu.independent_samples,ieee118,search,,,max_change_pu,data=indep;pmu_set=80 83 100;rating=+0.10;scada=stale;scada_set=80 82 83 84 85 99 100;scenario=0;se_mode=scan;window=1;write_mode=scan,0.2786,,,
wu.independent_samples-ieee118-20261002t093928z-571593-bbafbe,wu.independent_samples,ieee118,search,,,max_change_pu,data=indep;pmu_set=80 83 100;rating=1.2;scada=fresh;scada_set=80 82 83 84 85 99 100;scenario=0;se_mode=every;window=0;write_mode=full,0.37,,,
wu.independent_samples-ieee118-20261002t093928z-571593-bbafbe,wu.independent_samples,ieee118,search,,,max_change_pu,data=indep;pmu_set=80 83 100;rating=1.2;scada=fresh;scada_set=80 82 83 84 85 99 100;scenario=0;se_mode=every;window=1;write_mode=full,0.389,,,
wu.independent_samples-ieee118-20261002t093928z-571593-bbafbe,wu.independent_samples,ieee118,search,,,max_change_pu,data=indep;pmu_set=80 83 100;rating=1.2;scada=fresh;scada_set=80 82 83 84 85 99 100;scenario=0;se_mode=scan;window=0;write_mode=full,0.37,,,
wu.independent_samples-ieee118-20261002t093928z-571593-bbafbe,wu.independent_samples,ieee118,search,,,max_change_pu,data=indep;pmu_set=80 83 100;rating=1.2;scada=fresh;scada_set=80 82 83 84 85 99 100;scenario=0;se_mode=scan;window=1;write_mode=full,0.389,,,
wu.independent_samples-ieee118-20261002t093928z-571593-bbafbe,wu.independent_samples,ieee118,search,,,max_change_pu,data=indep;pmu_set=80 83 100;rating=1.2;scada=stale;scada_set=69 70 74 75 76 77 78 79 80 81 82 83 84 85 88 89 90 91 92 93 94 95 96 98 99 100 103 104 105 106 107 108 109 110 112 118;scenario=0;se_mode=every;window=1;write_mode=full,4.1507,,,
wu.independent_samples-ieee118-20261002t093928z-571593-bbafbe,wu.independent_samples,ieee118,search,,,max_change_pu,data=indep;pmu_set=80 83 100;rating=1.2;scada=stale;scada_set=69 70 74 75 76 77 78 79 80 81 82 83 84 85 88 89 90 91 92 93 94 95 96 98 99 100 103 104 105 106 107 108 109 110 112 118;scenario=0;se_mode=scan;window=1;write_mode=full,4.1507,,,
wu.independent_samples-ieee118-20261002t093928z-571593-bbafbe,wu.independent_samples,ieee118,search,,,max_change_pu,data=indep;pmu_set=80 83 100;rating=1.2;scada=stale;scada_set=69 70 74 75 76 77 78 79 80 81 82 83 84 85 88 89 90 91 92 93 94 95 96 98 99 100 103 104 105 107 108 109 110 112 118;scenario=0;se_mode=every;window=0;write_mode=full,3.4139,,,
wu.independent_samples-ieee118-20261002t093928z-571593-bbafbe,wu.independent_samples,ieee118,search,,,max_change_pu,data=indep;pmu_set=80 83 100;rating=1.2;scada=stale;scada_set=69 70 74 75 76 77 78 79 80 81 82 83 84 85 88 89 90 91 92 93 94 95 96 98 99 100 103 104 105 107 108 109 110 112 118;scenario=0;se_mode=scan;window=0;write_mode=full,3.4139,,,
wu.independent_samples-ieee118-20261002t093928z-571593-bbafbe,wu.independent_samples,ieee118,search,,,max_change_pu,data=indep;pmu_set=80 83 100;rating=1.2;scada=stale;scada_set=80 82 83 84 85 99 100;scenario=0;se_mode=every;window=0;write_mode=scan,0.2228,,,
wu.independent_samples-ieee118-20261002t093928z-571593-bbafbe,wu.independent_samples,ieee118,search,,,max_change_pu,data=indep;pmu_set=80 83 100;rating=1.2;scada=stale;scada_set=80 82 83 84 85 99 100;scenario=0;se_mode=every;window=1;write_mode=scan,0.3312,,,
wu.independent_samples-ieee118-20261002t093928z-571593-bbafbe,wu.independent_samples,ieee118,search,,,max_change_pu,data=indep;pmu_set=80 83 100;rating=1.2;scada=stale;scada_set=80 82 83 84 85 99 100;scenario=0;se_mode=scan;window=0;write_mode=scan,0.2228,,,
wu.independent_samples-ieee118-20261002t093928z-571593-bbafbe,wu.independent_samples,ieee118,search,,,max_change_pu,data=indep;pmu_set=80 83 100;rating=1.2;scada=stale;scada_set=80 82 83 84 85 99 100;scenario=0;se_mode=scan;window=1;write_mode=scan,0.3312,,,
wu.independent_samples-ieee118-20261002t093928z-571593-bbafbe,wu.independent_samples,ieee118,search,,,pmu_devices,data=indep;pmu_set=80 83 100;rating=+0.10;scada=fresh;scada_set=80 82 83 84 85 99 100;scenario=0;se_mode=every;window=0;write_mode=full,3.0,,,
wu.independent_samples-ieee118-20261002t093928z-571593-bbafbe,wu.independent_samples,ieee118,search,,,pmu_devices,data=indep;pmu_set=80 83 100;rating=+0.10;scada=fresh;scada_set=80 82 83 84 85 99 100;scenario=0;se_mode=every;window=1;write_mode=full,3.0,,,
wu.independent_samples-ieee118-20261002t093928z-571593-bbafbe,wu.independent_samples,ieee118,search,,,pmu_devices,data=indep;pmu_set=80 83 100;rating=+0.10;scada=fresh;scada_set=80 82 83 84 85 99 100;scenario=0;se_mode=scan;window=0;write_mode=full,3.0,,,
wu.independent_samples-ieee118-20261002t093928z-571593-bbafbe,wu.independent_samples,ieee118,search,,,pmu_devices,data=indep;pmu_set=80 83 100;rating=+0.10;scada=fresh;scada_set=80 82 83 84 85 99 100;scenario=0;se_mode=scan;window=1;write_mode=full,3.0,,,
wu.independent_samples-ieee118-20261002t093928z-571593-bbafbe,wu.independent_samples,ieee118,search,,,pmu_devices,data=indep;pmu_set=80 83 100;rating=+0.10;scada=stale;scada_set=69 70 74 75 76 77 78 79 80 81 82 83 84 85 88 89 90 91 92 93 94 95 96 98 99 100 103 104 105 106 107 108 109 110 112 118;scenario=0;se_mode=every;window=1;write_mode=full,3.0,,,
wu.independent_samples-ieee118-20261002t093928z-571593-bbafbe,wu.independent_samples,ieee118,search,,,pmu_devices,data=indep;pmu_set=80 83 100;rating=+0.10;scada=stale;scada_set=69 70 74 75 76 77 78 79 80 81 82 83 84 85 88 89 90 91 92 93 94 95 96 98 99 100 103 104 105 106 107 108 109 110 112 118;scenario=0;se_mode=scan;window=1;write_mode=full,3.0,,,
wu.independent_samples-ieee118-20261002t093928z-571593-bbafbe,wu.independent_samples,ieee118,search,,,pmu_devices,data=indep;pmu_set=80 83 100;rating=+0.10;scada=stale;scada_set=69 70 74 75 76 77 78 79 80 81 82 83 84 85 88 89 90 91 92 93 94 95 96 98 99 100 103 104 105 107 108 109 110 112 118;scenario=0;se_mode=every;window=0;write_mode=full,3.0,,,
wu.independent_samples-ieee118-20261002t093928z-571593-bbafbe,wu.independent_samples,ieee118,search,,,pmu_devices,data=indep;pmu_set=80 83 100;rating=+0.10;scada=stale;scada_set=69 70 74 75 76 77 78 79 80 81 82 83 84 85 88 89 90 91 92 93 94 95 96 98 99 100 103 104 105 107 108 109 110 112 118;scenario=0;se_mode=scan;window=0;write_mode=full,3.0,,,
wu.independent_samples-ieee118-20261002t093928z-571593-bbafbe,wu.independent_samples,ieee118,search,,,pmu_devices,data=indep;pmu_set=80 83 100;rating=+0.10;scada=stale;scada_set=80 82 83 84 85 99 100;scenario=0;se_mode=every;window=0;write_mode=scan,3.0,,,
wu.independent_samples-ieee118-20261002t093928z-571593-bbafbe,wu.independent_samples,ieee118,search,,,pmu_devices,data=indep;pmu_set=80 83 100;rating=+0.10;scada=stale;scada_set=80 82 83 84 85 99 100;scenario=0;se_mode=every;window=1;write_mode=scan,3.0,,,
wu.independent_samples-ieee118-20261002t093928z-571593-bbafbe,wu.independent_samples,ieee118,search,,,pmu_devices,data=indep;pmu_set=80 83 100;rating=+0.10;scada=stale;scada_set=80 82 83 84 85 99 100;scenario=0;se_mode=scan;window=0;write_mode=scan,3.0,,,
wu.independent_samples-ieee118-20261002t093928z-571593-bbafbe,wu.independent_samples,ieee118,search,,,pmu_devices,data=indep;pmu_set=80 83 100;rating=+0.10;scada=stale;scada_set=80 82 83 84 85 99 100;scenario=0;se_mode=scan;window=1;write_mode=scan,3.0,,,
wu.independent_samples-ieee118-20261002t093928z-571593-bbafbe,wu.independent_samples,ieee118,search,,,pmu_devices,data=indep;pmu_set=80 83 100;rating=1.2;scada=fresh;scada_set=80 82 83 84 85 99 100;scenario=0;se_mode=every;window=0;write_mode=full,3.0,,,
wu.independent_samples-ieee118-20261002t093928z-571593-bbafbe,wu.independent_samples,ieee118,search,,,pmu_devices,data=indep;pmu_set=80 83 100;rating=1.2;scada=fresh;scada_set=80 82 83 84 85 99 100;scenario=0;se_mode=every;window=1;write_mode=full,3.0,,,
wu.independent_samples-ieee118-20261002t093928z-571593-bbafbe,wu.independent_samples,ieee118,search,,,pmu_devices,data=indep;pmu_set=80 83 100;rating=1.2;scada=fresh;scada_set=80 82 83 84 85 99 100;scenario=0;se_mode=scan;window=0;write_mode=full,3.0,,,
wu.independent_samples-ieee118-20261002t093928z-571593-bbafbe,wu.independent_samples,ieee118,search,,,pmu_devices,data=indep;pmu_set=80 83 100;rating=1.2;scada=fresh;scada_set=80 82 83 84 85 99 100;scenario=0;se_mode=scan;window=1;write_mode=full,3.0,,,
wu.independent_samples-ieee118-20261002t093928z-571593-bbafbe,wu.independent_samples,ieee118,search,,,pmu_devices,data=indep;pmu_set=80 83 100;rating=1.2;scada=stale;scada_set=69 70 74 75 76 77 78 79 80 81 82 83 84 85 88 89 90 91 92 93 94 95 96 98 99 100 103 104 105 106 107 108 109 110 112 118;scenario=0;se_mode=every;window=1;write_mode=full,3.0,,,
wu.independent_samples-ieee118-20261002t093928z-571593-bbafbe,wu.independent_samples,ieee118,search,,,pmu_devices,data=indep;pmu_set=80 83 100;rating=1.2;scada=stale;scada_set=69 70 74 75 76 77 78 79 80 81 82 83 84 85 88 89 90 91 92 93 94 95 96 98 99 100 103 104 105 106 107 108 109 110 112 118;scenario=0;se_mode=scan;window=1;write_mode=full,3.0,,,
wu.independent_samples-ieee118-20261002t093928z-571593-bbafbe,wu.independent_samples,ieee118,search,,,pmu_devices,data=indep;pmu_set=80 83 100;rating=1.2;scada=stale;scada_set=69 70 74 75 76 77 78 79 80 81 82 83 84 85 88 89 90 91 92 93 94 95 96 98 99 100 103 104 105 107 108 109 110 112 118;scenario=0;se_mode=every;window=0;write_mode=full,3.0,,,
wu.independent_samples-ieee118-20261002t093928z-571593-bbafbe,wu.independent_samples,ieee118,search,,,pmu_devices,data=indep;pmu_set=80 83 100;rating=1.2;scada=stale;scada_set=69 70 74 75 76 77 78 79 80 81 82 83 84 85 88 89 90 91 92 93 94 95 96 98 99 100 103 104 105 107 108 109 110 112 118;scenario=0;se_mode=scan;window=0;write_mode=full,3.0,,,
wu.independent_samples-ieee118-20261002t093928z-571593-bbafbe,wu.independent_samples,ieee118,search,,,pmu_devices,data=indep;pmu_set=80 83 100;rating=1.2;scada=stale;scada_set=80 82 83 84 85 99 100;scenario=0;se_mode=every;window=0;write_mode=scan,3.0,,,
wu.independent_samples-ieee118-20261002t093928z-571593-bbafbe,wu.independent_samples,ieee118,search,,,pmu_devices,data=indep;pmu_set=80 83 100;rating=1.2;scada=stale;scada_set=80 82 83 84 85 99 100;scenario=0;se_mode=every;window=1;write_mode=scan,3.0,,,
wu.independent_samples-ieee118-20261002t093928z-571593-bbafbe,wu.independent_samples,ieee118,search,,,pmu_devices,data=indep;pmu_set=80 83 100;rating=1.2;scada=stale;scada_set=80 82 83 84 85 99 100;scenario=0;se_mode=scan;window=0;write_mode=scan,3.0,,,
wu.independent_samples-ieee118-20261002t093928z-571593-bbafbe,wu.independent_samples,ieee118,search,,,pmu_devices,data=indep;pmu_set=80 83 100;rating=1.2;scada=stale;scada_set=80 82 83 84 85 99 100;scenario=0;se_mode=scan;window=1;write_mode=scan,3.0,,,
wu.independent_samples-ieee118-20261002t093928z-571593-bbafbe,wu.independent_samples,ieee118,search,,,seconds,data=indep;pmu_set=80 83 100;rating=+0.10;scada=fresh;scada_set=80 82 83 84 85 99 100;scenario=0;se_mode=every;window=0;write_mode=full,2.4,,,
wu.independent_samples-ieee118-20261002t093928z-571593-bbafbe,wu.independent_samples,ieee118,search,,,seconds,data=indep;pmu_set=80 83 100;rating=+0.10;scada=fresh;scada_set=80 82 83 84 85 99 100;scenario=0;se_mode=every;window=1;write_mode=full,2.4,,,
wu.independent_samples-ieee118-20261002t093928z-571593-bbafbe,wu.independent_samples,ieee118,search,,,seconds,data=indep;pmu_set=80 83 100;rating=+0.10;scada=fresh;scada_set=80 82 83 84 85 99 100;scenario=0;se_mode=scan;window=0;write_mode=full,2.4,,,
wu.independent_samples-ieee118-20261002t093928z-571593-bbafbe,wu.independent_samples,ieee118,search,,,seconds,data=indep;pmu_set=80 83 100;rating=+0.10;scada=fresh;scada_set=80 82 83 84 85 99 100;scenario=0;se_mode=scan;window=1;write_mode=full,2.4,,,
wu.independent_samples-ieee118-20261002t093928z-571593-bbafbe,wu.independent_samples,ieee118,search,,,seconds,data=indep;pmu_set=80 83 100;rating=+0.10;scada=stale;scada_set=69 70 74 75 76 77 78 79 80 81 82 83 84 85 88 89 90 91 92 93 94 95 96 98 99 100 103 104 105 106 107 108 109 110 112 118;scenario=0;se_mode=every;window=1;write_mode=full,2.5,,,
wu.independent_samples-ieee118-20261002t093928z-571593-bbafbe,wu.independent_samples,ieee118,search,,,seconds,data=indep;pmu_set=80 83 100;rating=+0.10;scada=stale;scada_set=69 70 74 75 76 77 78 79 80 81 82 83 84 85 88 89 90 91 92 93 94 95 96 98 99 100 103 104 105 106 107 108 109 110 112 118;scenario=0;se_mode=scan;window=1;write_mode=full,2.5,,,
wu.independent_samples-ieee118-20261002t093928z-571593-bbafbe,wu.independent_samples,ieee118,search,,,seconds,data=indep;pmu_set=80 83 100;rating=+0.10;scada=stale;scada_set=69 70 74 75 76 77 78 79 80 81 82 83 84 85 88 89 90 91 92 93 94 95 96 98 99 100 103 104 105 107 108 109 110 112 118;scenario=0;se_mode=every;window=0;write_mode=full,2.5,,,
wu.independent_samples-ieee118-20261002t093928z-571593-bbafbe,wu.independent_samples,ieee118,search,,,seconds,data=indep;pmu_set=80 83 100;rating=+0.10;scada=stale;scada_set=69 70 74 75 76 77 78 79 80 81 82 83 84 85 88 89 90 91 92 93 94 95 96 98 99 100 103 104 105 107 108 109 110 112 118;scenario=0;se_mode=scan;window=0;write_mode=full,2.5,,,
wu.independent_samples-ieee118-20261002t093928z-571593-bbafbe,wu.independent_samples,ieee118,search,,,seconds,data=indep;pmu_set=80 83 100;rating=+0.10;scada=stale;scada_set=80 82 83 84 85 99 100;scenario=0;se_mode=every;window=0;write_mode=scan,2.5,,,
wu.independent_samples-ieee118-20261002t093928z-571593-bbafbe,wu.independent_samples,ieee118,search,,,seconds,data=indep;pmu_set=80 83 100;rating=+0.10;scada=stale;scada_set=80 82 83 84 85 99 100;scenario=0;se_mode=every;window=1;write_mode=scan,2.5,,,
wu.independent_samples-ieee118-20261002t093928z-571593-bbafbe,wu.independent_samples,ieee118,search,,,seconds,data=indep;pmu_set=80 83 100;rating=+0.10;scada=stale;scada_set=80 82 83 84 85 99 100;scenario=0;se_mode=scan;window=0;write_mode=scan,2.5,,,
wu.independent_samples-ieee118-20261002t093928z-571593-bbafbe,wu.independent_samples,ieee118,search,,,seconds,data=indep;pmu_set=80 83 100;rating=+0.10;scada=stale;scada_set=80 82 83 84 85 99 100;scenario=0;se_mode=scan;window=1;write_mode=scan,2.5,,,
wu.independent_samples-ieee118-20261002t093928z-571593-bbafbe,wu.independent_samples,ieee118,search,,,seconds,data=indep;pmu_set=80 83 100;rating=1.2;scada=fresh;scada_set=80 82 83 84 85 99 100;scenario=0;se_mode=every;window=0;write_mode=full,2.8,,,
wu.independent_samples-ieee118-20261002t093928z-571593-bbafbe,wu.independent_samples,ieee118,search,,,seconds,data=indep;pmu_set=80 83 100;rating=1.2;scada=fresh;scada_set=80 82 83 84 85 99 100;scenario=0;se_mode=every;window=1;write_mode=full,2.6,,,
wu.independent_samples-ieee118-20261002t093928z-571593-bbafbe,wu.independent_samples,ieee118,search,,,seconds,data=indep;pmu_set=80 83 100;rating=1.2;scada=fresh;scada_set=80 82 83 84 85 99 100;scenario=0;se_mode=scan;window=0;write_mode=full,2.8,,,
wu.independent_samples-ieee118-20261002t093928z-571593-bbafbe,wu.independent_samples,ieee118,search,,,seconds,data=indep;pmu_set=80 83 100;rating=1.2;scada=fresh;scada_set=80 82 83 84 85 99 100;scenario=0;se_mode=scan;window=1;write_mode=full,2.6,,,
wu.independent_samples-ieee118-20261002t093928z-571593-bbafbe,wu.independent_samples,ieee118,search,,,seconds,data=indep;pmu_set=80 83 100;rating=1.2;scada=stale;scada_set=69 70 74 75 76 77 78 79 80 81 82 83 84 85 88 89 90 91 92 93 94 95 96 98 99 100 103 104 105 106 107 108 109 110 112 118;scenario=0;se_mode=every;window=1;write_mode=full,2.6,,,
wu.independent_samples-ieee118-20261002t093928z-571593-bbafbe,wu.independent_samples,ieee118,search,,,seconds,data=indep;pmu_set=80 83 100;rating=1.2;scada=stale;scada_set=69 70 74 75 76 77 78 79 80 81 82 83 84 85 88 89 90 91 92 93 94 95 96 98 99 100 103 104 105 106 107 108 109 110 112 118;scenario=0;se_mode=scan;window=1;write_mode=full,2.6,,,
wu.independent_samples-ieee118-20261002t093928z-571593-bbafbe,wu.independent_samples,ieee118,search,,,seconds,data=indep;pmu_set=80 83 100;rating=1.2;scada=stale;scada_set=69 70 74 75 76 77 78 79 80 81 82 83 84 85 88 89 90 91 92 93 94 95 96 98 99 100 103 104 105 107 108 109 110 112 118;scenario=0;se_mode=every;window=0;write_mode=full,2.9,,,
wu.independent_samples-ieee118-20261002t093928z-571593-bbafbe,wu.independent_samples,ieee118,search,,,seconds,data=indep;pmu_set=80 83 100;rating=1.2;scada=stale;scada_set=69 70 74 75 76 77 78 79 80 81 82 83 84 85 88 89 90 91 92 93 94 95 96 98 99 100 103 104 105 107 108 109 110 112 118;scenario=0;se_mode=scan;window=0;write_mode=full,2.9,,,
wu.independent_samples-ieee118-20261002t093928z-571593-bbafbe,wu.independent_samples,ieee118,search,,,seconds,data=indep;pmu_set=80 83 100;rating=1.2;scada=stale;scada_set=80 82 83 84 85 99 100;scenario=0;se_mode=every;window=0;write_mode=scan,2.9,,,
wu.independent_samples-ieee118-20261002t093928z-571593-bbafbe,wu.independent_samples,ieee118,search,,,seconds,data=indep;pmu_set=80 83 100;rating=1.2;scada=stale;scada_set=80 82 83 84 85 99 100;scenario=0;se_mode=every;window=1;write_mode=scan,2.6,,,
wu.independent_samples-ieee118-20261002t093928z-571593-bbafbe,wu.independent_samples,ieee118,search,,,seconds,data=indep;pmu_set=80 83 100;rating=1.2;scada=stale;scada_set=80 82 83 84 85 99 100;scenario=0;se_mode=scan;window=0;write_mode=scan,2.9,,,
wu.independent_samples-ieee118-20261002t093928z-571593-bbafbe,wu.independent_samples,ieee118,search,,,seconds,data=indep;pmu_set=80 83 100;rating=1.2;scada=stale;scada_set=80 82 83 84 85 99 100;scenario=0;se_mode=scan;window=1;write_mode=scan,2.6,,,
