run_id,experiment,system,method,family,split,metric,tags,value,sd,ci_lo,ci_hi
wu26.faithful-ieee118-20261003t073420z-cc2010-0bf9d6,wu26.faithful,ieee118,,,,channels,defended=0;scenario=118;window=1000,35.0,,,
wu26.faithful-ieee118-20261003t073420z-cc2010-0bf9d6,wu26.faithful,ieee118,,,,channels,defended=0;scenario=118;window=1001,37.0,,,
wu26.faithful-ieee118-20261003t073420z-cc2010-0bf9d6,wu26.faithful,ieee118,,,,channels,defended=0;scenario=118;window=1002,56.0,,,
wu26.faithful-ieee118-20261003t073420z-cc2010-0bf9d6,wu26.faithful,ieee118,,,,channels,defended=0;scenario=118;window=1003,27.0,,,
wu26.faithful-ieee118-20261003t073420z-cc2010-0bf9d6,wu26.faithful,ieee118,,,,channels,defended=0;scenario=118;window=1004,55.0,,,
wu26.faithful-ieee118-20261003t073420z-cc2010-0bf9d6,wu26.faithful,ieee118,,,,channels,defended=0;scenario=118;window=1005,46.0,,,
wu26.faithful-ieee118-20261003t073420z-cc2010-0bf9d6,wu26.faithful,ieee118,,,,channels,defended=0;scenario=118;window=1006,35.0,,,
wu26.faithful-ieee118-20261003t073420z-cc2010-0bf9d6,wu26.faithful,ieee118,,,,channels,defended=0;scenario=118;window=1007,43.0,,,
wu26.faithful-ieee118-20261003t073420z-cc2010-0bf9d6,wu26.faithful,ieee118,,,,channels,defended=0;scenario=118;window=1008,47.0,,,
wu26.faithful-ieee118-20261003t073420z-cc2010-0bf9d6,wu26.faithful,ieee118,,,,channels,defended=0;scenario=118;window=1009,39.0,,,
wu26.faithful-ieee118-20261003t073420z-cc2010-0bf9d6,wu26.faithful,ieee118,,,,channels,defended=0;scenario=118;window=1010,47.0,,,
wu26.faithful-ieee118-20261003t073420z-cc2010-0bf9d6,wu26.faithful,ieee118,,,,channels,defended=0;scenario=118;window=1011,38.0,,,
wu26.faithful-ieee118-20261003t073420z-cc2010-0bf9d6,wu26.faithful,ieee118,,,,channels,defended=0;scenario=118;window=1012,39.0,,,
wu26.faithful-ieee118-20261003t073420z-cc2010-0bf9d6,wu26.faithful,ieee118,,,,channels,defended=0;scenario=118;window=1013,38.0,,,
wu26.faithful-ieee118-20261003t073420z-cc2010-0bf9d6,wu26.faithful,ieee118,,,,channels,defended=0;scenario=118;window=1014,39.0,,,
wu26.faithful-ieee118-20261003t073420z-cc2010-0bf9d6,wu26.faithful,ieee118,,,,channels,defended=0;scenario=118;window=1015,39.0,,,
wu26.faithful-ieee118-20261003t073420z-cc2010-0bf9d6,wu26.faithful,ieee118,,,,channels,defended=0;scenario=118;window=1016,38.0,,,
wu26.faithful-ieee118-20261003t073420z-cc2010-0bf9d6,wu26.faithful,ieee118,,,,channels,defended=0;scenario=118;window=1017,55.0,,,
wu26.faithful-ieee118-20261003t073420z-cc2010-0bf9d6,wu26.faithful,ieee118,,,,channels,defended=0;scenario=118;window=1018,46.0,,,
wu26.faithful-ieee118-20261003t073420z-cc2010-0bf9d6,wu26.faithful,ieee118,,,,channels,defended=0;scenario=118;window=1019,46.0,,,
wu26.faithful-ieee118-20261003t073420z-cc2010-0bf9d6,wu26.faithful,ieee118,,,,channels,defended=0;scenario=118;window=1020,36.0,,,
wu26.faithful-ieee118-20261003t073420z-cc2010-0bf9d6,wu26.faithful,ieee118,,,,channels,defended=0;scenario=118;window=1021,45.0,,,
wu26.faithful-ieee118-20261003t073420z-cc2010-0bf9d6,wu26.faithful,ieee118,,,,channels,defended=0;scenario=118;window=1022,37.0,,,
wu26.faithful-ieee118-20261003t073420z-cc2010-0bf9d6,wu26.faithful,ieee118,,,,channels,defended=0;scenario=118;window=1023,39.0,,,
wu26.faithful-ieee118-20261003t073420z-cc2010-0bf9d6,wu26.faithful,ieee118,,,,channels,defended=0;scenario=118;window=1024,44.0,,,
wu26.faithful-ieee118-20261003t073420z-cc2010-0bf9d6,wu26.faithful,ieee118,,,,channels,defended=0;scenario=118;window=1025,35.0,,,
wu26.faithful-ieee118-20261003t073420z-cc2010-0bf9d6,wu26.faithful,ieee118,,,,channels,defended=0;scenario=118;window=1026,46.0,,,
wu26.faithful-ieee118-20261003t073420z-cc2010-0bf9d6,wu26.faithful,ieee118,,,,channels,defended=0;scenario=118;window=1027,42.0,,,
wu26.faithful-ieee118-20261003t073420z-cc2010-0bf9d6,wu26.faithful,ieee118,,,,channels,defended=0;scenario=118;window=1028,40.0,,,
wu26.faithful-ieee118-20261003t073420z-cc2010-0bf9d6,wu26.faithful,ieee118,,,,channels,defended=0;scenario=118;window=1029,38.0,,,
wu26.faithful-ieee118-20261003t073420z-cc2010-0bf9d6,wu26.faithful,ieee118,,,,channels,defended=0;scenario=118;window=1030,39.0,,,
wu26.faithful-ieee118-20261003t073420z-cc2010-0bf9d6,wu26.faithful,ieee118,,,,channels,defended=0;scenario=118;window=1031,46.0,,,
wu26.faithful-ieee118-20261003t073420z-cc2010-0bf9d6,wu26.faithful,ieee118,,,,channels,defended=0;scenario=118;window=1032,46.0,,,
wu26.faithful-ieee118-20261003t073420z-cc2010-0bf9d6,wu26.faithful,ieee118,,,,channels,defended=0;scenario=118;window=1033,47.0,,,
wu26.faithful-ieee118-20261003t073420z-cc2010-0bf9d6,wu26.faithful,ieee118,,,,channels,defended=0;scenario=118;window=1034,46.0,,,
wu26.faithful-ieee118-20261003t073420z-cc2010-0bf9d6,wu26.faithful,ieee118,,,,channels,defended=0;scenario=118;window=1035,40.0,,,
wu26.faithful-ieee118-20261003t073420z-cc2010-0bf9d6,wu26.faithful,ieee118,,,,channels,defended=0;scenario=118;window=1036,39.0,,,
wu26.faithful-ieee118-20261003t073420z-cc2010-0bf9d6,wu26.faithful,ieee118,,,,channels,defended=0;scenario=118;window=1037,41.0,,,
wu26.faithful-ieee118-20261003t073420z-cc2010-0bf9d6,wu26.faithful,ieee118,,,,channels,defended=0;scenario=118;window=1038,41.0,,,
wu26.faithful-ieee118-20261003t073420z-cc2010-0bf9d6,wu26.faithful,ieee118,,,,channels,defended=0;scenario=118;window=1039,36.0,,,
wu26.faithful-ieee118-20261003t073420z-cc2010-0bf9d6,wu26.faithful,ieee118,,,,channels,defended=0;scenario=118;window=1040,41.0,,,
wu26.faithful-ieee118-20261003t073420z-cc2010-0bf9d6,wu26.faithful,ieee118,,,,channels,defended=0;scenario=118;window=1041,388.0,,,
wu26.faithful-ieee118-20261003t073420z-cc2010-0bf9d6,wu26.faithful,ieee118,,,,channels,defended=0;scenario=118;window=1042,46.0,,,
wu26.faithful-ieee118-20261003t073420z-cc2010-0bf9d6,wu26.faithful,ieee118,,,,channels,defended=0;scenario=118;window=1043,59.0,,,
wu26.faithful-ieee118-20261003t073420z-cc2010-0bf9d6,wu26.faithful,ieee118,,,,channels,defended=0;scenario=118;window=1044,48.0,,,
wu26.faithful-ieee118-20261003t073420z-cc2010-0bf9d6,wu26.faithful,ieee118,,,,channels,defended=0;scenario=118;window=1045,38.0,,,
wu26.faithful-ieee118-20261003t073420z-cc2010-0bf9d6,wu26.faithful,ieee118,,,,channels,defended=0;scenario=118;window=1046,37.0,,,
wu26.faithful-ieee118-20261003t073420z-cc2010-0bf9d6,wu26.faithful,ieee118,,,,channels,defended=0;scenario=118;window=1047,40.0,,,
wu26.faithful-ieee118-20261003t073420z-cc2010-0bf9d6,wu26.faithful,ieee118,,,,channels,defended=0;scenario=118;window=1048,38.0,,,
wu26.faithful-ieee118-20261003t073420z-cc2010-0bf9d6,wu26.faithful,ieee118,,,,channels,defended=0;scenario=118;window=1049,46.0,,,
wu26.faithful-ieee118-20261003t073420z-cc2010-0bf9d6,wu26.faithful,ieee118,,,,channels,defended=0;scenario=118;window=1050,39.0,,,
wu26.faithful-ieee118-20261003t073420z-cc2010-0bf9d6,wu26.faithful,ieee118,,,,channels,defended=0;scenario=118;window=1051,45.0,,,
wu26.faithful-ieee118-20261003t073420z-cc2010-0bf9d6,wu26.faithful,ieee118,,,,channels,defended=0;scenario=118;window=1052,42.0,,,
wu26.faithful-ieee118-20261003t073420z-cc2010-0bf9d6,wu26.faithful,ieee118,,,,channels,defended=0;scenario=118;window=1053,35.0,,,
wu26.faithful-ieee118-20261003t073420z-cc2010-0bf9d6,wu26.faithful,ieee118,,,,channels,defended=0;scenario=118;window=1054,51.0,,,
wu26.faithful-ieee118-20261003t073420z-cc2010-0bf9d6,wu26.faithful,ieee118,,,,channels,defended=0;scenario=118;window=1055,40.0,,,
wu26.faithful-ieee118-20261003t073420z-cc2010-0bf9d6,wu26.faithful,ieee118,,,,channels,defended=0;scenario=118;window=1056,39.0,,,
wu26.faithful-ieee118-20261003t073420z-cc2010-0bf9d6,wu26.faithful,ieee118,,,,channels,defended=0;scenario=118;window=1057,40.0,,,
wu26.faithful-ieee118-20261003t073420z-cc2010-0bf9d6,wu26.faithful,ieee118,,,,channels,defended=0;scenario=118;window=1058,40.0,,,
wu26.faithful-ieee118-20261003t073420z-cc2010-0bf9d6,wu26.faithful,ieee118,,,,channels,defended=0;scenario=118;window=1059,46.0,,,
wu26.faithful-ieee118-20261003t073420z-cc2010-0bf9d6,wu26.faithful,ieee118,,,,channels,defended=0;scenario=118;window=1060,43.0,,,
wu26.faithful-ieee118-20261003t073420z-cc2010-0bf9d6,wu26.faithful,ieee118,,,,channels,defended=0;scenario=118;window=1061,33.0,,,
wu26.faithful-ieee118-20261003t073420z-cc2010-0bf9d6,wu26.faithful,ieee118,,,,channels,defended=0;scenario=118;window=1062,42.0,,,
wu26.faithful-ieee118-20261003t073420z-cc2010-0bf9d6,wu26.faithful,ieee118,,,,channels,defended=0;scenario=118;window=1063,43.0,,,
wu26.faithful-ieee118-20261003t073420z-cc2010-0bf9d6,wu26.faithful,ieee118,,,,channels,defended=0;scenario=118;window=1064,40.0,,,
wu26.faithful-ieee118-20261003t073420z-cc2010-0bf9d6,wu26.faithful,ieee118,,,,channels,defended=0;scenario=118;window=1065,39.0,,,
wu26.faithful-ieee118-20261003t073420z-cc2010-0bf9d6,wu26.faithful,ieee118,,,,channels,defended=0;scenario=118;window=1066,38.0,,,
wu26.faithful-ieee118-20261003t073420z-cc2010-0bf9d6,wu26.faithful,ieee118,,,,channels,defended=0;scenario=118;window=1067,38.0,,,
wu26.faithful-ieee118-20261003t073420z-cc2010-0bf9d6,wu26.faithful,ieee118,,,,channels,defended=0;scenario=118;window=1068,47.0,,,
wu26.faithful-ieee118-20261003t073420z-cc2010-0bf9d6,wu26.faithful,ieee118,,,,channels,defended=0;scenario=118;window=1069,28.0,,,
wu26.faithful-ieee118-20261003t073420z-cc2010-0bf9d6,wu26.faithful,ieee118,,,,channels,defended=0;scenario=118;window=1070,36.0,,,
wu26.faithful-ieee118-20261003t073420z-cc2010-0bf9d6,wu26.faithful,ieee118,,,,channels,defended=0;scenario=118;window=1071,42.0,,,
wu26.faithful-ieee118-20261003t073420z-cc2010-0bf9d6,wu26.faithful,ieee118,,,,channels,defended=0;scenario=118;window=1072,37.0,,,
wu26.faithful-ieee118-20261003t073420z-cc2010-0bf9d6,wu26.faithful,ieee118,,,,channels,defended=0;scenario=118;window=1073,76.0,,,
wu26.faithful-ieee118-20261003t073420z-cc2010-0bf9d6,wu26.faithful,ieee118,,,,channels,defended=0;scenario=118;window=1074,39.0,,,
wu26.faithful-ieee118-20261003t073420z-cc2010-0bf9d6,wu26.faithful,ieee118,,,,channels,defended=0;scenario=118;window=1075,44.0,,,
wu26.faithful-ieee118-20261003t073420z-cc2010-0bf9d6,wu26.faithful,ieee118,,,,channels,defended=0;scenario=118;window=1076,40.0,,,
wu26.faithful-ieee118-20261003t073420z-cc2010-0bf9d6,wu26.faithful,ieee118,,,,channels,defended=0;scenario=118;window=1077,43.0,,,
wu26.faithful-ieee118-20261003t073420z-cc2010-0bf9d6,wu26.faithful,ieee118,,,,channels,defended=0;scenario=118;window=1078,45.0,,,
wu26.faithful-ieee118-20261003t073420z-cc2010-0bf9d6,wu26.faithful,ieee118,,,,channels,defended=0;scenario=118;window=1079,37.0,,,
wu26.faithful-ieee118-20261003t073420z-cc2010-0bf9d6,wu26.faithful,ieee118,,,,channels,defended=0;scenario=118;window=1080,37.0,,,
wu26.faithful-ieee118-20261003t073420z-cc2010-0bf9d6,wu26.faithful,ieee118,,,,channels,defended=0;scenario=118;window=1081,31.0,,,
wu26.faithful-ieee118-20261003t073420z-cc2010-0bf9d6,wu26.faithful,ieee118,,,,channels,defended=0;scenario=118;window=1082,40.0,,,
wu26.faithful-ieee118-20261003t073420z-cc2010-0bf9d6,wu26.faithful,ieee118,,,,channels,defended=0;scenario=118;window=1083,69.0,,,
wu26.faithful-ieee118-20261003t073420z-cc2010-0bf9d6,wu26.faithful,ieee118,,,,channels,defended=0;scenario=118;window=1084,31.0,,,
wu26.faithful-ieee118-20261003t073420z-cc2010-0bf9d6,wu26.faithful,ieee118,,,,channels,defended=0;scenario=118;window=1085,38.0,,,
wu26.faithful-ieee118-20261003t073420z-cc2010-0bf9d6,wu26.faithful,ieee118,,,,channels,defended=0;scenario=118;window=1086,48.0,,,
wu26.faithful-ieee118-20261003t073420z-cc2010-0bf9d6,wu26.faithful,ieee118,,,,channels,defended=0;scenario=118;window=1087,42.0,,,
wu26.faithful-ieee118-20261003t073420z-cc2010-0bf9d6,wu26.faithful,ieee118,,,,channels,defended=0;scenario=118;window=1088,31.0,,,
wu26.faithful-ieee118-20261003t073420z-cc2010-0bf9d6,wu26.faithful,ieee118,,,,channels,defended=0;scenario=118;window=1089,51.0,,,
wu26.faithful-ieee118-20261003t073420z-cc2010-0bf9d6,wu26.faithful,ieee118,,,,channels,defended=0;scenario=118;window=1090,38.0,,,
wu26.faithful-ieee118-20261003t073420z-cc2010-0bf9d6,wu26.faithful,ieee118,,,,channels,defended=0;scenario=118;window=1091,46.0,,,
wu26.faithful-ieee118-20261003t073420z-cc2010-0bf9d6,wu26.faithful,ieee118,,,,channels,defended=0;scenario=118;window=1092,32.0,,,
wu26.faithful-ieee118-20261003t073420z-cc2010-0bf9d6,wu26.faithful,ieee118,,,,channels,defended=0;scenario=118;window=1093,24.0,,,
wu26.faithful-ieee118-20261003t073420z-cc2010-0bf9d6,wu26.faithful,ieee118,,,,channels,defended=0;scenario=118;window=1094,35.0,,,
wu26.faithful-ieee118-20261003t073420z-cc2010-0bf9d6,wu26.faithful,ieee118,,,,channels,defended=0;scenario=118;window=1095,41.0,,,
wu26.faithful-ieee118-20261003t073420z-cc2010-0bf9d6,wu26.faithful,ieee118,,,,channels,defended=0;scenario=118;window=1096,38.0,,,
wu26.faithful-ieee118-20261003t073420z-cc2010-0bf9d6,wu26.faithful,ieee118,,,,channels,defended=0;scenario=118;window=1097,40.0,,,
wu26.faithful-ieee118-20261003t073420z-cc2010-0bf9d6,wu26.faithful,ieee118,,,,channels,defended=0;scenario=118;window=1098,36.0,,,
wu26.faithful-ieee118-20261003t073420z-cc2010-0bf9d6,wu26.faithful,ieee118,,,,channels,defended=0;scenario=118;window=1099,39.0,,,
wu26.faithful-ieee118-20261003t073420z-cc2010-0bf9d6,wu26.faithful,ieee118,,,,devices,defended=0;scenario=118;window=1000,14.0,,,
wu26.faithful-ieee118-20261003t073420z-cc2010-0bf9d6,wu26.faithful,ieee118,,,,devices,defended=0;scenario=118;window=1001,14.0,,,
wu26.faithful-ieee118-20261003t073420z-cc2010-0bf9d6,wu26.faithful,ieee118,,,,devices,defended=0;scenario=118;window=1002,12.0,,,
wu26.faithful-ieee118-20261003t073420z-cc2010-0bf9d6,wu26.faithful,ieee118,,,,devices,defended=0;scenario=118;window=1003,26.0,,,
wu26.faithful-ieee118-20261003t073420z-cc2010-0bf9d6,wu26.faithful,ieee118,,,,devices,defended=0;scenario=118;window=1004,18.0,,,
wu26.faithful-ieee118-20261003t073420z-cc2010-0bf9d6,wu26.faithful,ieee118,,,,devices,defended=0;scenario=118;window=1005,15.0,,,
wu26.faithful-ieee118-20261003t073420z-cc2010-0bf9d6,wu26.faithful,ieee118,,,,devices,defended=0;scenario=118;window=1006,14.0,,,
wu26.faithful-ieee118-20261003t073420z-cc2010-0bf9d6,wu26.faithful,ieee118,,,,devices,defended=0;scenario=118;window=1007,16.0,,,
wu26.faithful-ieee118-20261003t073420z-cc2010-0bf9d6,wu26.faithful,ieee118,,,,devices,defended=0;scenario=118;window=1008,16.0,,,
wu26.faithful-ieee118-20261003t073420z-cc2010-0bf9d6,wu26.faithful,ieee118,,,,devices,defended=0;scenario=118;window=1009,16.0,,,
wu26.faithful-ieee118-20261003t073420z-cc2010-0bf9d6,wu26.faithful,ieee118,,,,devices,defended=0;scenario=118;window=1010,16.0,,,
wu26.faithful-ieee118-20261003t073420z-cc2010-0bf9d6,wu26.faithful,ieee118,,,,devices,defended=0;scenario=118;window=1011,17.0,,,
wu26.faithful-ieee118-20261003t073420z-cc2010-0bf9d6,wu26.faithful,ieee118,,,,devices,defended=0;scenario=118;window=1012,13.0,,,
wu26.faithful-ieee118-20261003t073420z-cc2010-0bf9d6,wu26.faithful,ieee118,,,,devices,defended=0;scenario=118;window=1013,14.0,,,
wu26.faithful-ieee118-20261003t073420z-cc2010-0bf9d6,wu26.faithful,ieee118,,,,devices,defended=0;scenario=118;window=1014,16.0,,,
wu26.faithful-ieee118-20261003t073420z-cc2010-0bf9d6,wu26.faithful,ieee118,,,,devices,defended=0;scenario=118;window=1015,16.0,,,
wu26.faithful-ieee118-20261003t073420z-cc2010-0bf9d6,wu26.faithful,ieee118,,,,devices,defended=0;scenario=118;window=1016,16.0,,,
wu26.faithful-ieee118-20261003t073420z-cc2010-0bf9d6,wu26.faithful,ieee118,,,,devices,defended=0;scenario=118;window=1017,19.0,,,
wu26.faithful-ieee118-20261003t073420z-cc2010-0bf9d6,wu26.faithful,ieee118,,,,devices,defended=0;scenario=118;window=1018,15.0,,,
wu26.faithful-ieee118-20261003t073420z-cc2010-0bf9d6,wu26.faithful,ieee118,,,,devices,defended=0;scenario=118;window=1019,17.0,,,
wu26.faithful-ieee118-20261003t073420z-cc2010-0bf9d6,wu26.faithful,ieee118,,,,devices,defended=0;scenario=118;window=1020,16.0,,,
wu26.faithful-ieee118-20261003t073420z-cc2010-0bf9d6,wu26.faithful,ieee118,,,,devices,defended=0;scenario=118;window=1021,18.0,,,
wu26.faithful-ieee118-20261003t073420z-cc2010-0bf9d6,wu26.faithful,ieee118,,,,devices,defended=0;scenario=118;window=1022,15.0,,,
wu26.faithful-ieee118-20261003t073420z-cc2010-0bf9d6,wu26.faithful,ieee118,,,,devices,defended=0;scenario=118;window=1023,15.0,,,
wu26.faithful-ieee118-20261003t073420z-cc2010-0bf9d6,wu26.faithful,ieee118,,,,devices,defended=0;scenario=118;window=1024,16.0,,,
wu26.faithful-ieee118-20261003t073420z-cc2010-0bf9d6,wu26.faithful,ieee118,,,,devices,defended=0;scenario=118;window=1025,12.0,,,
wu26.faithful-ieee118-20261003t073420z-cc2010-0bf9d6,wu26.faithful,ieee118,,,,devices,defended=0;scenario=118;window=1026,16.0,,,
wu26.faithful-ieee118-20261003t073420z-cc2010-0bf9d6,wu26.faithful,ieee118,,,,devices,defended=0;scenario=118;window=1027,16.0,,,
wu26.faithful-ieee118-20261003t073420z-cc2010-0bf9d6,wu26.faithful,ieee118,,,,devices,defended=0;scenario=118;window=1028,17.0,,,
wu26.faithful-ieee118-20261003t073420z-cc2010-0bf9d6,wu26.faithful,ieee118,,,,devices,defended=0;scenario=118;window=1029,16.0,,,
wu26.faithful-ieee118-20261003t073420z-cc2010-0bf9d6,wu26.faithful,ieee118,,,,devices,defended=0;scenario=118;window=1030,14.0,,,
wu26.faithful-ieee118-20261003t073420z-cc2010-0bf9d6,wu26.faithful,ieee118,,,,devices,defended=0;scenario=118;window=1031,11.0,,,
wu26.faithful-ieee118-20261003t073420z-cc2010-0bf9d6,wu26.faithful,ieee118,,,,devices,defended=0;scenario=118;window=1032,17.0,,,
wu26.faithful-ieee118-20261003t073420z-cc2010-0bf9d6,wu26.faithful,ieee118,,,,devices,defended=0;scenario=118;window=1033,21.0,,,
wu26.faithful-ieee118-20261003t073420z-cc2010-0bf9d6,wu26.faithful,ieee118,,,,devices,defended=0;scenario=118;window=1034,16.0,,,
wu26.faithful-ieee118-20261003t073420z-cc2010-0bf9d6,wu26.faithful,ieee118,,,,devices,defended=0;scenario=118;window=1035,15.0,,,
wu26.faithful-ieee118-20261003t073420z-cc2010-0bf9d6,wu26.faithful,ieee118,,,,devices,defended=0;scenario=118;window=1036,17.0,,,
wu26.faithful-ieee118-20261003t073420z-cc2010-0bf9d6,wu26.faithful,ieee118,,,,devices,defended=0;scenario=118;window=1037,24.0,,,
wu26.faithful-ieee118-20261003t073420z-cc2010-0bf9d6,wu26.faithful,ieee118,,,,devices,defended=0;scenario=118;window=1038,17.0,,,
wu26.faithful-ieee118-20261003t073420z-cc2010-0bf9d6,wu26.faithful,ieee118,,,,devices,defended=0;scenario=118;window=1039,12.0,,,
wu26.faithful-ieee118-20261003t073420z-cc2010-0bf9d6,wu26.faithful,ieee118,,,,devices,defended=0;scenario=118;window=1040,16.0,,,
wu26.faithful-ieee118-20261003t073420z-cc2010-0bf9d6,wu26.faithful,ieee118,,,,devices,defended=0;scenario=118;window=1041,44.0,,,
wu26.faithful-ieee118-20261003t073420z-cc2010-0bf9d6,wu26.faithful,ieee118,,,,devices,defended=0;scenario=118;window=1042,16.0,,,
wu26.faithful-ieee118-20261003t073420z-cc2010-0bf9d6,wu26.faithful,ieee118,,,,devices,defended=0;scenario=118;window=1043,14.0,,,
wu26.faithful-ieee118-20261003t073420z-cc2010-0bf9d6,wu26.faithful,ieee118,,,,devices,defended=0;scenario=118;window=1044,16.0,,,
wu26.faithful-ieee118-20261003t073420z-cc2010-0bf9d6,wu26.faithful,ieee118,,,,devices,defended=0;scenario=118;window=1045,14.0,,,
wu26.faithful-ieee118-20261003t073420z-cc2010-0bf9d6,wu26.faithful,ieee118,,,,devices,defended=0;scenario=118;window=1046,19.0,,,
wu26.faithful-ieee118-20261003t073420z-cc2010-0bf9d6,wu26.faithful,ieee118,,,,devices,defended=0;scenario=118;window=1047,12.0,,,
wu26.faithful-ieee118-20261003t073420z-cc2010-0bf9d6,wu26.faithful,ieee118,,,,devices,defended=0;scenario=118;window=1048,14.0,,,
wu26.faithful-ieee118-20261003t073420z-cc2010-0bf9d6,wu26.faithful,ieee118,,,,devices,defended=0;scenario=118;window=1049,15.0,,,
wu26.faithful-ieee118-20261003t073420z-cc2010-0bf9d6,wu26.faithful,ieee118,,,,devices,defended=0;scenario=118;window=1050,14.0,,,
wu26.faithful-ieee118-20261003t073420z-cc2010-0bf9d6,wu26.faithful,ieee118,,,,devices,defended=0;scenario=118;window=1051,17.0,,,
wu26.faithful-ieee118-20261003t073420z-cc2010-0bf9d6,wu26.faithful,ieee118,,,,devices,defended=0;scenario=118;window=1052,15.0,,,
wu26.faithful-ieee118-20261003t073420z-cc2010-0bf9d6,wu26.faithful,ieee118,,,,devices,defended=0;scenario=118;window=1053,22.0,,,
wu26.faithful-ieee118-20261003t073420z-cc2010-0bf9d6,wu26.faithful,ieee118,,,,devices,defended=0;scenario=118;window=1054,13.0,,,
wu26.faithful-ieee118-20261003t073420z-cc2010-0bf9d6,wu26.faithful,ieee118,,,,devices,defended=0;scenario=118;window=1055,16.0,,,
wu26.faithful-ieee118-20261003t073420z-cc2010-0bf9d6,wu26.faithful,ieee118,,,,devices,defended=0;scenario=118;window=1056,16.0,,,
wu26.faithful-ieee118-20261003t073420z-cc2010-0bf9d6,wu26.faithful,ieee118,,,,devices,defended=0;scenario=118;window=1057,15.0,,,
wu26.faithful-ieee118-20261003t073420z-cc2010-0bf9d6,wu26.faithful,ieee118,,,,devices,defended=0;scenario=118;window=1058,11.0,,,
wu26.faithful-ieee118-20261003t073420z-cc2010-0bf9d6,wu26.faithful,ieee118,,,,devices,defended=0;scenario=118;window=1059,17.0,,,
wu26.faithful-ieee118-20261003t073420z-cc2010-0bf9d6,wu26.faithful,ieee118,,,,devices,defended=0;scenario=118;window=1060,23.0,,,
wu26.faithful-ieee118-20261003t073420z-cc2010-0bf9d6,wu26.faithful,ieee118,,,,devices,defended=0;scenario=118;window=1061,25.0,,,
wu26.faithful-ieee118-20261003t073420z-cc2010-0bf9d6,wu26.faithful,ieee118,,,,devices,defended=0;scenario=118;window=1062,16.0,,,
wu26.faithful-ieee118-20261003t073420z-cc2010-0bf9d6,wu26.faithful,ieee118,,,,devices,defended=0;scenario=118;window=1063,17.0,,,
wu26.faithful-ieee118-20261003t073420z-cc2010-0bf9d6,wu26.faithful,ieee118,,,,devices,defended=0;scenario=118;window=1064,15.0,,,
wu26.faithful-ieee118-20261003t073420z-cc2010-0bf9d6,wu26.faithful,ieee118,,,,devices,defended=0;scenario=118;window=1065,16.0,,,
wu26.faithful-ieee118-20261003t073420z-cc2010-0bf9d6,wu26.faithful,ieee118,,,,devices,defended=0;scenario=118;window=1066,14.0,,,
wu26.faithful-ieee118-20261003t073420z-cc2010-0bf9d6,wu26.faithful,ieee118,,,,devices,defended=0;scenario=118;window=1067,17.0,,,
wu26.faithful-ieee118-20261003t073420z-cc2010-0bf9d6,wu26.faithful,ieee118,,,,devices,defended=0;scenario=118;window=1068,16.0,,,
wu26.faithful-ieee118-20261003t073420z-cc2010-0bf9d6,wu26.faithful,ieee118,,,,devices,defended=0;scenario=118;window=1069,18.0,,,
wu26.faithful-ieee118-20261003t073420z-cc2010-0bf9d6,wu26.faithful,ieee118,,,,devices,defended=0;scenario=118;window=1070,13.0,,,
wu26.faithful-ieee118-20261003t073420z-cc2010-0bf9d6,wu26.faithful,ieee118,,,,devices,defended=0;scenario=118;window=1071,17.0,,,
wu26.faithful-ieee118-20261003t073420z-cc2010-0bf9d6,wu26.faithful,ieee118,,,,devices,defended=0;scenario=118;window=1072,15.0,,,
wu26.faithful-ieee118-20261003t073420z-cc2010-0bf9d6,wu26.faithful,ieee118,,,,devices,defended=0;scenario=118;window=1073,18.0,,,
wu26.faithful-ieee118-20261003t073420z-cc2010-0bf9d6,wu26.faithful,ieee118,,,,devices,defended=0;scenario=118;window=1074,14.0,,,
wu26.faithful-ieee118-20261003t073420z-cc2010-0bf9d6,wu26.faithful,ieee118,,,,devices,defended=0;scenario=118;window=1075,16.0,,,
wu26.faithful-ieee118-20261003t073420z-cc2010-0bf9d6,wu26.faithful,ieee118,,,,devices,defended=0;scenario=118;window=1076,15.0,,,
wu26.faithful-ieee118-20261003t073420z-cc2010-0bf9d6,wu26.faithful,ieee118,,,,devices,defended=0;scenario=118;window=1077,18.0,,,
wu26.faithful-ieee118-20261003t073420z-cc2010-0bf9d6,wu26.faithful,ieee118,,,,devices,defended=0;scenario=118;window=1078,17.0,,,
wu26.faithful-ieee118-20261003t073420z-cc2010-0bf9d6,wu26.faithful,ieee118,,,,devices,defended=0;scenario=118;window=1079,15.0,,,
wu26.faithful-ieee118-20261003t073420z-cc2010-0bf9d6,wu26.faithful,ieee118,,,,devices,defended=0;scenario=118;window=1080,14.0,,,
wu26.faithful-ieee118-20261003t073420z-cc2010-0bf9d6,wu26.faithful,ieee118,,,,devices,defended=0;scenario=118;window=1081,20.0,,,
wu26.faithful-ieee118-20261003t073420z-cc2010-0bf9d6,wu26.faithful,ieee118,,,,devices,defended=0;scenario=118;window=1082,11.0,,,
wu26.faithful-ieee118-20261003t073420z-cc2010-0bf9d6,wu26.faithful,ieee118,,,,devices,defended=0;scenario=118;window=1083,11.0,,,
wu26.faithful-ieee118-20261003t073420z-cc2010-0bf9d6,wu26.faithful,ieee118,,,,devices,defended=0;scenario=118;window=1084,23.0,,,
wu26.faithful-ieee118-20261003t073420z-cc2010-0bf9d6,wu26.faithful,ieee118,,,,devices,defended=0;scenario=118;window=1085,16.0,,,
wu26.faithful-ieee118-20261003t073420z-cc2010-0bf9d6,wu26.faithful,ieee118,,,,devices,defended=0;scenario=118;window=1086,18.0,,,
wu26.faithful-ieee118-20261003t073420z-cc2010-0bf9d6,wu26.faithful,ieee118,,,,devices,defended=0;scenario=118;window=1087,16.0,,,
wu26.faithful-ieee118-20261003t073420z-cc2010-0bf9d6,wu26.faithful,ieee118,,,,devices,defended=0;scenario=118;window=1088,11.0,,,
wu26.faithful-ieee118-20261003t073420z-cc2010-0bf9d6,wu26.faithful,ieee118,,,,devices,defended=0;scenario=118;window=1089,15.0,,,
wu26.faithful-ieee118-20261003t073420z-cc2010-0bf9d6,wu26.faithful,ieee118,,,,devices,defended=0;scenario=118;window=1090,12.0,,,
wu26.faithful-ieee118-20261003t073420z-cc2010-0bf9d6,wu26.faithful,ieee118,,,,devices,defended=0;scenario=118;window=1091,15.0,,,
wu26.faithful-ieee118-20261003t073420z-cc2010-0bf9d6,wu26.faithful,ieee118,,,,devices,defended=0;scenario=118;window=1092,12.0,,,
wu26.faithful-ieee118-20261003t073420z-cc2010-0bf9d6,wu26.faithful,ieee118,,,,devices,defended=0;scenario=118;window=1093,21.0,,,
wu26.faithful-ieee118-20261003t073420z-cc2010-0bf9d6,wu26.faithful,ieee118,,,,devices,defended=0;scenario=118;window=1094,18.0,,,
wu26.faithful-ieee118-20261003t073420z-cc2010-0bf9d6,wu26.faithful,ieee118,,,,devices,defended=0;scenario=118;window=1095,17.0,,,
wu26.faithful-ieee118-20261003t073420z-cc2010-0bf9d6,wu26.faithful,ieee118,,,,devices,defended=0;scenario=118;window=1096,17.0,,,
wu26.faithful-ieee118-20261003t073420z-cc2010-0bf9d6,wu26.faithful,ieee118,,,,devices,defended=0;scenario=118;window=1097,14.0,,,
wu26.faithful-ieee118-20261003t073420z-cc2010-0bf9d6,wu26.faithful,ieee118,,,,devices,defended=0;scenario=118;window=1098,12.0,,,
wu26.faithful-ieee118-20261003t073420z-cc2010-0bf9d6,wu26.faithful,ieee118,,,,devices,defended=0;scenario=118;window=1099,11.0,,,
wu26.faithful-ieee118-20261003t073420z-cc2010-0bf9d6,wu26.faithful,ieee118,,,,feasible,defended=0;scenario=118;window=1000,1.0,,,
wu26.faithful-ieee118-20261003t073420z-cc2010-0bf9d6,wu26.faithful,ieee118,,,,feasible,defended=0;scenario=118;window=1001,1.0,,,
wu26.faithful-ieee118-20261003t073420z-cc2010-0bf9d6,wu26.faithful,ieee118,,,,feasible,defended=0;scenario=118;window=1002,1.0,,,
wu26.faithful-ieee118-20261003t073420z-cc2010-0bf9d6,wu26.faithful,ieee118,,,,feasible,defended=0;scenario=118;window=1003,1.0,,,
wu26.faithful-ieee118-20261003t073420z-cc2010-0bf9d6,wu26.faithful,ieee118,,,,feasible,defended=0;scenario=118;window=1004,1.0,,,
wu26.faithful-ieee118-20261003t073420z-cc2010-0bf9d6,wu26.faithful,ieee118,,,,feasible,defended=0;scenario=118;window=1005,1.0,,,
wu26.faithful-ieee118-20261003t073420z-cc2010-0bf9d6,wu26.faithful,ieee118,,,,feasible,defended=0;scenario=118;window=1006,1.0,,,
wu26.faithful-ieee118-20261003t073420z-cc2010-0bf9d6,wu26.faithful,ieee118,,,,feasible,defended=0;scenario=118;window=1007,1.0,,,
wu26.faithful-ieee118-20261003t073420z-cc2010-0bf9d6,wu26.faithful,ieee118,,,,feasible,defended=0;scenario=118;window=1008,1.0,,,
wu26.faithful-ieee118-20261003t073420z-cc2010-0bf9d6,wu26.faithful,ieee118,,,,feasible,defended=0;scenario=118;window=1009,1.0,,,
wu26.faithful-ieee118-20261003t073420z-cc2010-0bf9d6,wu26.faithful,ieee118,,,,feasible,defended=0;scenario=118;window=1010,1.0,,,
wu26.faithful-ieee118-20261003t073420z-cc2010-0bf9d6,wu26.faithful,ieee118,,,,feasible,defended=0;scenario=118;window=1011,1.0,,,
wu26.faithful-ieee118-20261003t073420z-cc2010-0bf9d6,wu26.faithful,ieee118,,,,feasible,defended=0;scenario=118;window=1012,1.0,,,
wu26.faithful-ieee118-20261003t073420z-cc2010-0bf9d6,wu26.faithful,ieee118,,,,feasible,defended=0;scenario=118;window=1013,1.0,,,
wu26.faithful-ieee118-20261003t073420z-cc2010-0bf9d6,wu26.faithful,ieee118,,,,feasible,defended=0;scenario=118;window=1014,1.0,,,
wu26.faithful-ieee118-20261003t073420z-cc2010-0bf9d6,wu26.faithful,ieee118,,,,feasible,defended=0;scenario=118;window=1015,1.0,,,
wu26.faithful-ieee118-20261003t073420z-cc2010-0bf9d6,wu26.faithful,ieee118,,,,feasible,defended=0;scenario=118;window=1016,1.0,,,
wu26.faithful-ieee118-20261003t073420z-cc2010-0bf9d6,wu26.faithful,ieee118,,,,feasible,defended=0;scenario=118;window=1017,1.0,,,
wu26.faithful-ieee118-20261003t073420z-cc2010-0bf9d6,wu26.faithful,ieee118,,,,feasible,defended=0;scenario=118;window=1018,1.0,,,
wu26.faithful-ieee118-20261003t073420z-cc2010-0bf9d6,wu26.faithful,ieee118,,,,feasible,defended=0;scenario=118;window=1019,1.0,,,
wu26.faithful-ieee118-20261003t073420z-cc2010-0bf9d6,wu26.faithful,ieee118,,,,feasible,defended=0;scenario=118;window=1020,1.0,,,
wu26.faithful-ieee118-20261003t073420z-cc2010-0bf9d6,wu26.faithful,ieee118,,,,feasible,defended=0;scenario=118;window=1021,1.0,,,
wu26.faithful-ieee118-20261003t073420z-cc2010-0bf9d6,wu26.faithful,ieee118,,,,feasible,defended=0;scenario=118;window=1022,1.0,,,
wu26.faithful-ieee118-20261003t073420z-cc2010-0bf9d6,wu26.faithful,ieee118,,,,feasible,defended=0;scenario=118;window=1023,1.0,,,
wu26.faithful-ieee118-20261003t073420z-cc2010-0bf9d6,wu26.faithful,ieee118,,,,feasible,defended=0;scenario=118;window=1024,1.0,,,
wu26.faithful-ieee118-20261003t073420z-cc2010-0bf9d6,wu26.faithful,ieee118,,,,feasible,defended=0;scenario=118;window=1025,1.0,,,
wu26.faithful-ieee118-20261003t073420z-cc2010-0bf9d6,wu26.faithful,ieee118,,,,feasible,defended=0;scenario=118;window=1026,1.0,,,
wu26.faithful-ieee118-20261003t073420z-cc2010-0bf9d6,wu26.faithful,ieee118,,,,feasible,defended=0;scenario=118;window=1027,1.0,,,
wu26.faithful-ieee118-20261003t073420z-cc2010-0bf9d6,wu26.faithful,ieee118,,,,feasible,defended=0;scenario=118;window=1028,1.0,,,
wu26.faithful-ieee118-20261003t073420z-cc2010-0bf9d6,wu26.faithful,ieee118,,,,feasible,defended=0;scenario=118;window=1029,1.0,,,
wu26.faithful-ieee118-20261003t073420z-cc2010-0bf9d6,wu26.faithful,ieee118,,,,feasible,defended=0;scenario=118;window=1030,1.0,,,
wu26.faithful-ieee118-20261003t073420z-cc2010-0bf9d6,wu26.faithful,ieee118,,,,feasible,defended=0;scenario=118;window=1031,1.0,,,
wu26.faithful-ieee118-20261003t073420z-cc2010-0bf9d6,wu26.faithful,ieee118,,,,feasible,defended=0;scenario=118;window=1032,1.0,,,
wu26.faithful-ieee118-20261003t073420z-cc2010-0bf9d6,wu26.faithful,ieee118,,,,feasible,defended=0;scenario=118;window=1033,1.0,,,
wu26.faithful-ieee118-20261003t073420z-cc2010-0bf9d6,wu26.faithful,ieee118,,,,feasible,defended=0;scenario=118;window=1034,1.0,,,
wu26.faithful-ieee118-20261003t073420z-cc2010-0bf9d6,wu26.faithful,ieee118,,,,feasible,defended=0;scenario=118;window=1035,1.0,,,
wu26.faithful-ieee118-20261003t073420z-cc2010-0bf9d6,wu26.faithful,ieee118,,,,feasible,defended=0;scenario=118;window=1036,1.0,,,
wu26.faithful-ieee118-20261003t073420z-cc2010-0bf9d6,wu26.faithful,ieee118,,,,feasible,defended=0;scenario=118;window=1037,1.0,,,
wu26.faithful-ieee118-20261003t073420z-cc2010-0bf9d6,wu26.faithful,ieee118,,,,feasible,defended=0;scenario=118;window=1038,1.0,,,
wu26.faithful-ieee118-20261003t073420z-cc2010-0bf9d6,wu26.faithful,ieee118,,,,feasible,defended=0;scenario=118;window=1039,1.0,,,
wu26.faithful-ieee118-20261003t073420z-cc2010-0bf9d6,wu26.faithful,ieee118,,,,feasible,defended=0;scenario=118;window=1040,1.0,,,
wu26.faithful-ieee118-20261003t073420z-cc2010-0bf9d6,wu26.faithful,ieee118,,,,feasible,defended=0;scenario=118;window=1041,0.0,,,
wu26.faithful-ieee118-20261003t073420z-cc2010-0bf9d6,wu26.faithful,ieee118,,,,feasible,defended=0;scenario=118;window=1042,1.0,,,
wu26.faithful-ieee118-20261003t073420z-cc2010-0bf9d6,wu26.faithful,ieee118,,,,feasible,defended=0;scenario=118;window=1043,1.0,,,
wu26.faithful-ieee118-20261003t073420z-cc2010-0bf9d6,wu26.faithful,ieee118,,,,feasible,defended=0;scenario=118;window=1044,1.0,,,
wu26.faithful-ieee118-20261003t073420z-cc2010-0bf9d6,wu26.faithful,ieee118,,,,feasible,defended=0;scenario=118;window=1045,1.0,,,
wu26.faithful-ieee118-20261003t073420z-cc2010-0bf9d6,wu26.faithful,ieee118,,,,feasible,defended=0;scenario=118;window=1046,1.0,,,
wu26.faithful-ieee118-20261003t073420z-cc2010-0bf9d6,wu26.faithful,ieee118,,,,feasible,defended=0;scenario=118;window=1047,1.0,,,
wu26.faithful-ieee118-20261003t073420z-cc2010-0bf9d6,wu26.faithful,ieee118,,,,feasible,defended=0;scenario=118;window=1048,1.0,,,
wu26.faithful-ieee118-20261003t073420z-cc2010-0bf9d6,wu26.faithful,ieee118,,,,feasible,defended=0;scenario=118;window=1049,1.0,,,
wu26.faithful-ieee118-20261003t073420z-cc2010-0bf9d6,wu26.faithful,ieee118,,,,feasible,defended=0;scenario=118;window=1050,1.0,,,
wu26.faithful-ieee118-20261003t073420z-cc2010-0bf9d6,wu26.faithful,ieee118,,,,feasible,defended=0;scenario=118;window=1051,1.0,,,
wu26.faithful-ieee118-20261003t073420z-cc2010-0bf9d6,wu26.faithful,ieee118,,,,feasible,defended=0;scenario=118;window=1052,1.0,,,
wu26.faithful-ieee118-20261003t073420z-cc2010-0bf9d6,wu26.faithful,ieee118,,,,feasible,defended=0;scenario=118;window=1053,1.0,,,
wu26.faithful-ieee118-20261003t073420z-cc2010-0bf9d6,wu26.faithful,ieee118,,,,feasible,defended=0;scenario=118;window=1054,1.0,,,
wu26.faithful-ieee118-20261003t073420z-cc2010-0bf9d6,wu26.faithful,ieee118,,,,feasible,defended=0;scenario=118;window=1055,1.0,,,
wu26.faithful-ieee118-20261003t073420z-cc2010-0bf9d6,wu26.faithful,ieee118,,,,feasible,defended=0;scenario=118;window=1056,1.0,,,
wu26.faithful-ieee118-20261003t073420z-cc2010-0bf9d6,wu26.faithful,ieee118,,,,feasible,defended=0;scenario=118;window=1057,1.0,,,
wu26.faithful-ieee118-20261003t073420z-cc2010-0bf9d6,wu26.faithful,ieee118,,,,feasible,defended=0;scenario=118;window=1058,1.0,,,
wu26.faithful-ieee118-20261003t073420z-cc2010-0bf9d6,wu26.faithful,ieee118,,,,feasible,defended=0;scenario=118;window=1059,1.0,,,
wu26.faithful-ieee118-20261003t073420z-cc2010-0bf9d6,wu26.faithful,ieee118,,,,feasible,defended=0;scenario=118;window=1060,1.0,,,
wu26.faithful-ieee118-20261003t073420z-cc2010-0bf9d6,wu26.faithful,ieee118,,,,feasible,defended=0;scenario=118;window=1061,1.0,,,
wu26.faithful-ieee118-20261003t073420z-cc2010-0bf9d6,wu26.faithful,ieee118,,,,feasible,defended=0;scenario=118;window=1062,1.0,,,
wu26.faithful-ieee118-20261003t073420z-cc2010-0bf9d6,wu26.faithful,ieee118,,,,feasible,defended=0;scenario=118;window=1063,1.0,,,
wu26.faithful-ieee118-20261003t073420z-cc2010-0bf9d6,wu26.faithful,ieee118,,,,feasible,defended=0;scenario=118;window=1064,1.0,,,
wu26.faithful-ieee118-20261003t073420z-cc2010-0bf9d6,wu26.faithful,ieee118,,,,feasible,defended=0;scenario=118;window=1065,1.0,,,
wu26.faithful-ieee118-20261003t073420z-cc2010-0bf9d6,wu26.faithful,ieee118,,,,feasible,defended=0;scenario=118;window=1066,1.0,,,
wu26.faithful-ieee118-20261003t073420z-cc2010-0bf9d6,wu26.faithful,ieee118,,,,feasible,defended=0;scenario=118;window=1067,1.0,,,
wu26.faithful-ieee118-20261003t073420z-cc2010-0bf9d6,wu26.faithful,ieee118,,,,feasible,defended=0;scenario=118;window=1068,1.0,,,
wu26.faithful-ieee118-20261003t073420z-cc2010-0bf9d6,wu26.faithful,ieee118,,,,feasible,defended=0;scenario=118;window=1069,1.0,,,
wu26.faithful-ieee118-20261003t073420z-cc2010-0bf9d6,wu26.faithful,ieee118,,,,feasible,defended=0;scenario=118;window=1070,1.0,,,
wu26.faithful-ieee118-20261003t073420z-cc2010-0bf9d6,wu26.faithful,ieee118,,,,feasible,defended=0;scenario=118;window=1071,1.0,,,
wu26.faithful-ieee118-20261003t073420z-cc2010-0bf9d6,wu26.faithful,ieee118,,,,feasible,defended=0;scenario=118;window=1072,1.0,,,
wu26.faithful-ieee118-20261003t073420z-cc2010-0bf9d6,wu26.faithful,ieee118,,,,feasible,defended=0;scenario=118;window=1073,1.0,,,
wu26.faithful-ieee118-20261003t073420z-cc2010-0bf9d6,wu26.faithful,ieee118,,,,feasible,defended=0;scenario=118;window=1074,1.0,,,
wu26.faithful-ieee118-20261003t073420z-cc2010-0bf9d6,wu26.faithful,ieee118,,,,feasible,defended=0;scenario=118;window=1075,1.0,,,
wu26.faithful-ieee118-20261003t073420z-cc2010-0bf9d6,wu26.faithful,ieee118,,,,feasible,defended=0;scenario=118;window=1076,1.0,,,
wu26.faithful-ieee118-20261003t073420z-cc2010-0bf9d6,wu26.faithful,ieee118,,,,feasible,defended=0;scenario=118;window=1077,1.0,,,
wu26.faithful-ieee118-20261003t073420z-cc2010-0bf9d6,wu26.faithful,ieee118,,,,feasible,defended=0;scenario=118;window=1078,1.0,,,
wu26.faithful-ieee118-20261003t073420z-cc2010-0bf9d6,wu26.faithful,ieee118,,,,feasible,defended=0;scenario=118;window=1079,1.0,,,
wu26.faithful-ieee118-20261003t073420z-cc2010-0bf9d6,wu26.faithful,ieee118,,,,feasible,defended=0;scenario=118;window=1080,1.0,,,
wu26.faithful-ieee118-20261003t073420z-cc2010-0bf9d6,wu26.faithful,ieee118,,,,feasible,defended=0;scenario=118;window=1081,1.0,,,
wu26.faithful-ieee118-20261003t073420z-cc2010-0bf9d6,wu26.faithful,ieee118,,,,feasible,defended=0;scenario=118;window=1082,1.0,,,
wu26.faithful-ieee118-20261003t073420z-cc2010-0bf9d6,wu26.faithful,ieee118,,,,feasible,defended=0;scenario=118;window=1083,1.0,,,
wu26.faithful-ieee118-20261003t073420z-cc2010-0bf9d6,wu26.faithful,ieee118,,,,feasible,defended=0;scenario=118;window=1084,1.0,,,
wu26.faithful-ieee118-20261003t073420z-cc2010-0bf9d6,wu26.faithful,ieee118,,,,feasible,defended=0;scenario=118;window=1085,1.0,,,
wu26.faithful-ieee118-20261003t073420z-cc2010-0bf9d6,wu26.faithful,ieee118,,,,feasible,defended=0;scenario=118;window=1086,1.0,,,
wu26.faithful-ieee118-20261003t073420z-cc2010-0bf9d6,wu26.faithful,ieee118,,,,feasible,defended=0;scenario=118;window=1087,1.0,,,
wu26.faithful-ieee118-20261003t073420z-cc2010-0bf9d6,wu26.faithful,ieee118,,,,feasible,defended=0;scenario=118;window=1088,1.0,,,
wu26.faithful-ieee118-20261003t073420z-cc2010-0bf9d6,wu26.faithful,ieee118,,,,feasible,defended=0;scenario=118;window=1089,1.0,,,
wu26.faithful-ieee118-20261003t073420z-cc2010-0bf9d6,wu26.faithful,ieee118,,,,feasible,defended=0;scenario=118;window=1090,1.0,,,
wu26.faithful-ieee118-20261003t073420z-cc2010-0bf9d6,wu26.faithful,ieee118,,,,feasible,defended=0;scenario=118;window=1091,1.0,,,
wu26.faithful-ieee118-20261003t073420z-cc2010-0bf9d6,wu26.faithful,ieee118,,,,feasible,defended=0;scenario=118;window=1092,1.0,,,
wu26.faithful-ieee118-20261003t073420z-cc2010-0bf9d6,wu26.faithful,ieee118,,,,feasible,defended=0;scenario=118;window=1093,1.0,,,
wu26.faithful-ieee118-20261003t073420z-cc2010-0bf9d6,wu26.faithful,ieee118,,,,feasible,defended=0;scenario=118;window=1094,1.0,,,
wu26.faithful-ieee118-20261003t073420z-cc2010-0bf9d6,wu26.faithful,ieee118,,,,feasible,defended=0;scenario=118;window=1095,1.0,,,
wu26.faithful-ieee118-20261003t073420z-cc2010-0bf9d6,wu26.faithful,ieee118,,,,feasible,defended=0;scenario=118;window=1096,1.0,,,
wu26.faithful-ieee118-20261003t073420z-cc2010-0bf9d6,wu26.faithful,ieee118,,,,feasible,defended=0;scenario=118;window=1097,1.0,,,
wu26.faithful-ieee118-20261003t073420z-cc2010-0bf9d6,wu26.faithful,ieee118,,,,feasible,defended=0;scenario=118;window=1098,1.0,,,
wu26.faithful-ieee118-20261003t073420z-cc2010-0bf9d6,wu26.faithful,ieee118,,,,feasible,defended=0;scenario=118;window=1099,1.0,,,
wu26.faithful-ieee118-20261003t073420z-cc2010-0bf9d6,wu26.faithful,ieee118,,,,jaccard_pmu,defended=0;scenario=118;window=1000,0.375,,,
wu26.faithful-ieee118-20261003t073420z-cc2010-0bf9d6,wu26.faithful,ieee118,,,,jaccard_pmu,defended=0;scenario=118;window=1001,0.375,,,
wu26.faithful-ieee118-20261003t073420z-cc2010-0bf9d6,wu26.faithful,ieee118,,,,jaccard_pmu,defended=0;scenario=118;window=1002,0.3333333333333333,,,
wu26.faithful-ieee118-20261003t073420z-cc2010-0bf9d6,wu26.faithful,ieee118,,,,jaccard_pmu,defended=0;scenario=118;window=1003,0.4,,,
wu26.faithful-ieee118-20261003t073420z-cc2010-0bf9d6,wu26.faithful,ieee118,,,,jaccard_pmu,defended=0;scenario=118;window=1004,0.4444444444444444,,,
wu26.faithful-ieee118-20261003t073420z-cc2010-0bf9d6,wu26.faithful,ieee118,,,,jaccard_pmu,defended=0;scenario=118;window=1005,0.375,,,
wu26.faithful-ieee118-20261003t073420z-cc2010-0bf9d6,wu26.faithful,ieee118,,,,jaccard_pmu,defended=0;scenario=118;window=1006,0.375,,,
wu26.faithful-ieee118-20261003t073420z-cc2010-0bf9d6,wu26.faithful,ieee118,,,,jaccard_pmu,defended=0;scenario=118;window=1007,0.5,,,
wu26.faithful-ieee118-20261003t073420z-cc2010-0bf9d6,wu26.faithful,ieee118,,,,jaccard_pmu,defended=0;scenario=118;window=1008,0.375,,,
wu26.faithful-ieee118-20261003t073420z-cc2010-0bf9d6,wu26.faithful,ieee118,,,,jaccard_pmu,defended=0;scenario=118;window=1009,0.5,,,
wu26.faithful-ieee118-20261003t073420z-cc2010-0bf9d6,wu26.faithful,ieee118,,,,jaccard_pmu,defended=0;scenario=118;window=1010,0.375,,,
wu26.faithful-ieee118-20261003t073420z-cc2010-0bf9d6,wu26.faithful,ieee118,,,,jaccard_pmu,defended=0;scenario=118;window=1011,0.5,,,
wu26.faithful-ieee118-20261003t073420z-cc2010-0bf9d6,wu26.faithful,ieee118,,,,jaccard_pmu,defended=0;scenario=118;window=1012,0.375,,,
wu26.faithful-ieee118-20261003t073420z-cc2010-0bf9d6,wu26.faithful,ieee118,,,,jaccard_pmu,defended=0;scenario=118;window=1013,0.375,,,
wu26.faithful-ieee118-20261003t073420z-cc2010-0bf9d6,wu26.faithful,ieee118,,,,jaccard_pmu,defended=0;scenario=118;window=1014,0.375,,,
wu26.faithful-ieee118-20261003t073420z-cc2010-0bf9d6,wu26.faithful,ieee118,,,,jaccard_pmu,defended=0;scenario=118;window=1015,0.5,,,
wu26.faithful-ieee118-20261003t073420z-cc2010-0bf9d6,wu26.faithful,ieee118,,,,jaccard_pmu,defended=0;scenario=118;window=1016,0.375,,,
wu26.faithful-ieee118-20261003t073420z-cc2010-0bf9d6,wu26.faithful,ieee118,,,,jaccard_pmu,defended=0;scenario=118;window=1017,0.4444444444444444,,,
wu26.faithful-ieee118-20261003t073420z-cc2010-0bf9d6,wu26.faithful,ieee118,,,,jaccard_pmu,defended=0;scenario=118;window=1018,0.375,,,
wu26.faithful-ieee118-20261003t073420z-cc2010-0bf9d6,wu26.faithful,ieee118,,,,jaccard_pmu,defended=0;scenario=118;window=1019,0.5,,,
wu26.faithful-ieee118-20261003t073420z-cc2010-0bf9d6,wu26.faithful,ieee118,,,,jaccard_pmu,defended=0;scenario=118;window=1020,0.5,,,
wu26.faithful-ieee118-20261003t073420z-cc2010-0bf9d6,wu26.faithful,ieee118,,,,jaccard_pmu,defended=0;scenario=118;window=1021,0.4444444444444444,,,
wu26.faithful-ieee118-20261003t073420z-cc2010-0bf9d6,wu26.faithful,ieee118,,,,jaccard_pmu,defended=0;scenario=118;window=1022,0.375,,,
wu26.faithful-ieee118-20261003t073420z-cc2010-0bf9d6,wu26.faithful,ieee118,,,,jaccard_pmu,defended=0;scenario=118;window=1023,0.375,,,
wu26.faithful-ieee118-20261003t073420z-cc2010-0bf9d6,wu26.faithful,ieee118,,,,jaccard_pmu,defended=0;scenario=118;window=1024,0.375,,,
wu26.faithful-ieee118-20261003t073420z-cc2010-0bf9d6,wu26.faithful,ieee118,,,,jaccard_pmu,defended=0;scenario=118;window=1025,0.375,,,
wu26.faithful-ieee118-20261003t073420z-cc2010-0bf9d6,wu26.faithful,ieee118,,,,jaccard_pmu,defended=0;scenario=118;window=1026,0.375,,,
wu26.faithful-ieee118-20261003t073420z-cc2010-0bf9d6,wu26.faithful,ieee118,,,,jaccard_pmu,defended=0;scenario=118;window=1027,0.4444444444444444,,,
wu26.faithful-ieee118-20261003t073420z-cc2010-0bf9d6,wu26.faithful,ieee118,,,,jaccard_pmu,defended=0;scenario=118;window=1028,0.5,,,
wu26.faithful-ieee118-20261003t073420z-cc2010-0bf9d6,wu26.faithful,ieee118,,,,jaccard_pmu,defended=0;scenario=118;window=1029,0.4444444444444444,,,
wu26.faithful-ieee118-20261003t073420z-cc2010-0bf9d6,wu26.faithful,ieee118,,,,jaccard_pmu,defended=0;scenario=118;window=1030,0.375,,,
wu26.faithful-ieee118-20261003t073420z-cc2010-0bf9d6,wu26.faithful,ieee118,,,,jaccard_pmu,defended=0;scenario=118;window=1031,0.375,,,
wu26.faithful-ieee118-20261003t073420z-cc2010-0bf9d6,wu26.faithful,ieee118,,,,jaccard_pmu,defended=0;scenario=118;window=1032,0.5,,,
wu26.faithful-ieee118-20261003t073420z-cc2010-0bf9d6,wu26.faithful,ieee118,,,,jaccard_pmu,defended=0;scenario=118;window=1033,0.4444444444444444,,,
wu26.faithful-ieee118-20261003t073420z-cc2010-0bf9d6,wu26.faithful,ieee118,,,,jaccard_pmu,defended=0;scenario=118;window=1034,0.5,,,
wu26.faithful-ieee118-20261003t073420z-cc2010-0bf9d6,wu26.faithful,ieee118,,,,jaccard_pmu,defended=0;scenario=118;window=1035,0.375,,,
wu26.faithful-ieee118-20261003t073420z-cc2010-0bf9d6,wu26.faithful,ieee118,,,,jaccard_pmu,defended=0;scenario=118;window=1036,0.5,,,
wu26.faithful-ieee118-20261003t073420z-cc2010-0bf9d6,wu26.faithful,ieee118,,,,jaccard_pmu,defended=0;scenario=118;window=1037,0.4,,,
wu26.faithful-ieee118-20261003t073420z-cc2010-0bf9d6,wu26.faithful,ieee118,,,,jaccard_pmu,defended=0;scenario=118;window=1038,0.5,,,
wu26.faithful-ieee118-20261003t073420z-cc2010-0bf9d6,wu26.faithful,ieee118,,,,jaccard_pmu,defended=0;scenario=118;window=1039,0.375,,,
wu26.faithful-ieee118-20261003t073420z-cc2010-0bf9d6,wu26.faithful,ieee118,,,,jaccard_pmu,defended=0;scenario=118;window=1040,0.375,,,
wu26.faithful-ieee118-20261003t073420z-cc2010-0bf9d6,wu26.faithful,ieee118,,,,jaccard_pmu,defended=0;scenario=118;window=1041,0.5454545454545454,,,
wu26.faithful-ieee118-20261003t073420z-cc2010-0bf9d6,wu26.faithful,ieee118,,,,jaccard_pmu,defended=0;scenario=118;window=1042,0.375,,,
wu26.faithful-ieee118-20261003t073420z-cc2010-0bf9d6,wu26.faithful,ieee118,,,,jaccard_pmu,defended=0;scenario=118;window=1043,0.375,,,
wu26.faithful-ieee118-20261003t073420z-cc2010-0bf9d6,wu26.faithful,ieee118,,,,jaccard_pmu,defended=0;scenario=118;window=1044,0.375,,,
wu26.faithful-ieee118-20261003t073420z-cc2010-0bf9d6,wu26.faithful,ieee118,,,,jaccard_pmu,defended=0;scenario=118;window=1045,0.375,,,
wu26.faithful-ieee118-20261003t073420z-cc2010-0bf9d6,wu26.faithful,ieee118,,,,jaccard_pmu,defended=0;scenario=118;window=1046,0.4,,,
wu26.faithful-ieee118-20261003t073420z-cc2010-0bf9d6,wu26.faithful,ieee118,,,,jaccard_pmu,defended=0;scenario=118;window=1047,0.375,,,
wu26.faithful-ieee118-20261003t073420z-cc2010-0bf9d6,wu26.faithful,ieee118,,,,jaccard_pmu,defended=0;scenario=118;window=1048,0.375,,,
wu26.faithful-ieee118-20261003t073420z-cc2010-0bf9d6,wu26.faithful,ieee118,,,,jaccard_pmu,defended=0;scenario=118;window=1049,0.375,,,
wu26.faithful-ieee118-20261003t073420z-cc2010-0bf9d6,wu26.faithful,ieee118,,,,jaccard_pmu,defended=0;scenario=118;window=1050,0.375,,,
wu26.faithful-ieee118-20261003t073420z-cc2010-0bf9d6,wu26.faithful,ieee118,,,,jaccard_pmu,defended=0;scenario=118;window=1051,0.5,,,
wu26.faithful-ieee118-20261003t073420z-cc2010-0bf9d6,wu26.faithful,ieee118,,,,jaccard_pmu,defended=0;scenario=118;window=1052,0.375,,,
wu26.faithful-ieee118-20261003t073420z-cc2010-0bf9d6,wu26.faithful,ieee118,,,,jaccard_pmu,defended=0;scenario=118;window=1053,0.4,,,
wu26.faithful-ieee118-20261003t073420z-cc2010-0bf9d6,wu26.faithful,ieee118,,,,jaccard_pmu,defended=0;scenario=118;window=1054,0.375,,,
wu26.faithful-ieee118-20261003t073420z-cc2010-0bf9d6,wu26.faithful,ieee118,,,,jaccard_pmu,defended=0;scenario=118;window=1055,0.375,,,
wu26.faithful-ieee118-20261003t073420z-cc2010-0bf9d6,wu26.faithful,ieee118,,,,jaccard_pmu,defended=0;scenario=118;window=1056,0.5,,,
wu26.faithful-ieee118-20261003t073420z-cc2010-0bf9d6,wu26.faithful,ieee118,,,,jaccard_pmu,defended=0;scenario=118;window=1057,0.375,,,
wu26.faithful-ieee118-20261003t073420z-cc2010-0bf9d6,wu26.faithful,ieee118,,,,jaccard_pmu,defended=0;scenario=118;window=1058,0.375,,,
wu26.faithful-ieee118-20261003t073420z-cc2010-0bf9d6,wu26.faithful,ieee118,,,,jaccard_pmu,defended=0;scenario=118;window=1059,0.5,,,
wu26.faithful-ieee118-20261003t073420z-cc2010-0bf9d6,wu26.faithful,ieee118,,,,jaccard_pmu,defended=0;scenario=118;window=1060,0.4444444444444444,,,
wu26.faithful-ieee118-20261003t073420z-cc2010-0bf9d6,wu26.faithful,ieee118,,,,jaccard_pmu,defended=0;scenario=118;window=1061,0.4,,,
wu26.faithful-ieee118-20261003t073420z-cc2010-0bf9d6,wu26.faithful,ieee118,,,,jaccard_pmu,defended=0;scenario=118;window=1062,0.5,,,
wu26.faithful-ieee118-20261003t073420z-cc2010-0bf9d6,wu26.faithful,ieee118,,,,jaccard_pmu,defended=0;scenario=118;window=1063,0.4444444444444444,,,
wu26.faithful-ieee118-20261003t073420z-cc2010-0bf9d6,wu26.faithful,ieee118,,,,jaccard_pmu,defended=0;scenario=118;window=1064,0.375,,,
wu26.faithful-ieee118-20261003t073420z-cc2010-0bf9d6,wu26.faithful,ieee118,,,,jaccard_pmu,defended=0;scenario=118;window=1065,0.5,,,
wu26.faithful-ieee118-20261003t073420z-cc2010-0bf9d6,wu26.faithful,ieee118,,,,jaccard_pmu,defended=0;scenario=118;window=1066,0.375,,,
wu26.faithful-ieee118-20261003t073420z-cc2010-0bf9d6,wu26.faithful,ieee118,,,,jaccard_pmu,defended=0;scenario=118;window=1067,0.5,,,
wu26.faithful-ieee118-20261003t073420z-cc2010-0bf9d6,wu26.faithful,ieee118,,,,jaccard_pmu,defended=0;scenario=118;window=1068,0.375,,,
wu26.faithful-ieee118-20261003t073420z-cc2010-0bf9d6,wu26.faithful,ieee118,,,,jaccard_pmu,defended=0;scenario=118;window=1069,0.4,,,
wu26.faithful-ieee118-20261003t073420z-cc2010-0bf9d6,wu26.faithful,ieee118,,,,jaccard_pmu,defended=0;scenario=118;window=1070,0.375,,,
wu26.faithful-ieee118-20261003t073420z-cc2010-0bf9d6,wu26.faithful,ieee118,,,,jaccard_pmu,defended=0;scenario=118;window=1071,0.5,,,
wu26.faithful-ieee118-20261003t073420z-cc2010-0bf9d6,wu26.faithful,ieee118,,,,jaccard_pmu,defended=0;scenario=118;window=1072,0.5,,,
wu26.faithful-ieee118-20261003t073420z-cc2010-0bf9d6,wu26.faithful,ieee118,,,,jaccard_pmu,defended=0;scenario=118;window=1073,0.4,,,
wu26.faithful-ieee118-20261003t073420z-cc2010-0bf9d6,wu26.faithful,ieee118,,,,jaccard_pmu,defended=0;scenario=118;window=1074,0.375,,,
wu26.faithful-ieee118-20261003t073420z-cc2010-0bf9d6,wu26.faithful,ieee118,,,,jaccard_pmu,defended=0;scenario=118;window=1075,0.375,,,
wu26.faithful-ieee118-20261003t073420z-cc2010-0bf9d6,wu26.faithful,ieee118,,,,jaccard_pmu,defended=0;scenario=118;window=1076,0.375,,,
wu26.faithful-ieee118-20261003t073420z-cc2010-0bf9d6,wu26.faithful,ieee118,,,,jaccard_pmu,defended=0;scenario=118;window=1077,0.4444444444444444,,,
wu26.faithful-ieee118-20261003t073420z-cc2010-0bf9d6,wu26.faithful,ieee118,,,,jaccard_pmu,defended=0;scenario=118;window=1078,0.5,,,
wu26.faithful-ieee118-20261003t073420z-cc2010-0bf9d6,wu26.faithful,ieee118,,,,jaccard_pmu,defended=0;scenario=118;window=1079,0.5,,,
wu26.faithful-ieee118-20261003t073420z-cc2010-0bf9d6,wu26.faithful,ieee118,,,,jaccard_pmu,defended=0;scenario=118;window=1080,0.375,,,
wu26.faithful-ieee118-20261003t073420z-cc2010-0bf9d6,wu26.faithful,ieee118,,,,jaccard_pmu,defended=0;scenario=118;window=1081,0.4444444444444444,,,
wu26.faithful-ieee118-20261003t073420z-cc2010-0bf9d6,wu26.faithful,ieee118,,,,jaccard_pmu,defended=0;scenario=118;window=1082,0.375,,,
wu26.faithful-ieee118-20261003t073420z-cc2010-0bf9d6,wu26.faithful,ieee118,,,,jaccard_pmu,defended=0;scenario=118;window=1083,0.375,,,
wu26.faithful-ieee118-20261003t073420z-cc2010-0bf9d6,wu26.faithful,ieee118,,,,jaccard_pmu,defended=0;scenario=118;window=1084,0.4444444444444444,,,
wu26.faithful-ieee118-20261003t073420z-cc2010-0bf9d6,wu26.faithful,ieee118,,,,jaccard_pmu,defended=0;scenario=118;window=1085,0.4444444444444444,,,
wu26.faithful-ieee118-20261003t073420z-cc2010-0bf9d6,wu26.faithful,ieee118,,,,jaccard_pmu,defended=0;scenario=118;window=1086,0.4444444444444444,,,
wu26.faithful-ieee118-20261003t073420z-cc2010-0bf9d6,wu26.faithful,ieee118,,,,jaccard_pmu,defended=0;scenario=118;window=1087,0.4444444444444444,,,
wu26.faithful-ieee118-20261003t073420z-cc2010-0bf9d6,wu26.faithful,ieee118,,,,jaccard_pmu,defended=0;scenario=118;window=1088,0.375,,,
wu26.faithful-ieee118-20261003t073420z-cc2010-0bf9d6,wu26.faithful,ieee118,,,,jaccard_pmu,defended=0;scenario=118;window=1089,0.375,,,
wu26.faithful-ieee118-20261003t073420z-cc2010-0bf9d6,wu26.faithful,ieee118,,,,jaccard_pmu,defended=0;scenario=118;window=1090,0.375,,,
wu26.faithful-ieee118-20261003t073420z-cc2010-0bf9d6,wu26.faithful,ieee118,,,,jaccard_pmu,defended=0;scenario=118;window=1091,0.375,,,
wu26.faithful-ieee118-20261003t073420z-cc2010-0bf9d6,wu26.faithful,ieee118,,,,jaccard_pmu,defended=0;scenario=118;window=1092,0.375,,,
wu26.faithful-ieee118-20261003t073420z-cc2010-0bf9d6,wu26.faithful,ieee118,,,,jaccard_pmu,defended=0;scenario=118;window=1093,0.4444444444444444,,,
wu26.faithful-ieee118-20261003t073420z-cc2010-0bf9d6,wu26.faithful,ieee118,,,,jaccard_pmu,defended=0;scenario=118;window=1094,0.4444444444444444,,,
wu26.faithful-ieee118-20261003t073420z-cc2010-0bf9d6,wu26.faithful,ieee118,,,,jaccard_pmu,defended=0;scenario=118;window=1095,0.5,,,
wu26.faithful-ieee118-20261003t073420z-cc2010-0bf9d6,wu26.faithful,ieee118,,,,jaccard_pmu,defended=0;scenario=118;window=1096,0.4444444444444444,,,
wu26.faithful-ieee118-20261003t073420z-cc2010-0bf9d6,wu26.faithful,ieee118,,,,jaccard_pmu,defended=0;scenario=118;window=1097,0.375,,,
wu26.faithful-ieee118-20261003t073420z-cc2010-0bf9d6,wu26.faithful,ieee118,,,,jaccard_pmu,defended=0;scenario=118;window=1098,0.375,,,
wu26.faithful-ieee118-20261003t073420z-cc2010-0bf9d6,wu26.faithful,ieee118,,,,jaccard_pmu,defended=0;scenario=118;window=1099,0.375,,,
wu26.faithful-ieee118-20261003t073420z-cc2010-0bf9d6,wu26.faithful,ieee118,,,,jaccard_scada,defended=0;scenario=118;window=1000,0.5,,,
wu26.faithful-ieee118-20261003t073420z-cc2010-0bf9d6,wu26.faithful,ieee118,,,,jaccard_scada,defended=0;scenario=118;window=1001,0.38461538461538464,,,
wu26.faithful-ieee118-20261003t073420z-cc2010-0bf9d6,wu26.faithful,ieee118,,,,jaccard_scada,defended=0;scenario=118;window=1002,0.36363636363636365,,,
wu26.faithful-ieee118-20261003t073420z-cc2010-0bf9d6,wu26.faithful,ieee118,,,,jaccard_scada,defended=0;scenario=118;window=1003,0.2857142857142857,,,
wu26.faithful-ieee118-20261003t073420z-cc2010-0bf9d6,wu26.faithful,ieee118,,,,jaccard_scada,defended=0;scenario=118;window=1004,0.5384615384615384,,,
wu26.faithful-ieee118-20261003t073420z-cc2010-0bf9d6,wu26.faithful,ieee118,,,,jaccard_scada,defended=0;scenario=118;window=1005,0.46153846153846156,,,
wu26.faithful-ieee118-20261003t073420z-cc2010-0bf9d6,wu26.faithful,ieee118,,,,jaccard_scada,defended=0;scenario=118;window=1006,0.5,,,
wu26.faithful-ieee118-20261003t073420z-cc2010-0bf9d6,wu26.faithful,ieee118,,,,jaccard_scada,defended=0;scenario=118;window=1007,0.5833333333333334,,,
wu26.faithful-ieee118-20261003t073420z-cc2010-0bf9d6,wu26.faithful,ieee118,,,,jaccard_scada,defended=0;scenario=118;window=1008,0.5384615384615384,,,
wu26.faithful-ieee118-20261003t073420z-cc2010-0bf9d6,wu26.faithful,ieee118,,,,jaccard_scada,defended=0;scenario=118;window=1009,0.46153846153846156,,,
wu26.faithful-ieee118-20261003t073420z-cc2010-0bf9d6,wu26.faithful,ieee118,,,,jaccard_scada,defended=0;scenario=118;window=1010,0.5384615384615384,,,
wu26.faithful-ieee118-20261003t073420z-cc2010-0bf9d6,wu26.faithful,ieee118,,,,jaccard_scada,defended=0;scenario=118;window=1011,0.5384615384615384,,,
wu26.faithful-ieee118-20261003t073420z-cc2010-0bf9d6,wu26.faithful,ieee118,,,,jaccard_scada,defended=0;scenario=118;window=1012,0.4166666666666667,,,
wu26.faithful-ieee118-20261003t073420z-cc2010-0bf9d6,wu26.faithful,ieee118,,,,jaccard_scada,defended=0;scenario=118;window=1013,0.5,,,
wu26.faithful-ieee118-20261003t073420z-cc2010-0bf9d6,wu26.faithful,ieee118,,,,jaccard_scada,defended=0;scenario=118;window=1014,0.5384615384615384,,,
wu26.faithful-ieee118-20261003t073420z-cc2010-0bf9d6,wu26.faithful,ieee118,,,,jaccard_scada,defended=0;scenario=118;window=1015,0.46153846153846156,,,
wu26.faithful-ieee118-20261003t073420z-cc2010-0bf9d6,wu26.faithful,ieee118,,,,jaccard_scada,defended=0;scenario=118;window=1016,0.5384615384615384,,,
wu26.faithful-ieee118-20261003t073420z-cc2010-0bf9d6,wu26.faithful,ieee118,,,,jaccard_scada,defended=0;scenario=118;window=1017,0.6153846153846154,,,
wu26.faithful-ieee118-20261003t073420z-cc2010-0bf9d6,wu26.faithful,ieee118,,,,jaccard_scada,defended=0;scenario=118;window=1018,0.46153846153846156,,,
wu26.faithful-ieee118-20261003t073420z-cc2010-0bf9d6,wu26.faithful,ieee118,,,,jaccard_scada,defended=0;scenario=118;window=1019,0.5384615384615384,,,
wu26.faithful-ieee118-20261003t073420z-cc2010-0bf9d6,wu26.faithful,ieee118,,,,jaccard_scada,defended=0;scenario=118;window=1020,0.46153846153846156,,,
wu26.faithful-ieee118-20261003t073420z-cc2010-0bf9d6,wu26.faithful,ieee118,,,,jaccard_scada,defended=0;scenario=118;window=1021,0.5384615384615384,,,
wu26.faithful-ieee118-20261003t073420z-cc2010-0bf9d6,wu26.faithful,ieee118,,,,jaccard_scada,defended=0;scenario=118;window=1022,0.46153846153846156,,,
wu26.faithful-ieee118-20261003t073420z-cc2010-0bf9d6,wu26.faithful,ieee118,,,,jaccard_scada,defended=0;scenario=118;window=1023,0.46153846153846156,,,
wu26.faithful-ieee118-20261003t073420z-cc2010-0bf9d6,wu26.faithful,ieee118,,,,jaccard_scada,defended=0;scenario=118;window=1024,0.5384615384615384,,,
wu26.faithful-ieee118-20261003t073420z-cc2010-0bf9d6,wu26.faithful,ieee118,,,,jaccard_scada,defended=0;scenario=118;window=1025,0.3333333333333333,,,
wu26.faithful-ieee118-20261003t073420z-cc2010-0bf9d6,wu26.faithful,ieee118,,,,jaccard_scada,defended=0;scenario=118;window=1026,0.5384615384615384,,,
wu26.faithful-ieee118-20261003t073420z-cc2010-0bf9d6,wu26.faithful,ieee118,,,,jaccard_scada,defended=0;scenario=118;window=1027,0.5,,,
wu26.faithful-ieee118-20261003t073420z-cc2010-0bf9d6,wu26.faithful,ieee118,,,,jaccard_scada,defended=0;scenario=118;window=1028,0.5384615384615384,,,
wu26.faithful-ieee118-20261003t073420z-cc2010-0bf9d6,wu26.faithful,ieee118,,,,jaccard_scada,defended=0;scenario=118;window=1029,0.5,,,
wu26.faithful-ieee118-20261003t073420z-cc2010-0bf9d6,wu26.faithful,ieee118,,,,jaccard_scada,defended=0;scenario=118;window=1030,0.5,,,
wu26.faithful-ieee118-20261003t073420z-cc2010-0bf9d6,wu26.faithful,ieee118,,,,jaccard_scada,defended=0;scenario=118;window=1031,0.36363636363636365,,,
wu26.faithful-ieee118-20261003t073420z-cc2010-0bf9d6,wu26.faithful,ieee118,,,,jaccard_scada,defended=0;scenario=118;window=1032,0.5384615384615384,,,
wu26.faithful-ieee118-20261003t073420z-cc2010-0bf9d6,wu26.faithful,ieee118,,,,jaccard_scada,defended=0;scenario=118;window=1033,0.4375,,,
wu26.faithful-ieee118-20261003t073420z-cc2010-0bf9d6,wu26.faithful,ieee118,,,,jaccard_scada,defended=0;scenario=118;window=1034,0.46153846153846156,,,
wu26.faithful-ieee118-20261003t073420z-cc2010-0bf9d6,wu26.faithful,ieee118,,,,jaccard_scada,defended=0;scenario=118;window=1035,0.46153846153846156,,,
wu26.faithful-ieee118-20261003t073420z-cc2010-0bf9d6,wu26.faithful,ieee118,,,,jaccard_scada,defended=0;scenario=118;window=1036,0.5384615384615384,,,
wu26.faithful-ieee118-20261003t073420z-cc2010-0bf9d6,wu26.faithful,ieee118,,,,jaccard_scada,defended=0;scenario=118;window=1037,0.3888888888888889,,,
wu26.faithful-ieee118-20261003t073420z-cc2010-0bf9d6,wu26.faithful,ieee118,,,,jaccard_scada,defended=0;scenario=118;window=1038,0.5384615384615384,,,
wu26.faithful-ieee118-20261003t073420z-cc2010-0bf9d6,wu26.faithful,ieee118,,,,jaccard_scada,defended=0;scenario=118;window=1039,0.3333333333333333,,,
wu26.faithful-ieee118-20261003t073420z-cc2010-0bf9d6,wu26.faithful,ieee118,,,,jaccard_scada,defended=0;scenario=118;window=1040,0.5384615384615384,,,
wu26.faithful-ieee118-20261003t073420z-cc2010-0bf9d6,wu26.faithful,ieee118,,,,jaccard_scada,defended=0;scenario=118;window=1041,0.2727272727272727,,,
wu26.faithful-ieee118-20261003t073420z-cc2010-0bf9d6,wu26.faithful,ieee118,,,,jaccard_scada,defended=0;scenario=118;window=1042,0.5384615384615384,,,
wu26.faithful-ieee118-20261003t073420z-cc2010-0bf9d6,wu26.faithful,ieee118,,,,jaccard_scada,defended=0;scenario=118;window=1043,0.5,,,
wu26.faithful-ieee118-20261003t073420z-cc2010-0bf9d6,wu26.faithful,ieee118,,,,jaccard_scada,defended=0;scenario=118;window=1044,0.5384615384615384,,,
wu26.faithful-ieee118-20261003t073420z-cc2010-0bf9d6,wu26.faithful,ieee118,,,,jaccard_scada,defended=0;scenario=118;window=1045,0.5,,,
wu26.faithful-ieee118-20261003t073420z-cc2010-0bf9d6,wu26.faithful,ieee118,,,,jaccard_scada,defended=0;scenario=118;window=1046,0.5384615384615384,,,
wu26.faithful-ieee118-20261003t073420z-cc2010-0bf9d6,wu26.faithful,ieee118,,,,jaccard_scada,defended=0;scenario=118;window=1047,0.3333333333333333,,,
wu26.faithful-ieee118-20261003t073420z-cc2010-0bf9d6,wu26.faithful,ieee118,,,,jaccard_scada,defended=0;scenario=118;window=1048,0.5,,,
wu26.faithful-ieee118-20261003t073420z-cc2010-0bf9d6,wu26.faithful,ieee118,,,,jaccard_scada,defended=0;scenario=118;window=1049,0.46153846153846156,,,
wu26.faithful-ieee118-20261003t073420z-cc2010-0bf9d6,wu26.faithful,ieee118,,,,jaccard_scada,defended=0;scenario=118;window=1050,0.5,,,
wu26.faithful-ieee118-20261003t073420z-cc2010-0bf9d6,wu26.faithful,ieee118,,,,jaccard_scada,defended=0;scenario=118;window=1051,0.5384615384615384,,,
wu26.faithful-ieee118-20261003t073420z-cc2010-0bf9d6,wu26.faithful,ieee118,,,,jaccard_scada,defended=0;scenario=118;window=1052,0.46153846153846156,,,
wu26.faithful-ieee118-20261003t073420z-cc2010-0bf9d6,wu26.faithful,ieee118,,,,jaccard_scada,defended=0;scenario=118;window=1053,0.5333333333333333,,,
wu26.faithful-ieee118-20261003t073420z-cc2010-0bf9d6,wu26.faithful,ieee118,,,,jaccard_scada,defended=0;scenario=118;window=1054,0.3076923076923077,,,
wu26.faithful-ieee118-20261003t073420z-cc2010-0bf9d6,wu26.faithful,ieee118,,,,jaccard_scada,defended=0;scenario=118;window=1055,0.5384615384615384,,,
wu26.faithful-ieee118-20261003t073420z-cc2010-0bf9d6,wu26.faithful,ieee118,,,,jaccard_scada,defended=0;scenario=118;window=1056,0.46153846153846156,,,
wu26.faithful-ieee118-20261003t073420z-cc2010-0bf9d6,wu26.faithful,ieee118,,,,jaccard_scada,defended=0;scenario=118;window=1057,0.46153846153846156,,,
wu26.faithful-ieee118-20261003t073420z-cc2010-0bf9d6,wu26.faithful,ieee118,,,,jaccard_scada,defended=0;scenario=118;window=1058,0.36363636363636365,,,
wu26.faithful-ieee118-20261003t073420z-cc2010-0bf9d6,wu26.faithful,ieee118,,,,jaccard_scada,defended=0;scenario=118;window=1059,0.5384615384615384,,,
wu26.faithful-ieee118-20261003t073420z-cc2010-0bf9d6,wu26.faithful,ieee118,,,,jaccard_scada,defended=0;scenario=118;window=1060,0.47058823529411764,,,
wu26.faithful-ieee118-20261003t073420z-cc2010-0bf9d6,wu26.faithful,ieee118,,,,jaccard_scada,defended=0;scenario=118;window=1061,0.4444444444444444,,,
wu26.faithful-ieee118-20261003t073420z-cc2010-0bf9d6,wu26.faithful,ieee118,,,,jaccard_scada,defended=0;scenario=118;window=1062,0.46153846153846156,,,
wu26.faithful-ieee118-20261003t073420z-cc2010-0bf9d6,wu26.faithful,ieee118,,,,jaccard_scada,defended=0;scenario=118;window=1063,0.5833333333333334,,,
wu26.faithful-ieee118-20261003t073420z-cc2010-0bf9d6,wu26.faithful,ieee118,,,,jaccard_scada,defended=0;scenario=118;window=1064,0.46153846153846156,,,
wu26.faithful-ieee118-20261003t073420z-cc2010-0bf9d6,wu26.faithful,ieee118,,,,jaccard_scada,defended=0;scenario=118;window=1065,0.46153846153846156,,,
wu26.faithful-ieee118-20261003t073420z-cc2010-0bf9d6,wu26.faithful,ieee118,,,,jaccard_scada,defended=0;scenario=118;window=1066,0.5,,,
wu26.faithful-ieee118-20261003t073420z-cc2010-0bf9d6,wu26.faithful,ieee118,,,,jaccard_scada,defended=0;scenario=118;window=1067,0.5384615384615384,,,
wu26.faithful-ieee118-20261003t073420z-cc2010-0bf9d6,wu26.faithful,ieee118,,,,jaccard_scada,defended=0;scenario=118;window=1068,0.5384615384615384,,,
wu26.faithful-ieee118-20261003t073420z-cc2010-0bf9d6,wu26.faithful,ieee118,,,,jaccard_scada,defended=0;scenario=118;window=1069,0.46153846153846156,,,
wu26.faithful-ieee118-20261003t073420z-cc2010-0bf9d6,wu26.faithful,ieee118,,,,jaccard_scada,defended=0;scenario=118;window=1070,0.4166666666666667,,,
wu26.faithful-ieee118-20261003t073420z-cc2010-0bf9d6,wu26.faithful,ieee118,,,,jaccard_scada,defended=0;scenario=118;window=1071,0.5384615384615384,,,
wu26.faithful-ieee118-20261003t073420z-cc2010-0bf9d6,wu26.faithful,ieee118,,,,jaccard_scada,defended=0;scenario=118;window=1072,0.5,,,
wu26.faithful-ieee118-20261003t073420z-cc2010-0bf9d6,wu26.faithful,ieee118,,,,jaccard_scada,defended=0;scenario=118;window=1073,0.46153846153846156,,,
wu26.faithful-ieee118-20261003t073420z-cc2010-0bf9d6,wu26.faithful,ieee118,,,,jaccard_scada,defended=0;scenario=118;window=1074,0.5,,,
wu26.faithful-ieee118-20261003t073420z-cc2010-0bf9d6,wu26.faithful,ieee118,,,,jaccard_scada,defended=0;scenario=118;window=1075,0.5384615384615384,,,
wu26.faithful-ieee118-20261003t073420z-cc2010-0bf9d6,wu26.faithful,ieee118,,,,jaccard_scada,defended=0;scenario=118;window=1076,0.46153846153846156,,,
wu26.faithful-ieee118-20261003t073420z-cc2010-0bf9d6,wu26.faithful,ieee118,,,,jaccard_scada,defended=0;scenario=118;window=1077,0.5384615384615384,,,
wu26.faithful-ieee118-20261003t073420z-cc2010-0bf9d6,wu26.faithful,ieee118,,,,jaccard_scada,defended=0;scenario=118;window=1078,0.5384615384615384,,,
wu26.faithful-ieee118-20261003t073420z-cc2010-0bf9d6,wu26.faithful,ieee118,,,,jaccard_scada,defended=0;scenario=118;window=1079,0.5,,,
wu26.faithful-ieee118-20261003t073420z-cc2010-0bf9d6,wu26.faithful,ieee118,,,,jaccard_scada,defended=0;scenario=118;window=1080,0.5,,,
wu26.faithful-ieee118-20261003t073420z-cc2010-0bf9d6,wu26.faithful,ieee118,,,,jaccard_scada,defended=0;scenario=118;window=1081,0.4666666666666667,,,
wu26.faithful-ieee118-20261003t073420z-cc2010-0bf9d6,wu26.faithful,ieee118,,,,jaccard_scada,defended=0;scenario=118;window=1082,0.36363636363636365,,,
wu26.faithful-ieee118-20261003t073420z-cc2010-0bf9d6,wu26.faithful,ieee118,,,,jaccard_scada,defended=0;scenario=118;window=1083,0.36363636363636365,,,
wu26.faithful-ieee118-20261003t073420z-cc2010-0bf9d6,wu26.faithful,ieee118,,,,jaccard_scada,defended=0;scenario=118;window=1084,0.47058823529411764,,,
wu26.faithful-ieee118-20261003t073420z-cc2010-0bf9d6,wu26.faithful,ieee118,,,,jaccard_scada,defended=0;scenario=118;window=1085,0.5,,,
wu26.faithful-ieee118-20261003t073420z-cc2010-0bf9d6,wu26.faithful,ieee118,,,,jaccard_scada,defended=0;scenario=118;window=1086,0.5384615384615384,,,
wu26.faithful-ieee118-20261003t073420z-cc2010-0bf9d6,wu26.faithful,ieee118,,,,jaccard_scada,defended=0;scenario=118;window=1087,0.5,,,
wu26.faithful-ieee118-20261003t073420z-cc2010-0bf9d6,wu26.faithful,ieee118,,,,jaccard_scada,defended=0;scenario=118;window=1088,0.36363636363636365,,,
wu26.faithful-ieee118-20261003t073420z-cc2010-0bf9d6,wu26.faithful,ieee118,,,,jaccard_scada,defended=0;scenario=118;window=1089,0.46153846153846156,,,
wu26.faithful-ieee118-20261003t073420z-cc2010-0bf9d6,wu26.faithful,ieee118,,,,jaccard_scada,defended=0;scenario=118;window=1090,0.3333333333333333,,,
wu26.faithful-ieee118-20261003t073420z-cc2010-0bf9d6,wu26.faithful,ieee118,,,,jaccard_scada,defended=0;scenario=118;window=1091,0.46153846153846156,,,
wu26.faithful-ieee118-20261003t073420z-cc2010-0bf9d6,wu26.faithful,ieee118,,,,jaccard_scada,defended=0;scenario=118;window=1092,0.3333333333333333,,,
wu26.faithful-ieee118-20261003t073420z-cc2010-0bf9d6,wu26.faithful,ieee118,,,,jaccard_scada,defended=0;scenario=118;window=1093,0.5333333333333333,,,
wu26.faithful-ieee118-20261003t073420z-cc2010-0bf9d6,wu26.faithful,ieee118,,,,jaccard_scada,defended=0;scenario=118;window=1094,0.5384615384615384,,,
wu26.faithful-ieee118-20261003t073420z-cc2010-0bf9d6,wu26.faithful,ieee118,,,,jaccard_scada,defended=0;scenario=118;window=1095,0.5384615384615384,,,
wu26.faithful-ieee118-20261003t073420z-cc2010-0bf9d6,wu26.faithful,ieee118,,,,jaccard_scada,defended=0;scenario=118;window=1096,0.46153846153846156,,,
wu26.faithful-ieee118-20261003t073420z-cc2010-0bf9d6,wu26.faithful,ieee118,,,,jaccard_scada,defended=0;scenario=118;window=1097,0.5,,,
wu26.faithful-ieee118-20261003t073420z-cc2010-0bf9d6,wu26.faithful,ieee118,,,,jaccard_scada,defended=0;scenario=118;window=1098,0.3333333333333333,,,
wu26.faithful-ieee118-20261003t073420z-cc2010-0bf9d6,wu26.faithful,ieee118,,,,jaccard_scada,defended=0;scenario=118;window=1099,0.36363636363636365,,,
wu26.faithful-ieee118-20261003t073420z-cc2010-0bf9d6,wu26.faithful,ieee118,,,,max_change_pu,defended=0;scenario=118;window=1000,0.3334952292062182,,,
wu26.faithful-ieee118-20261003t073420z-cc2010-0bf9d6,wu26.faithful,ieee118,,,,max_change_pu,defended=0;scenario=118;window=1001,0.33472400383941,,,
wu26.faithful-ieee118-20261003t073420z-cc2010-0bf9d6,wu26.faithful,ieee118,,,,max_change_pu,defended=0;scenario=118;window=1002,0.30511562438444506,,,
wu26.faithful-ieee118-20261003t073420z-cc2010-0bf9d6,wu26.faithful,ieee118,,,,max_change_pu,defended=0;scenario=118;window=1003,0.8438113500511482,,,
wu26.faithful-ieee118-20261003t073420z-cc2010-0bf9d6,wu26.faithful,ieee118,,,,max_change_pu,defended=0;scenario=118;window=1004,0.6608796873803973,,,
wu26.faithful-ieee118-20261003t073420z-cc2010-0bf9d6,wu26.faithful,ieee118,,,,max_change_pu,defended=0;scenario=118;window=1005,0.3417031835935085,,,
wu26.faithful-ieee118-20261003t073420z-cc2010-0bf9d6,wu26.faithful,ieee118,,,,max_change_pu,defended=0;scenario=118;window=1006,0.31553440590415666,,,
wu26.faithful-ieee118-20261003t073420z-cc2010-0bf9d6,wu26.faithful,ieee118,,,,max_change_pu,defended=0;scenario=118;window=1007,0.34439565145101636,,,
wu26.faithful-ieee118-20261003t073420z-cc2010-0bf9d6,wu26.faithful,ieee118,,,,max_change_pu,defended=0;scenario=118;window=1008,0.3678396209697499,,,
wu26.faithful-ieee118-20261003t073420z-cc2010-0bf9d6,wu26.faithful,ieee118,,,,max_change_pu,defended=0;scenario=118;window=1009,0.35152935621497117,,,
wu26.faithful-ieee118-20261003t073420z-cc2010-0bf9d6,wu26.faithful,ieee118,,,,max_change_pu,defended=0;scenario=118;window=1010,0.37017949278769147,,,
wu26.faithful-ieee118-20261003t073420z-cc2010-0bf9d6,wu26.faithful,ieee118,,,,max_change_pu,defended=0;scenario=118;window=1011,0.3748210285140994,,,
wu26.faithful-ieee118-20261003t073420z-cc2010-0bf9d6,wu26.faithful,ieee118,,,,max_change_pu,defended=0;scenario=118;window=1012,0.326942995560605,,,
wu26.faithful-ieee118-20261003t073420z-cc2010-0bf9d6,wu26.faithful,ieee118,,,,max_change_pu,defended=0;scenario=118;window=1013,0.3406834852017113,,,
wu26.faithful-ieee118-20261003t073420z-cc2010-0bf9d6,wu26.faithful,ieee118,,,,max_change_pu,defended=0;scenario=118;window=1014,0.374258971474035,,,
wu26.faithful-ieee118-20261003t073420z-cc2010-0bf9d6,wu26.faithful,ieee118,,,,max_change_pu,defended=0;scenario=118;window=1015,0.3615759693878556,,,
wu26.faithful-ieee118-20261003t073420z-cc2010-0bf9d6,wu26.faithful,ieee118,,,,max_change_pu,defended=0;scenario=118;window=1016,0.35854829465338467,,,
wu26.faithful-ieee118-20261003t073420z-cc2010-0bf9d6,wu26.faithful,ieee118,,,,max_change_pu,defended=0;scenario=118;window=1017,0.7771672849881803,,,
wu26.faithful-ieee118-20261003t073420z-cc2010-0bf9d6,wu26.faithful,ieee118,,,,max_change_pu,defended=0;scenario=118;window=1018,0.34364022539348427,,,
wu26.faithful-ieee118-20261003t073420z-cc2010-0bf9d6,wu26.faithful,ieee118,,,,max_change_pu,defended=0;scenario=118;window=1019,0.3900553584203344,,,
wu26.faithful-ieee118-20261003t073420z-cc2010-0bf9d6,wu26.faithful,ieee118,,,,max_change_pu,defended=0;scenario=118;window=1020,0.3626246816478209,,,
wu26.faithful-ieee118-20261003t073420z-cc2010-0bf9d6,wu26.faithful,ieee118,,,,max_change_pu,defended=0;scenario=118;window=1021,0.548999756875436,,,
wu26.faithful-ieee118-20261003t073420z-cc2010-0bf9d6,wu26.faithful,ieee118,,,,max_change_pu,defended=0;scenario=118;window=1022,0.3572626096218128,,,
wu26.faithful-ieee118-20261003t073420z-cc2010-0bf9d6,wu26.faithful,ieee118,,,,max_change_pu,defended=0;scenario=118;window=1023,0.33823693849781533,,,
wu26.faithful-ieee118-20261003t073420z-cc2010-0bf9d6,wu26.faithful,ieee118,,,,max_change_pu,defended=0;scenario=118;window=1024,0.3719756715753669,,,
wu26.faithful-ieee118-20261003t073420z-cc2010-0bf9d6,wu26.faithful,ieee118,,,,max_change_pu,defended=0;scenario=118;window=1025,0.31671181839250234,,,
wu26.faithful-ieee118-20261003t073420z-cc2010-0bf9d6,wu26.faithful,ieee118,,,,max_change_pu,defended=0;scenario=118;window=1026,0.36451432454321364,,,
wu26.faithful-ieee118-20261003t073420z-cc2010-0bf9d6,wu26.faithful,ieee118,,,,max_change_pu,defended=0;scenario=118;window=1027,0.3571650730370436,,,
wu26.faithful-ieee118-20261003t073420z-cc2010-0bf9d6,wu26.faithful,ieee118,,,,max_change_pu,defended=0;scenario=118;window=1028,0.3719594306094438,,,
wu26.faithful-ieee118-20261003t073420z-cc2010-0bf9d6,wu26.faithful,ieee118,,,,max_change_pu,defended=0;scenario=118;window=1029,0.33284906440774914,,,
wu26.faithful-ieee118-20261003t073420z-cc2010-0bf9d6,wu26.faithful,ieee118,,,,max_change_pu,defended=0;scenario=118;window=1030,0.334958153540152,,,
wu26.faithful-ieee118-20261003t073420z-cc2010-0bf9d6,wu26.faithful,ieee118,,,,max_change_pu,defended=0;scenario=118;window=1031,0.28544558224615263,,,
wu26.faithful-ieee118-20261003t073420z-cc2010-0bf9d6,wu26.faithful,ieee118,,,,max_change_pu,defended=0;scenario=118;window=1032,0.3759048214379976,,,
wu26.faithful-ieee118-20261003t073420z-cc2010-0bf9d6,wu26.faithful,ieee118,,,,max_change_pu,defended=0;scenario=118;window=1033,1.330041340671551,,,
wu26.faithful-ieee118-20261003t073420z-cc2010-0bf9d6,wu26.faithful,ieee118,,,,max_change_pu,defended=0;scenario=118;window=1034,0.3430179286422788,,,
wu26.faithful-ieee118-20261003t073420z-cc2010-0bf9d6,wu26.faithful,ieee118,,,,max_change_pu,defended=0;scenario=118;window=1035,0.35593702944470385,,,
wu26.faithful-ieee118-20261003t073420z-cc2010-0bf9d6,wu26.faithful,ieee118,,,,max_change_pu,defended=0;scenario=118;window=1036,0.36351327111151926,,,
wu26.faithful-ieee118-20261003t073420z-cc2010-0bf9d6,wu26.faithful,ieee118,,,,max_change_pu,defended=0;scenario=118;window=1037,0.43023285983112325,,,
wu26.faithful-ieee118-20261003t073420z-cc2010-0bf9d6,wu26.faithful,ieee118,,,,max_change_pu,defended=0;scenario=118;window=1038,0.3810748459418114,,,
wu26.faithful-ieee118-20261003t073420z-cc2010-0bf9d6,wu26.faithful,ieee118,,,,max_change_pu,defended=0;scenario=118;window=1039,0.3142017774347962,,,
wu26.faithful-ieee118-20261003t073420z-cc2010-0bf9d6,wu26.faithful,ieee118,,,,max_change_pu,defended=0;scenario=118;window=1040,0.3642054059210502,,,
wu26.faithful-ieee118-20261003t073420z-cc2010-0bf9d6,wu26.faithful,ieee118,,,,max_change_pu,defended=0;scenario=118;window=1041,0.7371308292095042,,,
wu26.faithful-ieee118-20261003t073420z-cc2010-0bf9d6,wu26.faithful,ieee118,,,,max_change_pu,defended=0;scenario=118;window=1042,0.37476002884602033,,,
wu26.faithful-ieee118-20261003t073420z-cc2010-0bf9d6,wu26.faithful,ieee118,,,,max_change_pu,defended=0;scenario=118;window=1043,0.30215131182431665,,,
wu26.faithful-ieee118-20261003t073420z-cc2010-0bf9d6,wu26.faithful,ieee118,,,,max_change_pu,defended=0;scenario=118;window=1044,0.3727185877153124,,,
wu26.faithful-ieee118-20261003t073420z-cc2010-0bf9d6,wu26.faithful,ieee118,,,,max_change_pu,defended=0;scenario=118;window=1045,0.32757286478256226,,,
wu26.faithful-ieee118-20261003t073420z-cc2010-0bf9d6,wu26.faithful,ieee118,,,,max_change_pu,defended=0;scenario=118;window=1046,0.45981700177205337,,,
wu26.faithful-ieee118-20261003t073420z-cc2010-0bf9d6,wu26.faithful,ieee118,,,,max_change_pu,defended=0;scenario=118;window=1047,0.326104182275488,,,
wu26.faithful-ieee118-20261003t073420z-cc2010-0bf9d6,wu26.faithful,ieee118,,,,max_change_pu,defended=0;scenario=118;window=1048,0.310618534944316,,,
wu26.faithful-ieee118-20261003t073420z-cc2010-0bf9d6,wu26.faithful,ieee118,,,,max_change_pu,defended=0;scenario=118;window=1049,0.3484204268666063,,,
wu26.faithful-ieee118-20261003t073420z-cc2010-0bf9d6,wu26.faithful,ieee118,,,,max_change_pu,defended=0;scenario=118;window=1050,0.3470239769231809,,,
wu26.faithful-ieee118-20261003t073420z-cc2010-0bf9d6,wu26.faithful,ieee118,,,,max_change_pu,defended=0;scenario=118;window=1051,0.3778810659702123,,,
wu26.faithful-ieee118-20261003t073420z-cc2010-0bf9d6,wu26.faithful,ieee118,,,,max_change_pu,defended=0;scenario=118;window=1052,0.3394786728522475,,,
wu26.faithful-ieee118-20261003t073420z-cc2010-0bf9d6,wu26.faithful,ieee118,,,,max_change_pu,defended=0;scenario=118;window=1053,0.6096645482517745,,,
wu26.faithful-ieee118-20261003t073420z-cc2010-0bf9d6,wu26.faithful,ieee118,,,,max_change_pu,defended=0;scenario=118;window=1054,0.36306170047693276,,,
wu26.faithful-ieee118-20261003t073420z-cc2010-0bf9d6,wu26.faithful,ieee118,,,,max_change_pu,defended=0;scenario=118;window=1055,0.3751058340065989,,,
wu26.faithful-ieee118-20261003t073420z-cc2010-0bf9d6,wu26.faithful,ieee118,,,,max_change_pu,defended=0;scenario=118;window=1056,0.32420202187217334,,,
wu26.faithful-ieee118-20261003t073420z-cc2010-0bf9d6,wu26.faithful,ieee118,,,,max_change_pu,defended=0;scenario=118;window=1057,0.35534750717971053,,,
wu26.faithful-ieee118-20261003t073420z-cc2010-0bf9d6,wu26.faithful,ieee118,,,,max_change_pu,defended=0;scenario=118;window=1058,0.28008102447762523,,,
wu26.faithful-ieee118-20261003t073420z-cc2010-0bf9d6,wu26.faithful,ieee118,,,,max_change_pu,defended=0;scenario=118;window=1059,0.3812798177990201,,,
wu26.faithful-ieee118-20261003t073420z-cc2010-0bf9d6,wu26.faithful,ieee118,,,,max_change_pu,defended=0;scenario=118;window=1060,0.8863370585745005,,,
wu26.faithful-ieee118-20261003t073420z-cc2010-0bf9d6,wu26.faithful,ieee118,,,,max_change_pu,defended=0;scenario=118;window=1061,0.6167808020959902,,,
wu26.faithful-ieee118-20261003t073420z-cc2010-0bf9d6,wu26.faithful,ieee118,,,,max_change_pu,defended=0;scenario=118;window=1062,0.35314382752780965,,,
wu26.faithful-ieee118-20261003t073420z-cc2010-0bf9d6,wu26.faithful,ieee118,,,,max_change_pu,defended=0;scenario=118;window=1063,0.38832686100582925,,,
wu26.faithful-ieee118-20261003t073420z-cc2010-0bf9d6,wu26.faithful,ieee118,,,,max_change_pu,defended=0;scenario=118;window=1064,0.355783275500722,,,
wu26.faithful-ieee118-20261003t073420z-cc2010-0bf9d6,wu26.faithful,ieee118,,,,max_change_pu,defended=0;scenario=118;window=1065,0.32802255085803644,,,
wu26.faithful-ieee118-20261003t073420z-cc2010-0bf9d6,wu26.faithful,ieee118,,,,max_change_pu,defended=0;scenario=118;window=1066,0.31290534500858735,,,
wu26.faithful-ieee118-20261003t073420z-cc2010-0bf9d6,wu26.faithful,ieee118,,,,max_change_pu,defended=0;scenario=118;window=1067,0.360230121875467,,,
wu26.faithful-ieee118-20261003t073420z-cc2010-0bf9d6,wu26.faithful,ieee118,,,,max_change_pu,defended=0;scenario=118;window=1068,0.35154952237666653,,,
wu26.faithful-ieee118-20261003t073420z-cc2010-0bf9d6,wu26.faithful,ieee118,,,,max_change_pu,defended=0;scenario=118;window=1069,0.2982012587264589,,,
wu26.faithful-ieee118-20261003t073420z-cc2010-0bf9d6,wu26.faithful,ieee118,,,,max_change_pu,defended=0;scenario=118;window=1070,0.30714335814623595,,,
wu26.faithful-ieee118-20261003t073420z-cc2010-0bf9d6,wu26.faithful,ieee118,,,,max_change_pu,defended=0;scenario=118;window=1071,0.38822173935274545,,,
wu26.faithful-ieee118-20261003t073420z-cc2010-0bf9d6,wu26.faithful,ieee118,,,,max_change_pu,defended=0;scenario=118;window=1072,0.3533251992725054,,,
wu26.faithful-ieee118-20261003t073420z-cc2010-0bf9d6,wu26.faithful,ieee118,,,,max_change_pu,defended=0;scenario=118;window=1073,0.3311059731164893,,,
wu26.faithful-ieee118-20261003t073420z-cc2010-0bf9d6,wu26.faithful,ieee118,,,,max_change_pu,defended=0;scenario=118;window=1074,0.3317393507053692,,,
wu26.faithful-ieee118-20261003t073420z-cc2010-0bf9d6,wu26.faithful,ieee118,,,,max_change_pu,defended=0;scenario=118;window=1075,0.3526716285703293,,,
wu26.faithful-ieee118-20261003t073420z-cc2010-0bf9d6,wu26.faithful,ieee118,,,,max_change_pu,defended=0;scenario=118;window=1076,0.3517060719349633,,,
wu26.faithful-ieee118-20261003t073420z-cc2010-0bf9d6,wu26.faithful,ieee118,,,,max_change_pu,defended=0;scenario=118;window=1077,0.40957378650104614,,,
wu26.faithful-ieee118-20261003t073420z-cc2010-0bf9d6,wu26.faithful,ieee118,,,,max_change_pu,defended=0;scenario=118;window=1078,0.3246149302888503,,,
wu26.faithful-ieee118-20261003t073420z-cc2010-0bf9d6,wu26.faithful,ieee118,,,,max_change_pu,defended=0;scenario=118;window=1079,0.33978355812821537,,,
wu26.faithful-ieee118-20261003t073420z-cc2010-0bf9d6,wu26.faithful,ieee118,,,,max_change_pu,defended=0;scenario=118;window=1080,0.32605674806805784,,,
wu26.faithful-ieee118-20261003t073420z-cc2010-0bf9d6,wu26.faithful,ieee118,,,,max_change_pu,defended=0;scenario=118;window=1081,0.8386981208170752,,,
wu26.faithful-ieee118-20261003t073420z-cc2010-0bf9d6,wu26.faithful,ieee118,,,,max_change_pu,defended=0;scenario=118;window=1082,0.286435795273255,,,
wu26.faithful-ieee118-20261003t073420z-cc2010-0bf9d6,wu26.faithful,ieee118,,,,max_change_pu,defended=0;scenario=118;window=1083,0.2626739408565795,,,
wu26.faithful-ieee118-20261003t073420z-cc2010-0bf9d6,wu26.faithful,ieee118,,,,max_change_pu,defended=0;scenario=118;window=1084,0.7534882252777111,,,
wu26.faithful-ieee118-20261003t073420z-cc2010-0bf9d6,wu26.faithful,ieee118,,,,max_change_pu,defended=0;scenario=118;window=1085,0.3503132522160719,,,
wu26.faithful-ieee118-20261003t073420z-cc2010-0bf9d6,wu26.faithful,ieee118,,,,max_change_pu,defended=0;scenario=118;window=1086,0.8590160302991618,,,
wu26.faithful-ieee118-20261003t073420z-cc2010-0bf9d6,wu26.faithful,ieee118,,,,max_change_pu,defended=0;scenario=118;window=1087,0.28759079324122905,,,
wu26.faithful-ieee118-20261003t073420z-cc2010-0bf9d6,wu26.faithful,ieee118,,,,max_change_pu,defended=0;scenario=118;window=1088,0.2878607199638791,,,
wu26.faithful-ieee118-20261003t073420z-cc2010-0bf9d6,wu26.faithful,ieee118,,,,max_change_pu,defended=0;scenario=118;window=1089,0.36436493420948224,,,
wu26.faithful-ieee118-20261003t073420z-cc2010-0bf9d6,wu26.faithful,ieee118,,,,max_change_pu,defended=0;scenario=118;window=1090,0.3075822405566598,,,
wu26.faithful-ieee118-20261003t073420z-cc2010-0bf9d6,wu26.faithful,ieee118,,,,max_change_pu,defended=0;scenario=118;window=1091,0.33243026978263207,,,
wu26.faithful-ieee118-20261003t073420z-cc2010-0bf9d6,wu26.faithful,ieee118,,,,max_change_pu,defended=0;scenario=118;window=1092,0.29156948743628874,,,
wu26.faithful-ieee118-20261003t073420z-cc2010-0bf9d6,wu26.faithful,ieee118,,,,max_change_pu,defended=0;scenario=118;window=1093,1.1675256939865317,,,
wu26.faithful-ieee118-20261003t073420z-cc2010-0bf9d6,wu26.faithful,ieee118,,,,max_change_pu,defended=0;scenario=118;window=1094,0.45860873363662835,,,
wu26.faithful-ieee118-20261003t073420z-cc2010-0bf9d6,wu26.faithful,ieee118,,,,max_change_pu,defended=0;scenario=118;window=1095,0.36973679904451257,,,
wu26.faithful-ieee118-20261003t073420z-cc2010-0bf9d6,wu26.faithful,ieee118,,,,max_change_pu,defended=0;scenario=118;window=1096,0.29694300752743663,,,
wu26.faithful-ieee118-20261003t073420z-cc2010-0bf9d6,wu26.faithful,ieee118,,,,max_change_pu,defended=0;scenario=118;window=1097,0.33095616931230426,,,
wu26.faithful-ieee118-20261003t073420z-cc2010-0bf9d6,wu26.faithful,ieee118,,,,max_change_pu,defended=0;scenario=118;window=1098,0.3111286324209609,,,
wu26.faithful-ieee118-20261003t073420z-cc2010-0bf9d6,wu26.faithful,ieee118,,,,max_change_pu,defended=0;scenario=118;window=1099,0.272422904768715,,,
wu26.faithful-ieee118-20261003t073420z-cc2010-0bf9d6,wu26.faithful,ieee118,,,,reference_hits,defended=0;scenario=118;window=1000,9.0,,,
wu26.faithful-ieee118-20261003t073420z-cc2010-0bf9d6,wu26.faithful,ieee118,,,,reference_hits,defended=0;scenario=118;window=1001,8.0,,,
wu26.faithful-ieee118-20261003t073420z-cc2010-0bf9d6,wu26.faithful,ieee118,,,,reference_hits,defended=0;scenario=118;window=1002,7.0,,,
wu26.faithful-ieee118-20261003t073420z-cc2010-0bf9d6,wu26.faithful,ieee118,,,,reference_hits,defended=0;scenario=118;window=1003,10.0,,,
wu26.faithful-ieee118-20261003t073420z-cc2010-0bf9d6,wu26.faithful,ieee118,,,,reference_hits,defended=0;scenario=118;window=1004,11.0,,,
wu26.faithful-ieee118-20261003t073420z-cc2010-0bf9d6,wu26.faithful,ieee118,,,,reference_hits,defended=0;scenario=118;window=1005,9.0,,,
wu26.faithful-ieee118-20261003t073420z-cc2010-0bf9d6,wu26.faithful,ieee118,,,,reference_hits,defended=0;scenario=118;window=1006,9.0,,,
wu26.faithful-ieee118-20261003t073420z-cc2010-0bf9d6,wu26.faithful,ieee118,,,,reference_hits,defended=0;scenario=118;window=1007,11.0,,,
wu26.faithful-ieee118-20261003t073420z-cc2010-0bf9d6,wu26.faithful,ieee118,,,,reference_hits,defended=0;scenario=118;window=1008,10.0,,,
wu26.faithful-ieee118-20261003t073420z-cc2010-0bf9d6,wu26.faithful,ieee118,,,,reference_hits,defended=0;scenario=118;window=1009,10.0,,,
wu26.faithful-ieee118-20261003t073420z-cc2010-0bf9d6,wu26.faithful,ieee118,,,,reference_hits,defended=0;scenario=118;window=1010,10.0,,,
wu26.faithful-ieee118-20261003t073420z-cc2010-0bf9d6,wu26.faithful,ieee118,,,,reference_hits,defended=0;scenario=118;window=1011,11.0,,,
wu26.faithful-ieee118-20261003t073420z-cc2010-0bf9d6,wu26.faithful,ieee118,,,,reference_hits,defended=0;scenario=118;window=1012,8.0,,,
wu26.faithful-ieee118-20261003t073420z-cc2010-0bf9d6,wu26.faithful,ieee118,,,,reference_hits,defended=0;scenario=118;window=1013,9.0,,,
wu26.faithful-ieee118-20261003t073420z-cc2010-0bf9d6,wu26.faithful,ieee118,,,,reference_hits,defended=0;scenario=118;window=1014,10.0,,,
wu26.faithful-ieee118-20261003t073420z-cc2010-0bf9d6,wu26.faithful,ieee118,,,,reference_hits,defended=0;scenario=118;window=1015,10.0,,,
wu26.faithful-ieee118-20261003t073420z-cc2010-0bf9d6,wu26.faithful,ieee118,,,,reference_hits,defended=0;scenario=118;window=1016,10.0,,,
wu26.faithful-ieee118-20261003t073420z-cc2010-0bf9d6,wu26.faithful,ieee118,,,,reference_hits,defended=0;scenario=118;window=1017,12.0,,,
wu26.faithful-ieee118-20261003t073420z-cc2010-0bf9d6,wu26.faithful,ieee118,,,,reference_hits,defended=0;scenario=118;window=1018,9.0,,,
wu26.faithful-ieee118-20261003t073420z-cc2010-0bf9d6,wu26.faithful,ieee118,,,,reference_hits,defended=0;scenario=118;window=1019,11.0,,,
wu26.faithful-ieee118-20261003t073420z-cc2010-0bf9d6,wu26.faithful,ieee118,,,,reference_hits,defended=0;scenario=118;window=1020,10.0,,,
wu26.faithful-ieee118-20261003t073420z-cc2010-0bf9d6,wu26.faithful,ieee118,,,,reference_hits,defended=0;scenario=118;window=1021,11.0,,,
wu26.faithful-ieee118-20261003t073420z-cc2010-0bf9d6,wu26.faithful,ieee118,,,,reference_hits,defended=0;scenario=118;window=1022,9.0,,,
wu26.faithful-ieee118-20261003t073420z-cc2010-0bf9d6,wu26.faithful,ieee118,,,,reference_hits,defended=0;scenario=118;window=1023,9.0,,,
wu26.faithful-ieee118-20261003t073420z-cc2010-0bf9d6,wu26.faithful,ieee118,,,,reference_hits,defended=0;scenario=118;window=1024,10.0,,,
wu26.faithful-ieee118-20261003t073420z-cc2010-0bf9d6,wu26.faithful,ieee118,,,,reference_hits,defended=0;scenario=118;window=1025,7.0,,,
wu26.faithful-ieee118-20261003t073420z-cc2010-0bf9d6,wu26.faithful,ieee118,,,,reference_hits,defended=0;scenario=118;window=1026,10.0,,,
wu26.faithful-ieee118-20261003t073420z-cc2010-0bf9d6,wu26.faithful,ieee118,,,,reference_hits,defended=0;scenario=118;window=1027,10.0,,,
wu26.faithful-ieee118-20261003t073420z-cc2010-0bf9d6,wu26.faithful,ieee118,,,,reference_hits,defended=0;scenario=118;window=1028,11.0,,,
wu26.faithful-ieee118-20261003t073420z-cc2010-0bf9d6,wu26.faithful,ieee118,,,,reference_hits,defended=0;scenario=118;window=1029,10.0,,,
wu26.faithful-ieee118-20261003t073420z-cc2010-0bf9d6,wu26.faithful,ieee118,,,,reference_hits,defended=0;scenario=118;window=1030,9.0,,,
wu26.faithful-ieee118-20261003t073420z-cc2010-0bf9d6,wu26.faithful,ieee118,,,,reference_hits,defended=0;scenario=118;window=1031,7.0,,,
wu26.faithful-ieee118-20261003t073420z-cc2010-0bf9d6,wu26.faithful,ieee118,,,,reference_hits,defended=0;scenario=118;window=1032,11.0,,,
wu26.faithful-ieee118-20261003t073420z-cc2010-0bf9d6,wu26.faithful,ieee118,,,,reference_hits,defended=0;scenario=118;window=1033,11.0,,,
wu26.faithful-ieee118-20261003t073420z-cc2010-0bf9d6,wu26.faithful,ieee118,,,,reference_hits,defended=0;scenario=118;window=1034,10.0,,,
wu26.faithful-ieee118-20261003t073420z-cc2010-0bf9d6,wu26.faithful,ieee118,,,,reference_hits,defended=0;scenario=118;window=1035,9.0,,,
wu26.faithful-ieee118-20261003t073420z-cc2010-0bf9d6,wu26.faithful,ieee118,,,,reference_hits,defended=0;scenario=118;window=1036,11.0,,,
wu26.faithful-ieee118-20261003t073420z-cc2010-0bf9d6,wu26.faithful,ieee118,,,,reference_hits,defended=0;scenario=118;window=1037,11.0,,,
wu26.faithful-ieee118-20261003t073420z-cc2010-0bf9d6,wu26.faithful,ieee118,,,,reference_hits,defended=0;scenario=118;window=1038,11.0,,,
wu26.faithful-ieee118-20261003t073420z-cc2010-0bf9d6,wu26.faithful,ieee118,,,,reference_hits,defended=0;scenario=118;window=1039,7.0,,,
wu26.faithful-ieee118-20261003t073420z-cc2010-0bf9d6,wu26.faithful,ieee118,,,,reference_hits,defended=0;scenario=118;window=1040,10.0,,,
wu26.faithful-ieee118-20261003t073420z-cc2010-0bf9d6,wu26.faithful,ieee118,,,,reference_hits,defended=0;scenario=118;window=1041,15.0,,,
wu26.faithful-ieee118-20261003t073420z-cc2010-0bf9d6,wu26.faithful,ieee118,,,,reference_hits,defended=0;scenario=118;window=1042,10.0,,,
wu26.faithful-ieee118-20261003t073420z-cc2010-0bf9d6,wu26.faithful,ieee118,,,,reference_hits,defended=0;scenario=118;window=1043,9.0,,,
wu26.faithful-ieee118-20261003t073420z-cc2010-0bf9d6,wu26.faithful,ieee118,,,,reference_hits,defended=0;scenario=118;window=1044,10.0,,,
wu26.faithful-ieee118-20261003t073420z-cc2010-0bf9d6,wu26.faithful,ieee118,,,,reference_hits,defended=0;scenario=118;window=1045,9.0,,,
wu26.faithful-ieee118-20261003t073420z-cc2010-0bf9d6,wu26.faithful,ieee118,,,,reference_hits,defended=0;scenario=118;window=1046,11.0,,,
wu26.faithful-ieee118-20261003t073420z-cc2010-0bf9d6,wu26.faithful,ieee118,,,,reference_hits,defended=0;scenario=118;window=1047,7.0,,,
wu26.faithful-ieee118-20261003t073420z-cc2010-0bf9d6,wu26.faithful,ieee118,,,,reference_hits,defended=0;scenario=118;window=1048,9.0,,,
wu26.faithful-ieee118-20261003t073420z-cc2010-0bf9d6,wu26.faithful,ieee118,,,,reference_hits,defended=0;scenario=118;window=1049,9.0,,,
wu26.faithful-ieee118-20261003t073420z-cc2010-0bf9d6,wu26.faithful,ieee118,,,,reference_hits,defended=0;scenario=118;window=1050,9.0,,,
wu26.faithful-ieee118-20261003t073420z-cc2010-0bf9d6,wu26.faithful,ieee118,,,,reference_hits,defended=0;scenario=118;window=1051,11.0,,,
wu26.faithful-ieee118-20261003t073420z-cc2010-0bf9d6,wu26.faithful,ieee118,,,,reference_hits,defended=0;scenario=118;window=1052,9.0,,,
wu26.faithful-ieee118-20261003t073420z-cc2010-0bf9d6,wu26.faithful,ieee118,,,,reference_hits,defended=0;scenario=118;window=1053,12.0,,,
wu26.faithful-ieee118-20261003t073420z-cc2010-0bf9d6,wu26.faithful,ieee118,,,,reference_hits,defended=0;scenario=118;window=1054,7.0,,,
wu26.faithful-ieee118-20261003t073420z-cc2010-0bf9d6,wu26.faithful,ieee118,,,,reference_hits,defended=0;scenario=118;window=1055,10.0,,,
wu26.faithful-ieee118-20261003t073420z-cc2010-0bf9d6,wu26.faithful,ieee118,,,,reference_hits,defended=0;scenario=118;window=1056,10.0,,,
wu26.faithful-ieee118-20261003t073420z-cc2010-0bf9d6,wu26.faithful,ieee118,,,,reference_hits,defended=0;scenario=118;window=1057,9.0,,,
wu26.faithful-ieee118-20261003t073420z-cc2010-0bf9d6,wu26.faithful,ieee118,,,,reference_hits,defended=0;scenario=118;window=1058,7.0,,,
wu26.faithful-ieee118-20261003t073420z-cc2010-0bf9d6,wu26.faithful,ieee118,,,,reference_hits,defended=0;scenario=118;window=1059,11.0,,,
wu26.faithful-ieee118-20261003t073420z-cc2010-0bf9d6,wu26.faithful,ieee118,,,,reference_hits,defended=0;scenario=118;window=1060,12.0,,,
wu26.faithful-ieee118-20261003t073420z-cc2010-0bf9d6,wu26.faithful,ieee118,,,,reference_hits,defended=0;scenario=118;window=1061,12.0,,,
wu26.faithful-ieee118-20261003t073420z-cc2010-0bf9d6,wu26.faithful,ieee118,,,,reference_hits,defended=0;scenario=118;window=1062,10.0,,,
wu26.faithful-ieee118-20261003t073420z-cc2010-0bf9d6,wu26.faithful,ieee118,,,,reference_hits,defended=0;scenario=118;window=1063,11.0,,,
wu26.faithful-ieee118-20261003t073420z-cc2010-0bf9d6,wu26.faithful,ieee118,,,,reference_hits,defended=0;scenario=118;window=1064,9.0,,,
wu26.faithful-ieee118-20261003t073420z-cc2010-0bf9d6,wu26.faithful,ieee118,,,,reference_hits,defended=0;scenario=118;window=1065,10.0,,,
wu26.faithful-ieee118-20261003t073420z-cc2010-0bf9d6,wu26.faithful,ieee118,,,,reference_hits,defended=0;scenario=118;window=1066,9.0,,,
wu26.faithful-ieee118-20261003t073420z-cc2010-0bf9d6,wu26.faithful,ieee118,,,,reference_hits,defended=0;scenario=118;window=1067,11.0,,,
wu26.faithful-ieee118-20261003t073420z-cc2010-0bf9d6,wu26.faithful,ieee118,,,,reference_hits,defended=0;scenario=118;window=1068,10.0,,,
wu26.faithful-ieee118-20261003t073420z-cc2010-0bf9d6,wu26.faithful,ieee118,,,,reference_hits,defended=0;scenario=118;window=1069,10.0,,,
wu26.faithful-ieee118-20261003t073420z-cc2010-0bf9d6,wu26.faithful,ieee118,,,,reference_hits,defended=0;scenario=118;window=1070,8.0,,,
wu26.faithful-ieee118-20261003t073420z-cc2010-0bf9d6,wu26.faithful,ieee118,,,,reference_hits,defended=0;scenario=118;window=1071,11.0,,,
wu26.faithful-ieee118-20261003t073420z-cc2010-0bf9d6,wu26.faithful,ieee118,,,,reference_hits,defended=0;scenario=118;window=1072,10.0,,,
wu26.faithful-ieee118-20261003t073420z-cc2010-0bf9d6,wu26.faithful,ieee118,,,,reference_hits,defended=0;scenario=118;window=1073,10.0,,,
wu26.faithful-ieee118-20261003t073420z-cc2010-0bf9d6,wu26.faithful,ieee118,,,,reference_hits,defended=0;scenario=118;window=1074,9.0,,,
wu26.faithful-ieee118-20261003t073420z-cc2010-0bf9d6,wu26.faithful,ieee118,,,,reference_hits,defended=0;scenario=118;window=1075,10.0,,,
wu26.faithful-ieee118-20261003t073420z-cc2010-0bf9d6,wu26.faithful,ieee118,,,,reference_hits,defended=0;scenario=118;window=1076,9.0,,,
wu26.faithful-ieee118-20261003t073420z-cc2010-0bf9d6,wu26.faithful,ieee118,,,,reference_hits,defended=0;scenario=118;window=1077,11.0,,,
wu26.faithful-ieee118-20261003t073420z-cc2010-0bf9d6,wu26.faithful,ieee118,,,,reference_hits,defended=0;scenario=118;window=1078,11.0,,,
wu26.faithful-ieee118-20261003t073420z-cc2010-0bf9d6,wu26.faithful,ieee118,,,,reference_hits,defended=0;scenario=118;window=1079,10.0,,,
wu26.faithful-ieee118-20261003t073420z-cc2010-0bf9d6,wu26.faithful,ieee118,,,,reference_hits,defended=0;scenario=118;window=1080,9.0,,,
wu26.faithful-ieee118-20261003t073420z-cc2010-0bf9d6,wu26.faithful,ieee118,,,,reference_hits,defended=0;scenario=118;window=1081,11.0,,,
wu26.faithful-ieee118-20261003t073420z-cc2010-0bf9d6,wu26.faithful,ieee118,,,,reference_hits,defended=0;scenario=118;window=1082,7.0,,,
wu26.faithful-ieee118-20261003t073420z-cc2010-0bf9d6,wu26.faithful,ieee118,,,,reference_hits,defended=0;scenario=118;window=1083,7.0,,,
wu26.faithful-ieee118-20261003t073420z-cc2010-0bf9d6,wu26.faithful,ieee118,,,,reference_hits,defended=0;scenario=118;window=1084,12.0,,,
wu26.faithful-ieee118-20261003t073420z-cc2010-0bf9d6,wu26.faithful,ieee118,,,,reference_hits,defended=0;scenario=118;window=1085,10.0,,,
wu26.faithful-ieee118-20261003t073420z-cc2010-0bf9d6,wu26.faithful,ieee118,,,,reference_hits,defended=0;scenario=118;window=1086,11.0,,,
wu26.faithful-ieee118-20261003t073420z-cc2010-0bf9d6,wu26.faithful,ieee118,,,,reference_hits,defended=0;scenario=118;window=1087,10.0,,,
wu26.faithful-ieee118-20261003t073420z-cc2010-0bf9d6,wu26.faithful,ieee118,,,,reference_hits,defended=0;scenario=118;window=1088,7.0,,,
wu26.faithful-ieee118-20261003t073420z-cc2010-0bf9d6,wu26.faithful,ieee118,,,,reference_hits,defended=0;scenario=118;window=1089,9.0,,,
wu26.faithful-ieee118-20261003t073420z-cc2010-0bf9d6,wu26.faithful,ieee118,,,,reference_hits,defended=0;scenario=118;window=1090,7.0,,,
wu26.faithful-ieee118-20261003t073420z-cc2010-0bf9d6,wu26.faithful,ieee118,,,,reference_hits,defended=0;scenario=118;window=1091,9.0,,,
wu26.faithful-ieee118-20261003t073420z-cc2010-0bf9d6,wu26.faithful,ieee118,,,,reference_hits,defended=0;scenario=118;window=1092,7.0,,,
wu26.faithful-ieee118-20261003t073420z-cc2010-0bf9d6,wu26.faithful,ieee118,,,,reference_hits,defended=0;scenario=118;window=1093,12.0,,,
wu26.faithful-ieee118-20261003t073420z-cc2010-0bf9d6,wu26.faithful,ieee118,,,,reference_hits,defended=0;scenario=118;window=1094,11.0,,,
wu26.faithful-ieee118-20261003t073420z-cc2010-0bf9d6,wu26.faithful,ieee118,,,,reference_hits,defended=0;scenario=118;window=1095,11.0,,,
wu26.faithful-ieee118-20261003t073420z-cc2010-0bf9d6,wu26.faithful,ieee118,,,,reference_hits,defended=0;scenario=118;window=1096,10.0,,,
wu26.faithful-ieee118-20261003t073420z-cc2010-0bf9d6,wu26.faithful,ieee118,,,,reference_hits,defended=0;scenario=118;window=1097,9.0,,,
wu26.faithful-ieee118-20261003t073420z-cc2010-0bf9d6,wu26.faithful,ieee118,,,,reference_hits,defended=0;scenario=118;window=1098,7.0,,,
wu26.faithful-ieee118-20261003t073420z-cc2010-0bf9d6,wu26.faithful,ieee118,,,,reference_hits,defended=0;scenario=118;window=1099,7.0,,,
wu26.faithful-ieee118-20261003t073420z-cc2010-0bf9d6,wu26.faithful,ieee118,,,,seconds,defended=0;scenario=118;window=1000,62.575759172439575,,,
wu26.faithful-ieee118-20261003t073420z-cc2010-0bf9d6,wu26.faithful,ieee118,,,,seconds,defended=0;scenario=118;window=1001,64.86742115020752,,,
wu26.faithful-ieee118-20261003t073420z-cc2010-0bf9d6,wu26.faithful,ieee118,,,,seconds,defended=0;scenario=118;window=1002,63.57056951522827,,,
wu26.faithful-ieee118-20261003t073420z-cc2010-0bf9d6,wu26.faithful,ieee118,,,,seconds,defended=0;scenario=118;window=1003,61.55619740486145,,,
wu26.faithful-ieee118-20261003t073420z-cc2010-0bf9d6,wu26.faithful,ieee118,,,,seconds,defended=0;scenario=118;window=1004,63.12758827209473,,,
wu26.faithful-ieee118-20261003t073420z-cc2010-0bf9d6,wu26.faithful,ieee118,,,,seconds,defended=0;scenario=118;window=1005,63.68060827255249,,,
wu26.faithful-ieee118-20261003t073420z-cc2010-0bf9d6,wu26.faithful,ieee118,,,,seconds,defended=0;scenario=118;window=1006,62.686484575271606,,,
wu26.faithful-ieee118-20261003t073420z-cc2010-0bf9d6,wu26.faithful,ieee118,,,,seconds,defended=0;scenario=118;window=1007,63.72204637527466,,,
wu26.faithful-ieee118-20261003t073420z-cc2010-0bf9d6,wu26.faithful,ieee118,,,,seconds,defended=0;scenario=118;window=1008,64.6693959236145,,,
wu26.faithful-ieee118-20261003t073420z-cc2010-0bf9d6,wu26.faithful,ieee118,,,,seconds,defended=0;scenario=118;window=1009,62.16485643386841,,,
wu26.faithful-ieee118-20261003t073420z-cc2010-0bf9d6,wu26.faithful,ieee118,,,,seconds,defended=0;scenario=118;window=1010,63.548184394836426,,,
wu26.faithful-ieee118-20261003t073420z-cc2010-0bf9d6,wu26.faithful,ieee118,,,,seconds,defended=0;scenario=118;window=1011,63.59403896331787,,,
wu26.faithful-ieee118-20261003t073420z-cc2010-0bf9d6,wu26.faithful,ieee118,,,,seconds,defended=0;scenario=118;window=1012,63.974817991256714,,,
wu26.faithful-ieee118-20261003t073420z-cc2010-0bf9d6,wu26.faithful,ieee118,,,,seconds,defended=0;scenario=118;window=1013,63.210211515426636,,,
wu26.faithful-ieee118-20261003t073420z-cc2010-0bf9d6,wu26.faithful,ieee118,,,,seconds,defended=0;scenario=118;window=1014,63.35639500617981,,,
wu26.faithful-ieee118-20261003t073420z-cc2010-0bf9d6,wu26.faithful,ieee118,,,,seconds,defended=0;scenario=118;window=1015,62.83450508117676,,,
wu26.faithful-ieee118-20261003t073420z-cc2010-0bf9d6,wu26.faithful,ieee118,,,,seconds,defended=0;scenario=118;window=1016,62.66483187675476,,,
wu26.faithful-ieee118-20261003t073420z-cc2010-0bf9d6,wu26.faithful,ieee118,,,,seconds,defended=0;scenario=118;window=1017,61.892613649368286,,,
wu26.faithful-ieee118-20261003t073420z-cc2010-0bf9d6,wu26.faithful,ieee118,,,,seconds,defended=0;scenario=118;window=1018,64.0692765712738,,,
wu26.faithful-ieee118-20261003t073420z-cc2010-0bf9d6,wu26.faithful,ieee118,,,,seconds,defended=0;scenario=118;window=1019,64.62497162818909,,,
wu26.faithful-ieee118-20261003t073420z-cc2010-0bf9d6,wu26.faithful,ieee118,,,,seconds,defended=0;scenario=118;window=1020,63.71076846122742,,,
wu26.faithful-ieee118-20261003t073420z-cc2010-0bf9d6,wu26.faithful,ieee118,,,,seconds,defended=0;scenario=118;window=1021,62.57955718040466,,,
wu26.faithful-ieee118-20261003t073420z-cc2010-0bf9d6,wu26.faithful,ieee118,,,,seconds,defended=0;scenario=118;window=1022,63.27871823310852,,,
wu26.faithful-ieee118-20261003t073420z-cc2010-0bf9d6,wu26.faithful,ieee118,,,,seconds,defended=0;scenario=118;window=1023,62.23173427581787,,,
wu26.faithful-ieee118-20261003t073420z-cc2010-0bf9d6,wu26.faithful,ieee118,,,,seconds,defended=0;scenario=118;window=1024,63.2087504863739,,,
wu26.faithful-ieee118-20261003t073420z-cc2010-0bf9d6,wu26.faithful,ieee118,,,,seconds,defended=0;scenario=118;window=1025,63.97476291656494,,,
wu26.faithful-ieee118-20261003t073420z-cc2010-0bf9d6,wu26.faithful,ieee118,,,,seconds,defended=0;scenario=118;window=1026,63.85132431983948,,,
wu26.faithful-ieee118-20261003t073420z-cc2010-0bf9d6,wu26.faithful,ieee118,,,,seconds,defended=0;scenario=118;window=1027,62.95130014419556,,,
wu26.faithful-ieee118-20261003t073420z-cc2010-0bf9d6,wu26.faithful,ieee118,,,,seconds,defended=0;scenario=118;window=1028,64.72753834724426,,,
wu26.faithful-ieee118-20261003t073420z-cc2010-0bf9d6,wu26.faithful,ieee118,,,,seconds,defended=0;scenario=118;window=1029,62.76250338554382,,,
wu26.faithful-ieee118-20261003t073420z-cc2010-0bf9d6,wu26.faithful,ieee118,,,,seconds,defended=0;scenario=118;window=1030,63.28223466873169,,,
wu26.faithful-ieee118-20261003t073420z-cc2010-0bf9d6,wu26.faithful,ieee118,,,,seconds,defended=0;scenario=118;window=1031,64.41790866851807,,,
wu26.faithful-ieee118-20261003t073420z-cc2010-0bf9d6,wu26.faithful,ieee118,,,,seconds,defended=0;scenario=118;window=1032,64.30505895614624,,,
wu26.faithful-ieee118-20261003t073420z-cc2010-0bf9d6,wu26.faithful,ieee118,,,,seconds,defended=0;scenario=118;window=1033,65.21592664718628,,,
wu26.faithful-ieee118-20261003t073420z-cc2010-0bf9d6,wu26.faithful,ieee118,,,,seconds,defended=0;scenario=118;window=1034,62.837952852249146,,,
wu26.faithful-ieee118-20261003t073420z-cc2010-0bf9d6,wu26.faithful,ieee118,,,,seconds,defended=0;scenario=118;window=1035,63.94505739212036,,,
wu26.faithful-ieee118-20261003t073420z-cc2010-0bf9d6,wu26.faithful,ieee118,,,,seconds,defended=0;scenario=118;window=1036,65.68216753005981,,,
wu26.faithful-ieee118-20261003t073420z-cc2010-0bf9d6,wu26.faithful,ieee118,,,,seconds,defended=0;scenario=118;window=1037,62.648959159851074,,,
wu26.faithful-ieee118-20261003t073420z-cc2010-0bf9d6,wu26.faithful,ieee118,,,,seconds,defended=0;scenario=118;window=1038,62.531394958496094,,,
wu26.faithful-ieee118-20261003t073420z-cc2010-0bf9d6,wu26.faithful,ieee118,,,,seconds,defended=0;scenario=118;window=1039,64.79145765304565,,,
wu26.faithful-ieee118-20261003t073420z-cc2010-0bf9d6,wu26.faithful,ieee118,,,,seconds,defended=0;scenario=118;window=1040,62.83625817298889,,,
wu26.faithful-ieee118-20261003t073420z-cc2010-0bf9d6,wu26.faithful,ieee118,,,,seconds,defended=0;scenario=118;window=1041,63.041234254837036,,,
wu26.faithful-ieee118-20261003t073420z-cc2010-0bf9d6,wu26.faithful,ieee118,,,,seconds,defended=0;scenario=118;window=1042,64.48905110359192,,,
wu26.faithful-ieee118-20261003t073420z-cc2010-0bf9d6,wu26.faithful,ieee118,,,,seconds,defended=0;scenario=118;window=1043,64.23105931282043,,,
wu26.faithful-ieee118-20261003t073420z-cc2010-0bf9d6,wu26.faithful,ieee118,,,,seconds,defended=0;scenario=118;window=1044,64.99956560134888,,,
wu26.faithful-ieee118-20261003t073420z-cc2010-0bf9d6,wu26.faithful,ieee118,,,,seconds,defended=0;scenario=118;window=1045,63.18026614189148,,,
wu26.faithful-ieee118-20261003t073420z-cc2010-0bf9d6,wu26.faithful,ieee118,,,,seconds,defended=0;scenario=118;window=1046,62.272080183029175,,,
wu26.faithful-ieee118-20261003t073420z-cc2010-0bf9d6,wu26.faithful,ieee118,,,,seconds,defended=0;scenario=118;window=1047,64.09084939956665,,,
wu26.faithful-ieee118-20261003t073420z-cc2010-0bf9d6,wu26.faithful,ieee118,,,,seconds,defended=0;scenario=118;window=1048,63.097586154937744,,,
wu26.faithful-ieee118-20261003t073420z-cc2010-0bf9d6,wu26.faithful,ieee118,,,,seconds,defended=0;scenario=118;window=1049,63.459402084350586,,,
wu26.faithful-ieee118-20261003t073420z-cc2010-0bf9d6,wu26.faithful,ieee118,,,,seconds,defended=0;scenario=118;window=1050,63.79230046272278,,,
wu26.faithful-ieee118-20261003t073420z-cc2010-0bf9d6,wu26.faithful,ieee118,,,,seconds,defended=0;scenario=118;window=1051,62.95288848876953,,,
wu26.faithful-ieee118-20261003t073420z-cc2010-0bf9d6,wu26.faithful,ieee118,,,,seconds,defended=0;scenario=118;window=1052,63.521852016448975,,,
wu26.faithful-ieee118-20261003t073420z-cc2010-0bf9d6,wu26.faithful,ieee118,,,,seconds,defended=0;scenario=118;window=1053,62.292234897613525,,,
wu26.faithful-ieee118-20261003t073420z-cc2010-0bf9d6,wu26.faithful,ieee118,,,,seconds,defended=0;scenario=118;window=1054,62.98060154914856,,,
wu26.faithful-ieee118-20261003t073420z-cc2010-0bf9d6,wu26.faithful,ieee118,,,,seconds,defended=0;scenario=118;window=1055,63.58929657936096,,,
wu26.faithful-ieee118-20261003t073420z-cc2010-0bf9d6,wu26.faithful,ieee118,,,,seconds,defended=0;scenario=118;window=1056,63.328375577926636,,,
wu26.faithful-ieee118-20261003t073420z-cc2010-0bf9d6,wu26.faithful,ieee118,,,,seconds,defended=0;scenario=118;window=1057,64.93957209587097,,,
wu26.faithful-ieee118-20261003t073420z-cc2010-0bf9d6,wu26.faithful,ieee118,,,,seconds,defended=0;scenario=118;window=1058,63.8687047958374,,,
wu26.faithful-ieee118-20261003t073420z-cc2010-0bf9d6,wu26.faithful,ieee118,,,,seconds,defended=0;scenario=118;window=1059,64.47124719619751,,,
wu26.faithful-ieee118-20261003t073420z-cc2010-0bf9d6,wu26.faithful,ieee118,,,,seconds,defended=0;scenario=118;window=1060,61.411478996276855,,,
wu26.faithful-ieee118-20261003t073420z-cc2010-0bf9d6,wu26.faithful,ieee118,,,,seconds,defended=0;scenario=118;window=1061,61.68342423439026,,,
wu26.faithful-ieee118-20261003t073420z-cc2010-0bf9d6,wu26.faithful,ieee118,,,,seconds,defended=0;scenario=118;window=1062,64.46505403518677,,,
wu26.faithful-ieee118-20261003t073420z-cc2010-0bf9d6,wu26.faithful,ieee118,,,,seconds,defended=0;scenario=118;window=1063,65.25032877922058,,,
wu26.faithful-ieee118-20261003t073420z-cc2010-0bf9d6,wu26.faithful,ieee118,,,,seconds,defended=0;scenario=118;window=1064,62.743552446365356,,,
wu26.faithful-ieee118-20261003t073420z-cc2010-0bf9d6,wu26.faithful,ieee118,,,,seconds,defended=0;scenario=118;window=1065,62.86944508552551,,,
wu26.faithful-ieee118-20261003t073420z-cc2010-0bf9d6,wu26.faithful,ieee118,,,,seconds,defended=0;scenario=118;window=1066,62.960519790649414,,,
wu26.faithful-ieee118-20261003t073420z-cc2010-0bf9d6,wu26.faithful,ieee118,,,,seconds,defended=0;scenario=118;window=1067,62.27896189689636,,,
wu26.faithful-ieee118-20261003t073420z-cc2010-0bf9d6,wu26.faithful,ieee118,,,,seconds,defended=0;scenario=118;window=1068,65.74754667282104,,,
wu26.faithful-ieee118-20261003t073420z-cc2010-0bf9d6,wu26.faithful,ieee118,,,,seconds,defended=0;scenario=118;window=1069,63.39367651939392,,,
wu26.faithful-ieee118-20261003t073420z-cc2010-0bf9d6,wu26.faithful,ieee118,,,,seconds,defended=0;scenario=118;window=1070,62.87693190574646,,,
wu26.faithful-ieee118-20261003t073420z-cc2010-0bf9d6,wu26.faithful,ieee118,,,,seconds,defended=0;scenario=118;window=1071,63.563010931015015,,,
wu26.faithful-ieee118-20261003t073420z-cc2010-0bf9d6,wu26.faithful,ieee118,,,,seconds,defended=0;scenario=118;window=1072,61.8880455493927,,,
wu26.faithful-ieee118-20261003t073420z-cc2010-0bf9d6,wu26.faithful,ieee118,,,,seconds,defended=0;scenario=118;window=1073,63.83496618270874,,,
wu26.faithful-ieee118-20261003t073420z-cc2010-0bf9d6,wu26.faithful,ieee118,,,,seconds,defended=0;scenario=118;window=1074,63.169986963272095,,,
wu26.faithful-ieee118-20261003t073420z-cc2010-0bf9d6,wu26.faithful,ieee118,,,,seconds,defended=0;scenario=118;window=1075,64.15159797668457,,,
wu26.faithful-ieee118-20261003t073420z-cc2010-0bf9d6,wu26.faithful,ieee118,,,,seconds,defended=0;scenario=118;window=1076,63.205259799957275,,,
wu26.faithful-ieee118-20261003t073420z-cc2010-0bf9d6,wu26.faithful,ieee118,,,,seconds,defended=0;scenario=118;window=1077,60.32350730895996,,,
wu26.faithful-ieee118-20261003t073420z-cc2010-0bf9d6,wu26.faithful,ieee118,,,,seconds,defended=0;scenario=118;window=1078,62.3704788684845,,,
wu26.faithful-ieee118-20261003t073420z-cc2010-0bf9d6,wu26.faithful,ieee118,,,,seconds,defended=0;scenario=118;window=1079,59.84757089614868,,,
wu26.faithful-ieee118-20261003t073420z-cc2010-0bf9d6,wu26.faithful,ieee118,,,,seconds,defended=0;scenario=118;window=1080,62.78477454185486,,,
wu26.faithful-ieee118-20261003t073420z-cc2010-0bf9d6,wu26.faithful,ieee118,,,,seconds,defended=0;scenario=118;window=1081,61.13700604438782,,,
wu26.faithful-ieee118-20261003t073420z-cc2010-0bf9d6,wu26.faithful,ieee118,,,,seconds,defended=0;scenario=118;window=1082,63.30307698249817,,,
wu26.faithful-ieee118-20261003t073420z-cc2010-0bf9d6,wu26.faithful,ieee118,,,,seconds,defended=0;scenario=118;window=1083,62.931666135787964,,,
wu26.faithful-ieee118-20261003t073420z-cc2010-0bf9d6,wu26.faithful,ieee118,,,,seconds,defended=0;scenario=118;window=1084,62.24870181083679,,,
wu26.faithful-ieee118-20261003t073420z-cc2010-0bf9d6,wu26.faithful,ieee118,,,,seconds,defended=0;scenario=118;window=1085,62.32794713973999,,,
wu26.faithful-ieee118-20261003t073420z-cc2010-0bf9d6,wu26.faithful,ieee118,,,,seconds,defended=0;scenario=118;window=1086,61.43634653091431,,,
wu26.faithful-ieee118-20261003t073420z-cc2010-0bf9d6,wu26.faithful,ieee118,,,,seconds,defended=0;scenario=118;window=1087,61.46078610420227,,,
wu26.faithful-ieee118-20261003t073420z-cc2010-0bf9d6,wu26.faithful,ieee118,,,,seconds,defended=0;scenario=118;window=1088,62.393038511276245,,,
wu26.faithful-ieee118-20261003t073420z-cc2010-0bf9d6,wu26.faithful,ieee118,,,,seconds,defended=0;scenario=118;window=1089,63.02657151222229,,,
wu26.faithful-ieee118-20261003t073420z-cc2010-0bf9d6,wu26.faithful,ieee118,,,,seconds,defended=0;scenario=118;window=1090,65.49668002128601,,,
wu26.faithful-ieee118-20261003t073420z-cc2010-0bf9d6,wu26.faithful,ieee118,,,,seconds,defended=0;scenario=118;window=1091,62.425678968429565,,,
wu26.faithful-ieee118-20261003t073420z-cc2010-0bf9d6,wu26.faithful,ieee118,,,,seconds,defended=0;scenario=118;window=1092,63.330424547195435,,,
wu26.faithful-ieee118-20261003t073420z-cc2010-0bf9d6,wu26.faithful,ieee118,,,,seconds,defended=0;scenario=118;window=1093,61.79432916641235,,,
wu26.faithful-ieee118-20261003t073420z-cc2010-0bf9d6,wu26.faithful,ieee118,,,,seconds,defended=0;scenario=118;window=1094,62.03577518463135,,,
wu26.faithful-ieee118-20261003t073420z-cc2010-0bf9d6,wu26.faithful,ieee118,,,,seconds,defended=0;scenario=118;window=1095,61.78006339073181,,,
wu26.faithful-ieee118-20261003t073420z-cc2010-0bf9d6,wu26.faithful,ieee118,,,,seconds,defended=0;scenario=118;window=1096,62.537017822265625,,,
wu26.faithful-ieee118-20261003t073420z-cc2010-0bf9d6,wu26.faithful,ieee118,,,,seconds,defended=0;scenario=118;window=1097,63.872682332992554,,,
wu26.faithful-ieee118-20261003t073420z-cc2010-0bf9d6,wu26.faithful,ieee118,,,,seconds,defended=0;scenario=118;window=1098,63.45196223258972,,,
wu26.faithful-ieee118-20261003t073420z-cc2010-0bf9d6,wu26.faithful,ieee118,,,,seconds,defended=0;scenario=118;window=1099,63.56155180931091,,,
wu26.faithful-ieee118-20261003t073420z-cc2010-0bf9d6,wu26.faithful,ieee118,described,,,channels,defended=1;scenario=118;window=1000,26.0,,,
wu26.faithful-ieee118-20261003t073420z-cc2010-0bf9d6,wu26.faithful,ieee118,described,,,channels,defended=1;scenario=118;window=1001,26.0,,,
wu26.faithful-ieee118-20261003t073420z-cc2010-0bf9d6,wu26.faithful,ieee118,described,,,channels,defended=1;scenario=118;window=1002,26.0,,,
wu26.faithful-ieee118-20261003t073420z-cc2010-0bf9d6,wu26.faithful,ieee118,described,,,channels,defended=1;scenario=118;window=1003,29.0,,,
wu26.faithful-ieee118-20261003t073420z-cc2010-0bf9d6,wu26.faithful,ieee118,described,,,channels,defended=1;scenario=118;window=1004,30.0,,,
wu26.faithful-ieee118-20261003t073420z-cc2010-0bf9d6,wu26.faithful,ieee118,described,,,channels,defended=1;scenario=118;window=1005,34.0,,,
wu26.faithful-ieee118-20261003t073420z-cc2010-0bf9d6,wu26.faithful,ieee118,described,,,channels,defended=1;scenario=118;window=1006,29.0,,,
wu26.faithful-ieee118-20261003t073420z-cc2010-0bf9d6,wu26.faithful,ieee118,described,,,channels,defended=1;scenario=118;window=1007,28.0,,,
wu26.faithful-ieee118-20261003t073420z-cc2010-0bf9d6,wu26.faithful,ieee118,described,,,channels,defended=1;scenario=118;window=1008,26.0,,,
wu26.faithful-ieee118-20261003t073420z-cc2010-0bf9d6,wu26.faithful,ieee118,described,,,channels,defended=1;scenario=118;window=1009,28.0,,,
wu26.faithful-ieee118-20261003t073420z-cc2010-0bf9d6,wu26.faithful,ieee118,described,,,channels,defended=1;scenario=118;window=1010,26.0,,,
wu26.faithful-ieee118-20261003t073420z-cc2010-0bf9d6,wu26.faithful,ieee118,described,,,channels,defended=1;scenario=118;window=1011,33.0,,,
wu26.faithful-ieee118-20261003t073420z-cc2010-0bf9d6,wu26.faithful,ieee118,described,,,channels,defended=1;scenario=118;window=1012,26.0,,,
wu26.faithful-ieee118-20261003t073420z-cc2010-0bf9d6,wu26.faithful,ieee118,described,,,channels,defended=1;scenario=118;window=1013,19.0,,,
wu26.faithful-ieee118-20261003t073420z-cc2010-0bf9d6,wu26.faithful,ieee118,described,,,channels,defended=1;scenario=118;window=1014,26.0,,,
wu26.faithful-ieee118-20261003t073420z-cc2010-0bf9d6,wu26.faithful,ieee118,described,,,channels,defended=1;scenario=118;window=1015,26.0,,,
wu26.faithful-ieee118-20261003t073420z-cc2010-0bf9d6,wu26.faithful,ieee118,described,,,channels,defended=1;scenario=118;window=1016,26.0,,,
wu26.faithful-ieee118-20261003t073420z-cc2010-0bf9d6,wu26.faithful,ieee118,described,,,channels,defended=1;scenario=118;window=1017,19.0,,,
wu26.faithful-ieee118-20261003t073420z-cc2010-0bf9d6,wu26.faithful,ieee118,described,,,channels,defended=1;scenario=118;window=1018,29.0,,,
wu26.faithful-ieee118-20261003t073420z-cc2010-0bf9d6,wu26.faithful,ieee118,described,,,channels,defended=1;scenario=118;window=1019,26.0,,,
wu26.faithful-ieee118-20261003t073420z-cc2010-0bf9d6,wu26.faithful,ieee118,described,,,channels,defended=1;scenario=118;window=1020,27.0,,,
wu26.faithful-ieee118-20261003t073420z-cc2010-0bf9d6,wu26.faithful,ieee118,described,,,channels,defended=1;scenario=118;window=1021,29.0,,,
wu26.faithful-ieee118-20261003t073420z-cc2010-0bf9d6,wu26.faithful,ieee118,described,,,channels,defended=1;scenario=118;window=1022,26.0,,,
wu26.faithful-ieee118-20261003t073420z-cc2010-0bf9d6,wu26.faithful,ieee118,described,,,channels,defended=1;scenario=118;window=1023,29.0,,,
wu26.faithful-ieee118-20261003t073420z-cc2010-0bf9d6,wu26.faithful,ieee118,described,,,channels,defended=1;scenario=118;window=1024,26.0,,,
wu26.faithful-ieee118-20261003t073420z-cc2010-0bf9d6,wu26.faithful,ieee118,described,,,channels,defended=1;scenario=118;window=1025,25.0,,,
wu26.faithful-ieee118-20261003t073420z-cc2010-0bf9d6,wu26.faithful,ieee118,described,,,channels,defended=1;scenario=118;window=1026,26.0,,,
wu26.faithful-ieee118-20261003t073420z-cc2010-0bf9d6,wu26.faithful,ieee118,described,,,channels,defended=1;scenario=118;window=1027,28.0,,,
wu26.faithful-ieee118-20261003t073420z-cc2010-0bf9d6,wu26.faithful,ieee118,described,,,channels,defended=1;scenario=118;window=1028,17.0,,,
wu26.faithful-ieee118-20261003t073420z-cc2010-0bf9d6,wu26.faithful,ieee118,described,,,channels,defended=1;scenario=118;window=1029,23.0,,,
wu26.faithful-ieee118-20261003t073420z-cc2010-0bf9d6,wu26.faithful,ieee118,described,,,channels,defended=1;scenario=118;window=1030,26.0,,,
wu26.faithful-ieee118-20261003t073420z-cc2010-0bf9d6,wu26.faithful,ieee118,described,,,channels,defended=1;scenario=118;window=1031,31.0,,,
wu26.faithful-ieee118-20261003t073420z-cc2010-0bf9d6,wu26.faithful,ieee118,described,,,channels,defended=1;scenario=118;window=1032,28.0,,,
wu26.faithful-ieee118-20261003t073420z-cc2010-0bf9d6,wu26.faithful,ieee118,described,,,channels,defended=1;scenario=118;window=1033,25.0,,,
wu26.faithful-ieee118-20261003t073420z-cc2010-0bf9d6,wu26.faithful,ieee118,described,,,channels,defended=1;scenario=118;window=1034,29.0,,,
wu26.faithful-ieee118-20261003t073420z-cc2010-0bf9d6,wu26.faithful,ieee118,described,,,channels,defended=1;scenario=118;window=1035,26.0,,,
wu26.faithful-ieee118-20261003t073420z-cc2010-0bf9d6,wu26.faithful,ieee118,described,,,channels,defended=1;scenario=118;window=1036,29.0,,,
wu26.faithful-ieee118-20261003t073420z-cc2010-0bf9d6,wu26.faithful,ieee118,described,,,channels,defended=1;scenario=118;window=1037,28.0,,,
wu26.faithful-ieee118-20261003t073420z-cc2010-0bf9d6,wu26.faithful,ieee118,described,,,channels,defended=1;scenario=118;window=1038,29.0,,,
wu26.faithful-ieee118-20261003t073420z-cc2010-0bf9d6,wu26.faithful,ieee118,described,,,channels,defended=1;scenario=118;window=1039,27.0,,,
wu26.faithful-ieee118-20261003t073420z-cc2010-0bf9d6,wu26.faithful,ieee118,described,,,channels,defended=1;scenario=118;window=1040,26.0,,,
wu26.faithful-ieee118-20261003t073420z-cc2010-0bf9d6,wu26.faithful,ieee118,described,,,channels,defended=1;scenario=118;window=1041,25.0,,,
wu26.faithful-ieee118-20261003t073420z-cc2010-0bf9d6,wu26.faithful,ieee118,described,,,channels,defended=1;scenario=118;window=1042,26.0,,,
wu26.faithful-ieee118-20261003t073420z-cc2010-0bf9d6,wu26.faithful,ieee118,described,,,channels,defended=1;scenario=118;window=1043,26.0,,,
wu26.faithful-ieee118-20261003t073420z-cc2010-0bf9d6,wu26.faithful,ieee118,described,,,channels,defended=1;scenario=118;window=1044,29.0,,,
wu26.faithful-ieee118-20261003t073420z-cc2010-0bf9d6,wu26.faithful,ieee118,described,,,channels,defended=1;scenario=118;window=1045,28.0,,,
wu26.faithful-ieee118-20261003t073420z-cc2010-0bf9d6,wu26.faithful,ieee118,described,,,channels,defended=1;scenario=118;window=1046,29.0,,,
wu26.faithful-ieee118-20261003t073420z-cc2010-0bf9d6,wu26.faithful,ieee118,described,,,channels,defended=1;scenario=118;window=1047,26.0,,,
wu26.faithful-ieee118-20261003t073420z-cc2010-0bf9d6,wu26.faithful,ieee118,described,,,channels,defended=1;scenario=118;window=1048,27.0,,,
wu26.faithful-ieee118-20261003t073420z-cc2010-0bf9d6,wu26.faithful,ieee118,described,,,channels,defended=1;scenario=118;window=1049,32.0,,,
wu26.faithful-ieee118-20261003t073420z-cc2010-0bf9d6,wu26.faithful,ieee118,described,,,channels,defended=1;scenario=118;window=1050,26.0,,,
wu26.faithful-ieee118-20261003t073420z-cc2010-0bf9d6,wu26.faithful,ieee118,described,,,channels,defended=1;scenario=118;window=1051,28.0,,,
wu26.faithful-ieee118-20261003t073420z-cc2010-0bf9d6,wu26.faithful,ieee118,described,,,channels,defended=1;scenario=118;window=1052,26.0,,,
wu26.faithful-ieee118-20261003t073420z-cc2010-0bf9d6,wu26.faithful,ieee118,described,,,channels,defended=1;scenario=118;window=1053,26.0,,,
wu26.faithful-ieee118-20261003t073420z-cc2010-0bf9d6,wu26.faithful,ieee118,described,,,channels,defended=1;scenario=118;window=1054,25.0,,,
wu26.faithful-ieee118-20261003t073420z-cc2010-0bf9d6,wu26.faithful,ieee118,described,,,channels,defended=1;scenario=118;window=1055,27.0,,,
wu26.faithful-ieee118-20261003t073420z-cc2010-0bf9d6,wu26.faithful,ieee118,described,,,channels,defended=1;scenario=118;window=1056,27.0,,,
wu26.faithful-ieee118-20261003t073420z-cc2010-0bf9d6,wu26.faithful,ieee118,described,,,channels,defended=1;scenario=118;window=1057,26.0,,,
wu26.faithful-ieee118-20261003t073420z-cc2010-0bf9d6,wu26.faithful,ieee118,described,,,channels,defended=1;scenario=118;window=1058,26.0,,,
wu26.faithful-ieee118-20261003t073420z-cc2010-0bf9d6,wu26.faithful,ieee118,described,,,channels,defended=1;scenario=118;window=1059,26.0,,,
wu26.faithful-ieee118-20261003t073420z-cc2010-0bf9d6,wu26.faithful,ieee118,described,,,channels,defended=1;scenario=118;window=1060,37.0,,,
wu26.faithful-ieee118-20261003t073420z-cc2010-0bf9d6,wu26.faithful,ieee118,described,,,channels,defended=1;scenario=118;window=1061,16.0,,,
wu26.faithful-ieee118-20261003t073420z-cc2010-0bf9d6,wu26.faithful,ieee118,described,,,channels,defended=1;scenario=118;window=1062,28.0,,,
wu26.faithful-ieee118-20261003t073420z-cc2010-0bf9d6,wu26.faithful,ieee118,described,,,channels,defended=1;scenario=118;window=1063,28.0,,,
wu26.faithful-ieee118-20261003t073420z-cc2010-0bf9d6,wu26.faithful,ieee118,described,,,channels,defended=1;scenario=118;window=1064,26.0,,,
wu26.faithful-ieee118-20261003t073420z-cc2010-0bf9d6,wu26.faithful,ieee118,described,,,channels,defended=1;scenario=118;window=1065,28.0,,,
wu26.faithful-ieee118-20261003t073420z-cc2010-0bf9d6,wu26.faithful,ieee118,described,,,channels,defended=1;scenario=118;window=1066,29.0,,,
wu26.faithful-ieee118-20261003t073420z-cc2010-0bf9d6,wu26.faithful,ieee118,described,,,channels,defended=1;scenario=118;window=1067,25.0,,,
wu26.faithful-ieee118-20261003t073420z-cc2010-0bf9d6,wu26.faithful,ieee118,described,,,channels,defended=1;scenario=118;window=1068,26.0,,,
wu26.faithful-ieee118-20261003t073420z-cc2010-0bf9d6,wu26.faithful,ieee118,described,,,channels,defended=1;scenario=118;window=1069,29.0,,,
wu26.faithful-ieee118-20261003t073420z-cc2010-0bf9d6,wu26.faithful,ieee118,described,,,channels,defended=1;scenario=118;window=1070,30.0,,,
wu26.faithful-ieee118-20261003t073420z-cc2010-0bf9d6,wu26.faithful,ieee118,described,,,channels,defended=1;scenario=118;window=1071,26.0,,,
wu26.faithful-ieee118-20261003t073420z-cc2010-0bf9d6,wu26.faithful,ieee118,described,,,channels,defended=1;scenario=118;window=1072,28.0,,,
wu26.faithful-ieee118-20261003t073420z-cc2010-0bf9d6,wu26.faithful,ieee118,described,,,channels,defended=1;scenario=118;window=1073,21.0,,,
wu26.faithful-ieee118-20261003t073420z-cc2010-0bf9d6,wu26.faithful,ieee118,described,,,channels,defended=1;scenario=118;window=1074,26.0,,,
wu26.faithful-ieee118-20261003t073420z-cc2010-0bf9d6,wu26.faithful,ieee118,described,,,channels,defended=1;scenario=118;window=1075,26.0,,,
wu26.faithful-ieee118-20261003t073420z-cc2010-0bf9d6,wu26.faithful,ieee118,described,,,channels,defended=1;scenario=118;window=1076,26.0,,,
wu26.faithful-ieee118-20261003t073420z-cc2010-0bf9d6,wu26.faithful,ieee118,described,,,channels,defended=1;scenario=118;window=1077,29.0,,,
wu26.faithful-ieee118-20261003t073420z-cc2010-0bf9d6,wu26.faithful,ieee118,described,,,channels,defended=1;scenario=118;window=1078,29.0,,,
wu26.faithful-ieee118-20261003t073420z-cc2010-0bf9d6,wu26.faithful,ieee118,described,,,channels,defended=1;scenario=118;window=1079,25.0,,,
wu26.faithful-ieee118-20261003t073420z-cc2010-0bf9d6,wu26.faithful,ieee118,described,,,channels,defended=1;scenario=118;window=1080,29.0,,,
wu26.faithful-ieee118-20261003t073420z-cc2010-0bf9d6,wu26.faithful,ieee118,described,,,channels,defended=1;scenario=118;window=1081,26.0,,,
wu26.faithful-ieee118-20261003t073420z-cc2010-0bf9d6,wu26.faithful,ieee118,described,,,channels,defended=1;scenario=118;window=1082,32.0,,,
wu26.faithful-ieee118-20261003t073420z-cc2010-0bf9d6,wu26.faithful,ieee118,described,,,channels,defended=1;scenario=118;window=1083,26.0,,,
wu26.faithful-ieee118-20261003t073420z-cc2010-0bf9d6,wu26.faithful,ieee118,described,,,channels,defended=1;scenario=118;window=1084,26.0,,,
wu26.faithful-ieee118-20261003t073420z-cc2010-0bf9d6,wu26.faithful,ieee118,described,,,channels,defended=1;scenario=118;window=1085,28.0,,,
wu26.faithful-ieee118-20261003t073420z-cc2010-0bf9d6,wu26.faithful,ieee118,described,,,channels,defended=1;scenario=118;window=1086,19.0,,,
wu26.faithful-ieee118-20261003t073420z-cc2010-0bf9d6,wu26.faithful,ieee118,described,,,channels,defended=1;scenario=118;window=1087,30.0,,,
wu26.faithful-ieee118-20261003t073420z-cc2010-0bf9d6,wu26.faithful,ieee118,described,,,channels,defended=1;scenario=118;window=1088,29.0,,,
wu26.faithful-ieee118-20261003t073420z-cc2010-0bf9d6,wu26.faithful,ieee118,described,,,channels,defended=1;scenario=118;window=1089,26.0,,,
wu26.faithful-ieee118-20261003t073420z-cc2010-0bf9d6,wu26.faithful,ieee118,described,,,channels,defended=1;scenario=118;window=1090,26.0,,,
wu26.faithful-ieee118-20261003t073420z-cc2010-0bf9d6,wu26.faithful,ieee118,described,,,channels,defended=1;scenario=118;window=1091,29.0,,,
wu26.faithful-ieee118-20261003t073420z-cc2010-0bf9d6,wu26.faithful,ieee118,described,,,channels,defended=1;scenario=118;window=1092,26.0,,,
wu26.faithful-ieee118-20261003t073420z-cc2010-0bf9d6,wu26.faithful,ieee118,described,,,channels,defended=1;scenario=118;window=1093,41.0,,,
wu26.faithful-ieee118-20261003t073420z-cc2010-0bf9d6,wu26.faithful,ieee118,described,,,channels,defended=1;scenario=118;window=1094,29.0,,,
wu26.faithful-ieee118-20261003t073420z-cc2010-0bf9d6,wu26.faithful,ieee118,described,,,channels,defended=1;scenario=118;window=1095,26.0,,,
wu26.faithful-ieee118-20261003t073420z-cc2010-0bf9d6,wu26.faithful,ieee118,described,,,channels,defended=1;scenario=118;window=1096,28.0,,,
wu26.faithful-ieee118-20261003t073420z-cc2010-0bf9d6,wu26.faithful,ieee118,described,,,channels,defended=1;scenario=118;window=1097,29.0,,,
wu26.faithful-ieee118-20261003t073420z-cc2010-0bf9d6,wu26.faithful,ieee118,described,,,channels,defended=1;scenario=118;window=1098,29.0,,,
wu26.faithful-ieee118-20261003t073420z-cc2010-0bf9d6,wu26.faithful,ieee118,described,,,channels,defended=1;scenario=118;window=1099,21.0,,,
wu26.faithful-ieee118-20261003t073420z-cc2010-0bf9d6,wu26.faithful,ieee118,described,,,cost_increase_pct,defended=1;scenario=118;window=1000,50.0,,,
wu26.faithful-ieee118-20261003t073420z-cc2010-0bf9d6,wu26.faithful,ieee118,described,,,cost_increase_pct,defended=1;scenario=118;window=1001,21.428571428571427,,,
wu26.faithful-ieee118-20261003t073420z-cc2010-0bf9d6,wu26.faithful,ieee118,described,,,cost_increase_pct,defended=1;scenario=118;window=1002,50.0,,,
wu26.faithful-ieee118-20261003t073420z-cc2010-0bf9d6,wu26.faithful,ieee118,described,,,cost_increase_pct,defended=1;scenario=118;window=1003,-26.923076923076923,,,
wu26.faithful-ieee118-20261003t073420z-cc2010-0bf9d6,wu26.faithful,ieee118,described,,,cost_increase_pct,defended=1;scenario=118;window=1004,27.77777777777778,,,
wu26.faithful-ieee118-20261003t073420z-cc2010-0bf9d6,wu26.faithful,ieee118,described,,,cost_increase_pct,defended=1;scenario=118;window=1005,146.66666666666666,,,
wu26.faithful-ieee118-20261003t073420z-cc2010-0bf9d6,wu26.faithful,ieee118,described,,,cost_increase_pct,defended=1;scenario=118;window=1006,28.571428571428573,,,
wu26.faithful-ieee118-20261003t073420z-cc2010-0bf9d6,wu26.faithful,ieee118,described,,,cost_increase_pct,defended=1;scenario=118;window=1007,56.25,,,
wu26.faithful-ieee118-20261003t073420z-cc2010-0bf9d6,wu26.faithful,ieee118,described,,,cost_increase_pct,defended=1;scenario=118;window=1008,43.75,,,
wu26.faithful-ieee118-20261003t073420z-cc2010-0bf9d6,wu26.faithful,ieee118,described,,,cost_increase_pct,defended=1;scenario=118;window=1009,75.0,,,
wu26.faithful-ieee118-20261003t073420z-cc2010-0bf9d6,wu26.faithful,ieee118,described,,,cost_increase_pct,defended=1;scenario=118;window=1010,31.25,,,
wu26.faithful-ieee118-20261003t073420z-cc2010-0bf9d6,wu26.faithful,ieee118,described,,,cost_increase_pct,defended=1;scenario=118;window=1011,11.764705882352942,,,
wu26.faithful-ieee118-20261003t073420z-cc2010-0bf9d6,wu26.faithful,ieee118,described,,,cost_increase_pct,defended=1;scenario=118;window=1012,38.46153846153846,,,
wu26.faithful-ieee118-20261003t073420z-cc2010-0bf9d6,wu26.faithful,ieee118,described,,,cost_increase_pct,defended=1;scenario=118;window=1013,114.28571428571429,,,
wu26.faithful-ieee118-20261003t073420z-cc2010-0bf9d6,wu26.faithful,ieee118,described,,,cost_increase_pct,defended=1;scenario=118;window=1014,50.0,,,
wu26.faithful-ieee118-20261003t073420z-cc2010-0bf9d6,wu26.faithful,ieee118,described,,,cost_increase_pct,defended=1;scenario=118;window=1015,43.75,,,
wu26.faithful-ieee118-20261003t073420z-cc2010-0bf9d6,wu26.faithful,ieee118,described,,,cost_increase_pct,defended=1;scenario=118;window=1016,31.25,,,
wu26.faithful-ieee118-20261003t073420z-cc2010-0bf9d6,wu26.faithful,ieee118,described,,,cost_increase_pct,defended=1;scenario=118;window=1017,52.63157894736842,,,
wu26.faithful-ieee118-20261003t073420z-cc2010-0bf9d6,wu26.faithful,ieee118,described,,,cost_increase_pct,defended=1;scenario=118;window=1018,33.333333333333336,,,
wu26.faithful-ieee118-20261003t073420z-cc2010-0bf9d6,wu26.faithful,ieee118,described,,,cost_increase_pct,defended=1;scenario=118;window=1019,41.1764705882353,,,
wu26.faithful-ieee118-20261003t073420z-cc2010-0bf9d6,wu26.faithful,ieee118,described,,,cost_increase_pct,defended=1;scenario=118;window=1020,56.25,,,
wu26.faithful-ieee118-20261003t073420z-cc2010-0bf9d6,wu26.faithful,ieee118,described,,,cost_increase_pct,defended=1;scenario=118;window=1021,0.0,,,
wu26.faithful-ieee118-20261003t073420z-cc2010-0bf9d6,wu26.faithful,ieee118,described,,,cost_increase_pct,defended=1;scenario=118;window=1022,26.666666666666668,,,
wu26.faithful-ieee118-20261003t073420z-cc2010-0bf9d6,wu26.faithful,ieee118,described,,,cost_increase_pct,defended=1;scenario=118;window=1023,33.333333333333336,,,
wu26.faithful-ieee118-20261003t073420z-cc2010-0bf9d6,wu26.faithful,ieee118,described,,,cost_increase_pct,defended=1;scenario=118;window=1024,31.25,,,
wu26.faithful-ieee118-20261003t073420z-cc2010-0bf9d6,wu26.faithful,ieee118,described,,,cost_increase_pct,defended=1;scenario=118;window=1025,100.0,,,
wu26.faithful-ieee118-20261003t073420z-cc2010-0bf9d6,wu26.faithful,ieee118,described,,,cost_increase_pct,defended=1;scenario=118;window=1026,18.75,,,
wu26.faithful-ieee118-20261003t073420z-cc2010-0bf9d6,wu26.faithful,ieee118,described,,,cost_increase_pct,defended=1;scenario=118;window=1027,18.75,,,
wu26.faithful-ieee118-20261003t073420z-cc2010-0bf9d6,wu26.faithful,ieee118,described,,,cost_increase_pct,defended=1;scenario=118;window=1028,64.70588235294117,,,
wu26.faithful-ieee118-20261003t073420z-cc2010-0bf9d6,wu26.faithful,ieee118,described,,,cost_increase_pct,defended=1;scenario=118;window=1029,87.5,,,
wu26.faithful-ieee118-20261003t073420z-cc2010-0bf9d6,wu26.faithful,ieee118,described,,,cost_increase_pct,defended=1;scenario=118;window=1030,57.142857142857146,,,
wu26.faithful-ieee118-20261003t073420z-cc2010-0bf9d6,wu26.faithful,ieee118,described,,,cost_increase_pct,defended=1;scenario=118;window=1031,90.9090909090909,,,
wu26.faithful-ieee118-20261003t073420z-cc2010-0bf9d6,wu26.faithful,ieee118,described,,,cost_increase_pct,defended=1;scenario=118;window=1032,11.764705882352942,,,
wu26.faithful-ieee118-20261003t073420z-cc2010-0bf9d6,wu26.faithful,ieee118,described,,,cost_increase_pct,defended=1;scenario=118;window=1033,19.047619047619047,,,
wu26.faithful-ieee118-20261003t073420z-cc2010-0bf9d6,wu26.faithful,ieee118,described,,,cost_increase_pct,defended=1;scenario=118;window=1034,18.75,,,
wu26.faithful-ieee118-20261003t073420z-cc2010-0bf9d6,wu26.faithful,ieee118,described,,,cost_increase_pct,defended=1;scenario=118;window=1035,46.666666666666664,,,
wu26.faithful-ieee118-20261003t073420z-cc2010-0bf9d6,wu26.faithful,ieee118,described,,,cost_increase_pct,defended=1;scenario=118;window=1036,17.647058823529413,,,
wu26.faithful-ieee118-20261003t073420z-cc2010-0bf9d6,wu26.faithful,ieee118,described,,,cost_increase_pct,defended=1;scenario=118;window=1037,-16.666666666666668,,,
wu26.faithful-ieee118-20261003t073420z-cc2010-0bf9d6,wu26.faithful,ieee118,described,,,cost_increase_pct,defended=1;scenario=118;window=1038,41.1764705882353,,,
wu26.faithful-ieee118-20261003t073420z-cc2010-0bf9d6,wu26.faithful,ieee118,described,,,cost_increase_pct,defended=1;scenario=118;window=1039,41.666666666666664,,,
wu26.faithful-ieee118-20261003t073420z-cc2010-0bf9d6,wu26.faithful,ieee118,described,,,cost_increase_pct,defended=1;scenario=118;window=1040,43.75,,,
wu26.faithful-ieee118-20261003t073420z-cc2010-0bf9d6,wu26.faithful,ieee118,described,,,cost_increase_pct,defended=1;scenario=118;window=1041,-20.454545454545453,,,
wu26.faithful-ieee118-20261003t073420z-cc2010-0bf9d6,wu26.faithful,ieee118,described,,,cost_increase_pct,defended=1;scenario=118;window=1042,25.0,,,
wu26.faithful-ieee118-20261003t073420z-cc2010-0bf9d6,wu26.faithful,ieee118,described,,,cost_increase_pct,defended=1;scenario=118;window=1043,71.42857142857143,,,
wu26.faithful-ieee118-20261003t073420z-cc2010-0bf9d6,wu26.faithful,ieee118,described,,,cost_increase_pct,defended=1;scenario=118;window=1044,25.0,,,
wu26.faithful-ieee118-20261003t073420z-cc2010-0bf9d6,wu26.faithful,ieee118,described,,,cost_increase_pct,defended=1;scenario=118;window=1045,28.571428571428573,,,
wu26.faithful-ieee118-20261003t073420z-cc2010-0bf9d6,wu26.faithful,ieee118,described,,,cost_increase_pct,defended=1;scenario=118;window=1046,-15.789473684210526,,,
wu26.faithful-ieee118-20261003t073420z-cc2010-0bf9d6,wu26.faithful,ieee118,described,,,cost_increase_pct,defended=1;scenario=118;window=1047,108.33333333333333,,,
wu26.faithful-ieee118-20261003t073420z-cc2010-0bf9d6,wu26.faithful,ieee118,described,,,cost_increase_pct,defended=1;scenario=118;window=1048,21.428571428571427,,,
wu26.faithful-ieee118-20261003t073420z-cc2010-0bf9d6,wu26.faithful,ieee118,described,,,cost_increase_pct,defended=1;scenario=118;window=1049,53.333333333333336,,,
wu26.faithful-ieee118-20261003t073420z-cc2010-0bf9d6,wu26.faithful,ieee118,described,,,cost_increase_pct,defended=1;scenario=118;window=1050,35.714285714285715,,,
wu26.faithful-ieee118-20261003t073420z-cc2010-0bf9d6,wu26.faithful,ieee118,described,,,cost_increase_pct,defended=1;scenario=118;window=1051,17.647058823529413,,,
wu26.faithful-ieee118-20261003t073420z-cc2010-0bf9d6,wu26.faithful,ieee118,described,,,cost_increase_pct,defended=1;scenario=118;window=1052,26.666666666666668,,,
wu26.faithful-ieee118-20261003t073420z-cc2010-0bf9d6,wu26.faithful,ieee118,described,,,cost_increase_pct,defended=1;scenario=118;window=1053,22.727272727272727,,,
wu26.faithful-ieee118-20261003t073420z-cc2010-0bf9d6,wu26.faithful,ieee118,described,,,cost_increase_pct,defended=1;scenario=118;window=1054,7.6923076923076925,,,
wu26.faithful-ieee118-20261003t073420z-cc2010-0bf9d6,wu26.faithful,ieee118,described,,,cost_increase_pct,defended=1;scenario=118;window=1055,25.0,,,
wu26.faithful-ieee118-20261003t073420z-cc2010-0bf9d6,wu26.faithful,ieee118,described,,,cost_increase_pct,defended=1;scenario=118;window=1056,25.0,,,
wu26.faithful-ieee118-20261003t073420z-cc2010-0bf9d6,wu26.faithful,ieee118,described,,,cost_increase_pct,defended=1;scenario=118;window=1057,86.66666666666667,,,
wu26.faithful-ieee118-20261003t073420z-cc2010-0bf9d6,wu26.faithful,ieee118,described,,,cost_increase_pct,defended=1;scenario=118;window=1058,36.36363636363637,,,
wu26.faithful-ieee118-20261003t073420z-cc2010-0bf9d6,wu26.faithful,ieee118,described,,,cost_increase_pct,defended=1;scenario=118;window=1059,64.70588235294117,,,
wu26.faithful-ieee118-20261003t073420z-cc2010-0bf9d6,wu26.faithful,ieee118,described,,,cost_increase_pct,defended=1;scenario=118;window=1060,47.82608695652174,,,
wu26.faithful-ieee118-20261003t073420z-cc2010-0bf9d6,wu26.faithful,ieee118,described,,,cost_increase_pct,defended=1;scenario=118;window=1061,-8.0,,,
wu26.faithful-ieee118-20261003t073420z-cc2010-0bf9d6,wu26.faithful,ieee118,described,,,cost_increase_pct,defended=1;scenario=118;window=1062,43.75,,,
wu26.faithful-ieee118-20261003t073420z-cc2010-0bf9d6,wu26.faithful,ieee118,described,,,cost_increase_pct,defended=1;scenario=118;window=1063,23.529411764705884,,,
wu26.faithful-ieee118-20261003t073420z-cc2010-0bf9d6,wu26.faithful,ieee118,described,,,cost_increase_pct,defended=1;scenario=118;window=1064,26.666666666666668,,,
wu26.faithful-ieee118-20261003t073420z-cc2010-0bf9d6,wu26.faithful,ieee118,described,,,cost_increase_pct,defended=1;scenario=118;window=1065,75.0,,,
wu26.faithful-ieee118-20261003t073420z-cc2010-0bf9d6,wu26.faithful,ieee118,described,,,cost_increase_pct,defended=1;scenario=118;window=1066,57.142857142857146,,,
wu26.faithful-ieee118-20261003t073420z-cc2010-0bf9d6,wu26.faithful,ieee118,described,,,cost_increase_pct,defended=1;scenario=118;window=1067,11.764705882352942,,,
wu26.faithful-ieee118-20261003t073420z-cc2010-0bf9d6,wu26.faithful,ieee118,described,,,cost_increase_pct,defended=1;scenario=118;window=1068,25.0,,,
wu26.faithful-ieee118-20261003t073420z-cc2010-0bf9d6,wu26.faithful,ieee118,described,,,cost_increase_pct,defended=1;scenario=118;window=1069,-5.555555555555555,,,
wu26.faithful-ieee118-20261003t073420z-cc2010-0bf9d6,wu26.faithful,ieee118,described,,,cost_increase_pct,defended=1;scenario=118;window=1070,76.92307692307692,,,
wu26.faithful-ieee118-20261003t073420z-cc2010-0bf9d6,wu26.faithful,ieee118,described,,,cost_increase_pct,defended=1;scenario=118;window=1071,41.1764705882353,,,
wu26.faithful-ieee118-20261003t073420z-cc2010-0bf9d6,wu26.faithful,ieee118,described,,,cost_increase_pct,defended=1;scenario=118;window=1072,33.333333333333336,,,
wu26.faithful-ieee118-20261003t073420z-cc2010-0bf9d6,wu26.faithful,ieee118,described,,,cost_increase_pct,defended=1;scenario=118;window=1073,66.66666666666667,,,
wu26.faithful-ieee118-20261003t073420z-cc2010-0bf9d6,wu26.faithful,ieee118,described,,,cost_increase_pct,defended=1;scenario=118;window=1074,57.142857142857146,,,
wu26.faithful-ieee118-20261003t073420z-cc2010-0bf9d6,wu26.faithful,ieee118,described,,,cost_increase_pct,defended=1;scenario=118;window=1075,37.5,,,
wu26.faithful-ieee118-20261003t073420z-cc2010-0bf9d6,wu26.faithful,ieee118,described,,,cost_increase_pct,defended=1;scenario=118;window=1076,33.333333333333336,,,
wu26.faithful-ieee118-20261003t073420z-cc2010-0bf9d6,wu26.faithful,ieee118,described,,,cost_increase_pct,defended=1;scenario=118;window=1077,-16.666666666666668,,,
wu26.faithful-ieee118-20261003t073420z-cc2010-0bf9d6,wu26.faithful,ieee118,described,,,cost_increase_pct,defended=1;scenario=118;window=1078,11.764705882352942,,,
wu26.faithful-ieee118-20261003t073420z-cc2010-0bf9d6,wu26.faithful,ieee118,described,,,cost_increase_pct,defended=1;scenario=118;window=1079,40.0,,,
wu26.faithful-ieee118-20261003t073420z-cc2010-0bf9d6,wu26.faithful,ieee118,described,,,cost_increase_pct,defended=1;scenario=118;window=1080,21.428571428571427,,,
wu26.faithful-ieee118-20261003t073420z-cc2010-0bf9d6,wu26.faithful,ieee118,described,,,cost_increase_pct,defended=1;scenario=118;window=1081,15.0,,,
wu26.faithful-ieee118-20261003t073420z-cc2010-0bf9d6,wu26.faithful,ieee118,described,,,cost_increase_pct,defended=1;scenario=118;window=1082,27.272727272727273,,,
wu26.faithful-ieee118-20261003t073420z-cc2010-0bf9d6,wu26.faithful,ieee118,described,,,cost_increase_pct,defended=1;scenario=118;window=1083,90.9090909090909,,,
wu26.faithful-ieee118-20261003t073420z-cc2010-0bf9d6,wu26.faithful,ieee118,described,,,cost_increase_pct,defended=1;scenario=118;window=1084,-21.73913043478261,,,
wu26.faithful-ieee118-20261003t073420z-cc2010-0bf9d6,wu26.faithful,ieee118,described,,,cost_increase_pct,defended=1;scenario=118;window=1085,37.5,,,
wu26.faithful-ieee118-20261003t073420z-cc2010-0bf9d6,wu26.faithful,ieee118,described,,,cost_increase_pct,defended=1;scenario=118;window=1086,27.77777777777778,,,
wu26.faithful-ieee118-20261003t073420z-cc2010-0bf9d6,wu26.faithful,ieee118,described,,,cost_increase_pct,defended=1;scenario=118;window=1087,-18.75,,,
wu26.faithful-ieee118-20261003t073420z-cc2010-0bf9d6,wu26.faithful,ieee118,described,,,cost_increase_pct,defended=1;scenario=118;window=1088,9.090909090909092,,,
wu26.faithful-ieee118-20261003t073420z-cc2010-0bf9d6,wu26.faithful,ieee118,described,,,cost_increase_pct,defended=1;scenario=118;window=1089,46.666666666666664,,,
wu26.faithful-ieee118-20261003t073420z-cc2010-0bf9d6,wu26.faithful,ieee118,described,,,cost_increase_pct,defended=1;scenario=118;window=1090,41.666666666666664,,,
wu26.faithful-ieee118-20261003t073420z-cc2010-0bf9d6,wu26.faithful,ieee118,described,,,cost_increase_pct,defended=1;scenario=118;window=1091,26.666666666666668,,,
wu26.faithful-ieee118-20261003t073420z-cc2010-0bf9d6,wu26.faithful,ieee118,described,,,cost_increase_pct,defended=1;scenario=118;window=1092,25.0,,,
wu26.faithful-ieee118-20261003t073420z-cc2010-0bf9d6,wu26.faithful,ieee118,described,,,cost_increase_pct,defended=1;scenario=118;window=1093,23.80952380952381,,,
wu26.faithful-ieee118-20261003t073420z-cc2010-0bf9d6,wu26.faithful,ieee118,described,,,cost_increase_pct,defended=1;scenario=118;window=1094,33.333333333333336,,,
wu26.faithful-ieee118-20261003t073420z-cc2010-0bf9d6,wu26.faithful,ieee118,described,,,cost_increase_pct,defended=1;scenario=118;window=1095,23.529411764705884,,,
wu26.faithful-ieee118-20261003t073420z-cc2010-0bf9d6,wu26.faithful,ieee118,described,,,cost_increase_pct,defended=1;scenario=118;window=1096,17.647058823529413,,,
wu26.faithful-ieee118-20261003t073420z-cc2010-0bf9d6,wu26.faithful,ieee118,described,,,cost_increase_pct,defended=1;scenario=118;window=1097,28.571428571428573,,,
wu26.faithful-ieee118-20261003t073420z-cc2010-0bf9d6,wu26.faithful,ieee118,described,,,cost_increase_pct,defended=1;scenario=118;window=1098,33.333333333333336,,,
wu26.faithful-ieee118-20261003t073420z-cc2010-0bf9d6,wu26.faithful,ieee118,described,,,cost_increase_pct,defended=1;scenario=118;window=1099,190.9090909090909,,,
wu26.faithful-ieee118-20261003t073420z-cc2010-0bf9d6,wu26.faithful,ieee118,described,,,devices,defended=1;scenario=118;window=1000,21.0,,,
wu26.faithful-ieee118-20261003t073420z-cc2010-0bf9d6,wu26.faithful,ieee118,described,,,devices,defended=1;scenario=118;window=1001,17.0,,,
wu26.faithful-ieee118-20261003t073420z-cc2010-0bf9d6,wu26.faithful,ieee118,described,,,devices,defended=1;scenario=118;window=1002,18.0,,,
wu26.faithful-ieee118-20261003t073420z-cc2010-0bf9d6,wu26.faithful,ieee118,described,,,devices,defended=1;scenario=118;window=1003,19.0,,,
wu26.faithful-ieee118-20261003t073420z-cc2010-0bf9d6,wu26.faithful,ieee118,described,,,devices,defended=1;scenario=118;window=1004,23.0,,,
wu26.faithful-ieee118-20261003t073420z-cc2010-0bf9d6,wu26.faithful,ieee118,described,,,devices,defended=1;scenario=118;window=1005,37.0,,,
wu26.faithful-ieee118-20261003t073420z-cc2010-0bf9d6,wu26.faithful,ieee118,described,,,devices,defended=1;scenario=118;window=1006,18.0,,,
wu26.faithful-ieee118-20261003t073420z-cc2010-0bf9d6,wu26.faithful,ieee118,described,,,devices,defended=1;scenario=118;window=1007,25.0,,,
wu26.faithful-ieee118-20261003t073420z-cc2010-0bf9d6,wu26.faithful,ieee118,described,,,devices,defended=1;scenario=118;window=1008,23.0,,,
wu26.faithful-ieee118-20261003t073420z-cc2010-0bf9d6,wu26.faithful,ieee118,described,,,devices,defended=1;scenario=118;window=1009,28.0,,,
wu26.faithful-ieee118-20261003t073420z-cc2010-0bf9d6,wu26.faithful,ieee118,described,,,devices,defended=1;scenario=118;window=1010,21.0,,,
wu26.faithful-ieee118-20261003t073420z-cc2010-0bf9d6,wu26.faithful,ieee118,described,,,devices,defended=1;scenario=118;window=1011,19.0,,,
wu26.faithful-ieee118-20261003t073420z-cc2010-0bf9d6,wu26.faithful,ieee118,described,,,devices,defended=1;scenario=118;window=1012,18.0,,,
wu26.faithful-ieee118-20261003t073420z-cc2010-0bf9d6,wu26.faithful,ieee118,described,,,devices,defended=1;scenario=118;window=1013,30.0,,,
wu26.faithful-ieee118-20261003t073420z-cc2010-0bf9d6,wu26.faithful,ieee118,described,,,devices,defended=1;scenario=118;window=1014,24.0,,,
wu26.faithful-ieee118-20261003t073420z-cc2010-0bf9d6,wu26.faithful,ieee118,described,,,devices,defended=1;scenario=118;window=1015,23.0,,,
wu26.faithful-ieee118-20261003t073420z-cc2010-0bf9d6,wu26.faithful,ieee118,described,,,devices,defended=1;scenario=118;window=1016,21.0,,,
wu26.faithful-ieee118-20261003t073420z-cc2010-0bf9d6,wu26.faithful,ieee118,described,,,devices,defended=1;scenario=118;window=1017,29.0,,,
wu26.faithful-ieee118-20261003t073420z-cc2010-0bf9d6,wu26.faithful,ieee118,described,,,devices,defended=1;scenario=118;window=1018,20.0,,,
wu26.faithful-ieee118-20261003t073420z-cc2010-0bf9d6,wu26.faithful,ieee118,described,,,devices,defended=1;scenario=118;window=1019,24.0,,,
wu26.faithful-ieee118-20261003t073420z-cc2010-0bf9d6,wu26.faithful,ieee118,described,,,devices,defended=1;scenario=118;window=1020,25.0,,,
wu26.faithful-ieee118-20261003t073420z-cc2010-0bf9d6,wu26.faithful,ieee118,described,,,devices,defended=1;scenario=118;window=1021,18.0,,,
wu26.faithful-ieee118-20261003t073420z-cc2010-0bf9d6,wu26.faithful,ieee118,described,,,devices,defended=1;scenario=118;window=1022,19.0,,,
wu26.faithful-ieee118-20261003t073420z-cc2010-0bf9d6,wu26.faithful,ieee118,described,,,devices,defended=1;scenario=118;window=1023,20.0,,,
wu26.faithful-ieee118-20261003t073420z-cc2010-0bf9d6,wu26.faithful,ieee118,described,,,devices,defended=1;scenario=118;window=1024,21.0,,,
wu26.faithful-ieee118-20261003t073420z-cc2010-0bf9d6,wu26.faithful,ieee118,described,,,devices,defended=1;scenario=118;window=1025,24.0,,,
wu26.faithful-ieee118-20261003t073420z-cc2010-0bf9d6,wu26.faithful,ieee118,described,,,devices,defended=1;scenario=118;window=1026,19.0,,,
wu26.faithful-ieee118-20261003t073420z-cc2010-0bf9d6,wu26.faithful,ieee118,described,,,devices,defended=1;scenario=118;window=1027,19.0,,,
wu26.faithful-ieee118-20261003t073420z-cc2010-0bf9d6,wu26.faithful,ieee118,described,,,devices,defended=1;scenario=118;window=1028,28.0,,,
wu26.faithful-ieee118-20261003t073420z-cc2010-0bf9d6,wu26.faithful,ieee118,described,,,devices,defended=1;scenario=118;window=1029,30.0,,,
wu26.faithful-ieee118-20261003t073420z-cc2010-0bf9d6,wu26.faithful,ieee118,described,,,devices,defended=1;scenario=118;window=1030,22.0,,,
wu26.faithful-ieee118-20261003t073420z-cc2010-0bf9d6,wu26.faithful,ieee118,described,,,devices,defended=1;scenario=118;window=1031,21.0,,,
wu26.faithful-ieee118-20261003t073420z-cc2010-0bf9d6,wu26.faithful,ieee118,described,,,devices,defended=1;scenario=118;window=1032,19.0,,,
wu26.faithful-ieee118-20261003t073420z-cc2010-0bf9d6,wu26.faithful,ieee118,described,,,devices,defended=1;scenario=118;window=1033,25.0,,,
wu26.faithful-ieee118-20261003t073420z-cc2010-0bf9d6,wu26.faithful,ieee118,described,,,devices,defended=1;scenario=118;window=1034,19.0,,,
wu26.faithful-ieee118-20261003t073420z-cc2010-0bf9d6,wu26.faithful,ieee118,described,,,devices,defended=1;scenario=118;window=1035,22.0,,,
wu26.faithful-ieee118-20261003t073420z-cc2010-0bf9d6,wu26.faithful,ieee118,described,,,devices,defended=1;scenario=118;window=1036,20.0,,,
wu26.faithful-ieee118-20261003t073420z-cc2010-0bf9d6,wu26.faithful,ieee118,described,,,devices,defended=1;scenario=118;window=1037,20.0,,,
wu26.faithful-ieee118-20261003t073420z-cc2010-0bf9d6,wu26.faithful,ieee118,described,,,devices,defended=1;scenario=118;window=1038,24.0,,,
wu26.faithful-ieee118-20261003t073420z-cc2010-0bf9d6,wu26.faithful,ieee118,described,,,devices,defended=1;scenario=118;window=1039,17.0,,,
wu26.faithful-ieee118-20261003t073420z-cc2010-0bf9d6,wu26.faithful,ieee118,described,,,devices,defended=1;scenario=118;window=1040,23.0,,,
wu26.faithful-ieee118-20261003t073420z-cc2010-0bf9d6,wu26.faithful,ieee118,described,,,devices,defended=1;scenario=118;window=1041,35.0,,,
wu26.faithful-ieee118-20261003t073420z-cc2010-0bf9d6,wu26.faithful,ieee118,described,,,devices,defended=1;scenario=118;window=1042,20.0,,,
wu26.faithful-ieee118-20261003t073420z-cc2010-0bf9d6,wu26.faithful,ieee118,described,,,devices,defended=1;scenario=118;window=1043,24.0,,,
wu26.faithful-ieee118-20261003t073420z-cc2010-0bf9d6,wu26.faithful,ieee118,described,,,devices,defended=1;scenario=118;window=1044,20.0,,,
wu26.faithful-ieee118-20261003t073420z-cc2010-0bf9d6,wu26.faithful,ieee118,described,,,devices,defended=1;scenario=118;window=1045,18.0,,,
wu26.faithful-ieee118-20261003t073420z-cc2010-0bf9d6,wu26.faithful,ieee118,described,,,devices,defended=1;scenario=118;window=1046,16.0,,,
wu26.faithful-ieee118-20261003t073420z-cc2010-0bf9d6,wu26.faithful,ieee118,described,,,devices,defended=1;scenario=118;window=1047,25.0,,,
wu26.faithful-ieee118-20261003t073420z-cc2010-0bf9d6,wu26.faithful,ieee118,described,,,devices,defended=1;scenario=118;window=1048,17.0,,,
wu26.faithful-ieee118-20261003t073420z-cc2010-0bf9d6,wu26.faithful,ieee118,described,,,devices,defended=1;scenario=118;window=1049,23.0,,,
wu26.faithful-ieee118-20261003t073420z-cc2010-0bf9d6,wu26.faithful,ieee118,described,,,devices,defended=1;scenario=118;window=1050,19.0,,,
wu26.faithful-ieee118-20261003t073420z-cc2010-0bf9d6,wu26.faithful,ieee118,described,,,devices,defended=1;scenario=118;window=1051,20.0,,,
wu26.faithful-ieee118-20261003t073420z-cc2010-0bf9d6,wu26.faithful,ieee118,described,,,devices,defended=1;scenario=118;window=1052,19.0,,,
wu26.faithful-ieee118-20261003t073420z-cc2010-0bf9d6,wu26.faithful,ieee118,described,,,devices,defended=1;scenario=118;window=1053,27.0,,,
wu26.faithful-ieee118-20261003t073420z-cc2010-0bf9d6,wu26.faithful,ieee118,described,,,devices,defended=1;scenario=118;window=1054,14.0,,,
wu26.faithful-ieee118-20261003t073420z-cc2010-0bf9d6,wu26.faithful,ieee118,described,,,devices,defended=1;scenario=118;window=1055,20.0,,,
wu26.faithful-ieee118-20261003t073420z-cc2010-0bf9d6,wu26.faithful,ieee118,described,,,devices,defended=1;scenario=118;window=1056,20.0,,,
wu26.faithful-ieee118-20261003t073420z-cc2010-0bf9d6,wu26.faithful,ieee118,described,,,devices,defended=1;scenario=118;window=1057,28.0,,,
wu26.faithful-ieee118-20261003t073420z-cc2010-0bf9d6,wu26.faithful,ieee118,described,,,devices,defended=1;scenario=118;window=1058,15.0,,,
wu26.faithful-ieee118-20261003t073420z-cc2010-0bf9d6,wu26.faithful,ieee118,described,,,devices,defended=1;scenario=118;window=1059,28.0,,,
wu26.faithful-ieee118-20261003t073420z-cc2010-0bf9d6,wu26.faithful,ieee118,described,,,devices,defended=1;scenario=118;window=1060,34.0,,,
wu26.faithful-ieee118-20261003t073420z-cc2010-0bf9d6,wu26.faithful,ieee118,described,,,devices,defended=1;scenario=118;window=1061,23.0,,,
wu26.faithful-ieee118-20261003t073420z-cc2010-0bf9d6,wu26.faithful,ieee118,described,,,devices,defended=1;scenario=118;window=1062,23.0,,,
wu26.faithful-ieee118-20261003t073420z-cc2010-0bf9d6,wu26.faithful,ieee118,described,,,devices,defended=1;scenario=118;window=1063,21.0,,,
wu26.faithful-ieee118-20261003t073420z-cc2010-0bf9d6,wu26.faithful,ieee118,described,,,devices,defended=1;scenario=118;window=1064,19.0,,,
wu26.faithful-ieee118-20261003t073420z-cc2010-0bf9d6,wu26.faithful,ieee118,described,,,devices,defended=1;scenario=118;window=1065,28.0,,,
wu26.faithful-ieee118-20261003t073420z-cc2010-0bf9d6,wu26.faithful,ieee118,described,,,devices,defended=1;scenario=118;window=1066,22.0,,,
wu26.faithful-ieee118-20261003t073420z-cc2010-0bf9d6,wu26.faithful,ieee118,described,,,devices,defended=1;scenario=118;window=1067,19.0,,,
wu26.faithful-ieee118-20261003t073420z-cc2010-0bf9d6,wu26.faithful,ieee118,described,,,devices,defended=1;scenario=118;window=1068,20.0,,,
wu26.faithful-ieee118-20261003t073420z-cc2010-0bf9d6,wu26.faithful,ieee118,described,,,devices,defended=1;scenario=118;window=1069,17.0,,,
wu26.faithful-ieee118-20261003t073420z-cc2010-0bf9d6,wu26.faithful,ieee118,described,,,devices,defended=1;scenario=118;window=1070,23.0,,,
wu26.faithful-ieee118-20261003t073420z-cc2010-0bf9d6,wu26.faithful,ieee118,described,,,devices,defended=1;scenario=118;window=1071,24.0,,,
wu26.faithful-ieee118-20261003t073420z-cc2010-0bf9d6,wu26.faithful,ieee118,described,,,devices,defended=1;scenario=118;window=1072,20.0,,,
wu26.faithful-ieee118-20261003t073420z-cc2010-0bf9d6,wu26.faithful,ieee118,described,,,devices,defended=1;scenario=118;window=1073,30.0,,,
wu26.faithful-ieee118-20261003t073420z-cc2010-0bf9d6,wu26.faithful,ieee118,described,,,devices,defended=1;scenario=118;window=1074,22.0,,,
wu26.faithful-ieee118-20261003t073420z-cc2010-0bf9d6,wu26.faithful,ieee118,described,,,devices,defended=1;scenario=118;window=1075,22.0,,,
wu26.faithful-ieee118-20261003t073420z-cc2010-0bf9d6,wu26.faithful,ieee118,described,,,devices,defended=1;scenario=118;window=1076,20.0,,,
wu26.faithful-ieee118-20261003t073420z-cc2010-0bf9d6,wu26.faithful,ieee118,described,,,devices,defended=1;scenario=118;window=1077,15.0,,,
wu26.faithful-ieee118-20261003t073420z-cc2010-0bf9d6,wu26.faithful,ieee118,described,,,devices,defended=1;scenario=118;window=1078,19.0,,,
wu26.faithful-ieee118-20261003t073420z-cc2010-0bf9d6,wu26.faithful,ieee118,described,,,devices,defended=1;scenario=118;window=1079,21.0,,,
wu26.faithful-ieee118-20261003t073420z-cc2010-0bf9d6,wu26.faithful,ieee118,described,,,devices,defended=1;scenario=118;window=1080,17.0,,,
wu26.faithful-ieee118-20261003t073420z-cc2010-0bf9d6,wu26.faithful,ieee118,described,,,devices,defended=1;scenario=118;window=1081,23.0,,,
wu26.faithful-ieee118-20261003t073420z-cc2010-0bf9d6,wu26.faithful,ieee118,described,,,devices,defended=1;scenario=118;window=1082,14.0,,,
wu26.faithful-ieee118-20261003t073420z-cc2010-0bf9d6,wu26.faithful,ieee118,described,,,devices,defended=1;scenario=118;window=1083,21.0,,,
wu26.faithful-ieee118-20261003t073420z-cc2010-0bf9d6,wu26.faithful,ieee118,described,,,devices,defended=1;scenario=118;window=1084,18.0,,,
wu26.faithful-ieee118-20261003t073420z-cc2010-0bf9d6,wu26.faithful,ieee118,described,,,devices,defended=1;scenario=118;window=1085,22.0,,,
wu26.faithful-ieee118-20261003t073420z-cc2010-0bf9d6,wu26.faithful,ieee118,described,,,devices,defended=1;scenario=118;window=1086,23.0,,,
wu26.faithful-ieee118-20261003t073420z-cc2010-0bf9d6,wu26.faithful,ieee118,described,,,devices,defended=1;scenario=118;window=1087,13.0,,,
wu26.faithful-ieee118-20261003t073420z-cc2010-0bf9d6,wu26.faithful,ieee118,described,,,devices,defended=1;scenario=118;window=1088,12.0,,,
wu26.faithful-ieee118-20261003t073420z-cc2010-0bf9d6,wu26.faithful,ieee118,described,,,devices,defended=1;scenario=118;window=1089,22.0,,,
wu26.faithful-ieee118-20261003t073420z-cc2010-0bf9d6,wu26.faithful,ieee118,described,,,devices,defended=1;scenario=118;window=1090,17.0,,,
wu26.faithful-ieee118-20261003t073420z-cc2010-0bf9d6,wu26.faithful,ieee118,described,,,devices,defended=1;scenario=118;window=1091,19.0,,,
wu26.faithful-ieee118-20261003t073420z-cc2010-0bf9d6,wu26.faithful,ieee118,described,,,devices,defended=1;scenario=118;window=1092,15.0,,,
wu26.faithful-ieee118-20261003t073420z-cc2010-0bf9d6,wu26.faithful,ieee118,described,,,devices,defended=1;scenario=118;window=1093,26.0,,,
wu26.faithful-ieee118-20261003t073420z-cc2010-0bf9d6,wu26.faithful,ieee118,described,,,devices,defended=1;scenario=118;window=1094,24.0,,,
wu26.faithful-ieee118-20261003t073420z-cc2010-0bf9d6,wu26.faithful,ieee118,described,,,devices,defended=1;scenario=118;window=1095,21.0,,,
wu26.faithful-ieee118-20261003t073420z-cc2010-0bf9d6,wu26.faithful,ieee118,described,,,devices,defended=1;scenario=118;window=1096,20.0,,,
wu26.faithful-ieee118-20261003t073420z-cc2010-0bf9d6,wu26.faithful,ieee118,described,,,devices,defended=1;scenario=118;window=1097,18.0,,,
wu26.faithful-ieee118-20261003t073420z-cc2010-0bf9d6,wu26.faithful,ieee118,described,,,devices,defended=1;scenario=118;window=1098,16.0,,,
wu26.faithful-ieee118-20261003t073420z-cc2010-0bf9d6,wu26.faithful,ieee118,described,,,devices,defended=1;scenario=118;window=1099,32.0,,,
wu26.faithful-ieee118-20261003t073420z-cc2010-0bf9d6,wu26.faithful,ieee118,described,,,extra_devices,defended=1;scenario=118;window=1000,8.0,,,
wu26.faithful-ieee118-20261003t073420z-cc2010-0bf9d6,wu26.faithful,ieee118,described,,,extra_devices,defended=1;scenario=118;window=1001,5.0,,,
wu26.faithful-ieee118-20261003t073420z-cc2010-0bf9d6,wu26.faithful,ieee118,described,,,extra_devices,defended=1;scenario=118;window=1002,6.0,,,
wu26.faithful-ieee118-20261003t073420z-cc2010-0bf9d6,wu26.faithful,ieee118,described,,,extra_devices,defended=1;scenario=118;window=1003,5.0,,,
wu26.faithful-ieee118-20261003t073420z-cc2010-0bf9d6,wu26.faithful,ieee118,described,,,extra_devices,defended=1;scenario=118;window=1004,7.0,,,
wu26.faithful-ieee118-20261003t073420z-cc2010-0bf9d6,wu26.faithful,ieee118,described,,,extra_devices,defended=1;scenario=118;window=1005,22.0,,,
wu26.faithful-ieee118-20261003t073420z-cc2010-0bf9d6,wu26.faithful,ieee118,described,,,extra_devices,defended=1;scenario=118;window=1006,5.0,,,
wu26.faithful-ieee118-20261003t073420z-cc2010-0bf9d6,wu26.faithful,ieee118,described,,,extra_devices,defended=1;scenario=118;window=1007,11.0,,,
wu26.faithful-ieee118-20261003t073420z-cc2010-0bf9d6,wu26.faithful,ieee118,described,,,extra_devices,defended=1;scenario=118;window=1008,10.0,,,
wu26.faithful-ieee118-20261003t073420z-cc2010-0bf9d6,wu26.faithful,ieee118,described,,,extra_devices,defended=1;scenario=118;window=1009,12.0,,,
wu26.faithful-ieee118-20261003t073420z-cc2010-0bf9d6,wu26.faithful,ieee118,described,,,extra_devices,defended=1;scenario=118;window=1010,7.0,,,
wu26.faithful-ieee118-20261003t073420z-cc2010-0bf9d6,wu26.faithful,ieee118,described,,,extra_devices,defended=1;scenario=118;window=1011,4.0,,,
wu26.faithful-ieee118-20261003t073420z-cc2010-0bf9d6,wu26.faithful,ieee118,described,,,extra_devices,defended=1;scenario=118;window=1012,6.0,,,
wu26.faithful-ieee118-20261003t073420z-cc2010-0bf9d6,wu26.faithful,ieee118,described,,,extra_devices,defended=1;scenario=118;window=1013,16.0,,,
wu26.faithful-ieee118-20261003t073420z-cc2010-0bf9d6,wu26.faithful,ieee118,described,,,extra_devices,defended=1;scenario=118;window=1014,11.0,,,
wu26.faithful-ieee118-20261003t073420z-cc2010-0bf9d6,wu26.faithful,ieee118,described,,,extra_devices,defended=1;scenario=118;window=1015,9.0,,,
wu26.faithful-ieee118-20261003t073420z-cc2010-0bf9d6,wu26.faithful,ieee118,described,,,extra_devices,defended=1;scenario=118;window=1016,8.0,,,
wu26.faithful-ieee118-20261003t073420z-cc2010-0bf9d6,wu26.faithful,ieee118,described,,,extra_devices,defended=1;scenario=118;window=1017,12.0,,,
wu26.faithful-ieee118-20261003t073420z-cc2010-0bf9d6,wu26.faithful,ieee118,described,,,extra_devices,defended=1;scenario=118;window=1018,7.0,,,
wu26.faithful-ieee118-20261003t073420z-cc2010-0bf9d6,wu26.faithful,ieee118,described,,,extra_devices,defended=1;scenario=118;window=1019,10.0,,,
wu26.faithful-ieee118-20261003t073420z-cc2010-0bf9d6,wu26.faithful,ieee118,described,,,extra_devices,defended=1;scenario=118;window=1020,11.0,,,
wu26.faithful-ieee118-20261003t073420z-cc2010-0bf9d6,wu26.faithful,ieee118,described,,,extra_devices,defended=1;scenario=118;window=1021,0.0,,,
wu26.faithful-ieee118-20261003t073420z-cc2010-0bf9d6,wu26.faithful,ieee118,described,,,extra_devices,defended=1;scenario=118;window=1022,6.0,,,
wu26.faithful-ieee118-20261003t073420z-cc2010-0bf9d6,wu26.faithful,ieee118,described,,,extra_devices,defended=1;scenario=118;window=1023,7.0,,,
wu26.faithful-ieee118-20261003t073420z-cc2010-0bf9d6,wu26.faithful,ieee118,described,,,extra_devices,defended=1;scenario=118;window=1024,8.0,,,
wu26.faithful-ieee118-20261003t073420z-cc2010-0bf9d6,wu26.faithful,ieee118,described,,,extra_devices,defended=1;scenario=118;window=1025,13.0,,,
wu26.faithful-ieee118-20261003t073420z-cc2010-0bf9d6,wu26.faithful,ieee118,described,,,extra_devices,defended=1;scenario=118;window=1026,6.0,,,
wu26.faithful-ieee118-20261003t073420z-cc2010-0bf9d6,wu26.faithful,ieee118,described,,,extra_devices,defended=1;scenario=118;window=1027,3.0,,,
wu26.faithful-ieee118-20261003t073420z-cc2010-0bf9d6,wu26.faithful,ieee118,described,,,extra_devices,defended=1;scenario=118;window=1028,13.0,,,
wu26.faithful-ieee118-20261003t073420z-cc2010-0bf9d6,wu26.faithful,ieee118,described,,,extra_devices,defended=1;scenario=118;window=1029,14.0,,,
wu26.faithful-ieee118-20261003t073420z-cc2010-0bf9d6,wu26.faithful,ieee118,described,,,extra_devices,defended=1;scenario=118;window=1030,9.0,,,
wu26.faithful-ieee118-20261003t073420z-cc2010-0bf9d6,wu26.faithful,ieee118,described,,,extra_devices,defended=1;scenario=118;window=1031,10.0,,,
wu26.faithful-ieee118-20261003t073420z-cc2010-0bf9d6,wu26.faithful,ieee118,described,,,extra_devices,defended=1;scenario=118;window=1032,5.0,,,
wu26.faithful-ieee118-20261003t073420z-cc2010-0bf9d6,wu26.faithful,ieee118,described,,,extra_devices,defended=1;scenario=118;window=1033,6.0,,,
wu26.faithful-ieee118-20261003t073420z-cc2010-0bf9d6,wu26.faithful,ieee118,described,,,extra_devices,defended=1;scenario=118;window=1034,5.0,,,
wu26.faithful-ieee118-20261003t073420z-cc2010-0bf9d6,wu26.faithful,ieee118,described,,,extra_devices,defended=1;scenario=118;window=1035,7.0,,,
wu26.faithful-ieee118-20261003t073420z-cc2010-0bf9d6,wu26.faithful,ieee118,described,,,extra_devices,defended=1;scenario=118;window=1036,6.0,,,
wu26.faithful-ieee118-20261003t073420z-cc2010-0bf9d6,wu26.faithful,ieee118,described,,,extra_devices,defended=1;scenario=118;window=1037,3.0,,,
wu26.faithful-ieee118-20261003t073420z-cc2010-0bf9d6,wu26.faithful,ieee118,described,,,extra_devices,defended=1;scenario=118;window=1038,9.0,,,
wu26.faithful-ieee118-20261003t073420z-cc2010-0bf9d6,wu26.faithful,ieee118,described,,,extra_devices,defended=1;scenario=118;window=1039,6.0,,,
wu26.faithful-ieee118-20261003t073420z-cc2010-0bf9d6,wu26.faithful,ieee118,described,,,extra_devices,defended=1;scenario=118;window=1040,10.0,,,
wu26.faithful-ieee118-20261003t073420z-cc2010-0bf9d6,wu26.faithful,ieee118,described,,,extra_devices,defended=1;scenario=118;window=1041,0.0,,,
wu26.faithful-ieee118-20261003t073420z-cc2010-0bf9d6,wu26.faithful,ieee118,described,,,extra_devices,defended=1;scenario=118;window=1042,7.0,,,
wu26.faithful-ieee118-20261003t073420z-cc2010-0bf9d6,wu26.faithful,ieee118,described,,,extra_devices,defended=1;scenario=118;window=1043,11.0,,,
wu26.faithful-ieee118-20261003t073420z-cc2010-0bf9d6,wu26.faithful,ieee118,described,,,extra_devices,defended=1;scenario=118;window=1044,7.0,,,
wu26.faithful-ieee118-20261003t073420z-cc2010-0bf9d6,wu26.faithful,ieee118,described,,,extra_devices,defended=1;scenario=118;window=1045,5.0,,,
wu26.faithful-ieee118-20261003t073420z-cc2010-0bf9d6,wu26.faithful,ieee118,described,,,extra_devices,defended=1;scenario=118;window=1046,0.0,,,
wu26.faithful-ieee118-20261003t073420z-cc2010-0bf9d6,wu26.faithful,ieee118,described,,,extra_devices,defended=1;scenario=118;window=1047,14.0,,,
wu26.faithful-ieee118-20261003t073420z-cc2010-0bf9d6,wu26.faithful,ieee118,described,,,extra_devices,defended=1;scenario=118;window=1048,4.0,,,
wu26.faithful-ieee118-20261003t073420z-cc2010-0bf9d6,wu26.faithful,ieee118,described,,,extra_devices,defended=1;scenario=118;window=1049,8.0,,,
wu26.faithful-ieee118-20261003t073420z-cc2010-0bf9d6,wu26.faithful,ieee118,described,,,extra_devices,defended=1;scenario=118;window=1050,6.0,,,
wu26.faithful-ieee118-20261003t073420z-cc2010-0bf9d6,wu26.faithful,ieee118,described,,,extra_devices,defended=1;scenario=118;window=1051,5.0,,,
wu26.faithful-ieee118-20261003t073420z-cc2010-0bf9d6,wu26.faithful,ieee118,described,,,extra_devices,defended=1;scenario=118;window=1052,6.0,,,
wu26.faithful-ieee118-20261003t073420z-cc2010-0bf9d6,wu26.faithful,ieee118,described,,,extra_devices,defended=1;scenario=118;window=1053,7.0,,,
wu26.faithful-ieee118-20261003t073420z-cc2010-0bf9d6,wu26.faithful,ieee118,described,,,extra_devices,defended=1;scenario=118;window=1054,3.0,,,
wu26.faithful-ieee118-20261003t073420z-cc2010-0bf9d6,wu26.faithful,ieee118,described,,,extra_devices,defended=1;scenario=118;window=1055,7.0,,,
wu26.faithful-ieee118-20261003t073420z-cc2010-0bf9d6,wu26.faithful,ieee118,described,,,extra_devices,defended=1;scenario=118;window=1056,6.0,,,
wu26.faithful-ieee118-20261003t073420z-cc2010-0bf9d6,wu26.faithful,ieee118,described,,,extra_devices,defended=1;scenario=118;window=1057,15.0,,,
wu26.faithful-ieee118-20261003t073420z-cc2010-0bf9d6,wu26.faithful,ieee118,described,,,extra_devices,defended=1;scenario=118;window=1058,4.0,,,
wu26.faithful-ieee118-20261003t073420z-cc2010-0bf9d6,wu26.faithful,ieee118,described,,,extra_devices,defended=1;scenario=118;window=1059,13.0,,,
wu26.faithful-ieee118-20261003t073420z-cc2010-0bf9d6,wu26.faithful,ieee118,described,,,extra_devices,defended=1;scenario=118;window=1060,13.0,,,
wu26.faithful-ieee118-20261003t073420z-cc2010-0bf9d6,wu26.faithful,ieee118,described,,,extra_devices,defended=1;scenario=118;window=1061,2.0,,,
wu26.faithful-ieee118-20261003t073420z-cc2010-0bf9d6,wu26.faithful,ieee118,described,,,extra_devices,defended=1;scenario=118;window=1062,8.0,,,
wu26.faithful-ieee118-20261003t073420z-cc2010-0bf9d6,wu26.faithful,ieee118,described,,,extra_devices,defended=1;scenario=118;window=1063,5.0,,,
wu26.faithful-ieee118-20261003t073420z-cc2010-0bf9d6,wu26.faithful,ieee118,described,,,extra_devices,defended=1;scenario=118;window=1064,6.0,,,
wu26.faithful-ieee118-20261003t073420z-cc2010-0bf9d6,wu26.faithful,ieee118,described,,,extra_devices,defended=1;scenario=118;window=1065,14.0,,,
wu26.faithful-ieee118-20261003t073420z-cc2010-0bf9d6,wu26.faithful,ieee118,described,,,extra_devices,defended=1;scenario=118;window=1066,9.0,,,
wu26.faithful-ieee118-20261003t073420z-cc2010-0bf9d6,wu26.faithful,ieee118,described,,,extra_devices,defended=1;scenario=118;window=1067,4.0,,,
wu26.faithful-ieee118-20261003t073420z-cc2010-0bf9d6,wu26.faithful,ieee118,described,,,extra_devices,defended=1;scenario=118;window=1068,7.0,,,
wu26.faithful-ieee118-20261003t073420z-cc2010-0bf9d6,wu26.faithful,ieee118,described,,,extra_devices,defended=1;scenario=118;window=1069,1.0,,,
wu26.faithful-ieee118-20261003t073420z-cc2010-0bf9d6,wu26.faithful,ieee118,described,,,extra_devices,defended=1;scenario=118;window=1070,11.0,,,
wu26.faithful-ieee118-20261003t073420z-cc2010-0bf9d6,wu26.faithful,ieee118,described,,,extra_devices,defended=1;scenario=118;window=1071,10.0,,,
wu26.faithful-ieee118-20261003t073420z-cc2010-0bf9d6,wu26.faithful,ieee118,described,,,extra_devices,defended=1;scenario=118;window=1072,5.0,,,
wu26.faithful-ieee118-20261003t073420z-cc2010-0bf9d6,wu26.faithful,ieee118,described,,,extra_devices,defended=1;scenario=118;window=1073,14.0,,,
wu26.faithful-ieee118-20261003t073420z-cc2010-0bf9d6,wu26.faithful,ieee118,described,,,extra_devices,defended=1;scenario=118;window=1074,9.0,,,
wu26.faithful-ieee118-20261003t073420z-cc2010-0bf9d6,wu26.faithful,ieee118,described,,,extra_devices,defended=1;scenario=118;window=1075,9.0,,,
wu26.faithful-ieee118-20261003t073420z-cc2010-0bf9d6,wu26.faithful,ieee118,described,,,extra_devices,defended=1;scenario=118;window=1076,7.0,,,
wu26.faithful-ieee118-20261003t073420z-cc2010-0bf9d6,wu26.faithful,ieee118,described,,,extra_devices,defended=1;scenario=118;window=1077,2.0,,,
wu26.faithful-ieee118-20261003t073420z-cc2010-0bf9d6,wu26.faithful,ieee118,described,,,extra_devices,defended=1;scenario=118;window=1078,4.0,,,
wu26.faithful-ieee118-20261003t073420z-cc2010-0bf9d6,wu26.faithful,ieee118,described,,,extra_devices,defended=1;scenario=118;window=1079,6.0,,,
wu26.faithful-ieee118-20261003t073420z-cc2010-0bf9d6,wu26.faithful,ieee118,described,,,extra_devices,defended=1;scenario=118;window=1080,4.0,,,
wu26.faithful-ieee118-20261003t073420z-cc2010-0bf9d6,wu26.faithful,ieee118,described,,,extra_devices,defended=1;scenario=118;window=1081,6.0,,,
wu26.faithful-ieee118-20261003t073420z-cc2010-0bf9d6,wu26.faithful,ieee118,described,,,extra_devices,defended=1;scenario=118;window=1082,3.0,,,
wu26.faithful-ieee118-20261003t073420z-cc2010-0bf9d6,wu26.faithful,ieee118,described,,,extra_devices,defended=1;scenario=118;window=1083,10.0,,,
wu26.faithful-ieee118-20261003t073420z-cc2010-0bf9d6,wu26.faithful,ieee118,described,,,extra_devices,defended=1;scenario=118;window=1084,3.0,,,
wu26.faithful-ieee118-20261003t073420z-cc2010-0bf9d6,wu26.faithful,ieee118,described,,,extra_devices,defended=1;scenario=118;window=1085,6.0,,,
wu26.faithful-ieee118-20261003t073420z-cc2010-0bf9d6,wu26.faithful,ieee118,described,,,extra_devices,defended=1;scenario=118;window=1086,8.0,,,
wu26.faithful-ieee118-20261003t073420z-cc2010-0bf9d6,wu26.faithful,ieee118,described,,,extra_devices,defended=1;scenario=118;window=1087,0.0,,,
wu26.faithful-ieee118-20261003t073420z-cc2010-0bf9d6,wu26.faithful,ieee118,described,,,extra_devices,defended=1;scenario=118;window=1088,1.0,,,
wu26.faithful-ieee118-20261003t073420z-cc2010-0bf9d6,wu26.faithful,ieee118,described,,,extra_devices,defended=1;scenario=118;window=1089,10.0,,,
wu26.faithful-ieee118-20261003t073420z-cc2010-0bf9d6,wu26.faithful,ieee118,described,,,extra_devices,defended=1;scenario=118;window=1090,6.0,,,
wu26.faithful-ieee118-20261003t073420z-cc2010-0bf9d6,wu26.faithful,ieee118,described,,,extra_devices,defended=1;scenario=118;window=1091,6.0,,,
wu26.faithful-ieee118-20261003t073420z-cc2010-0bf9d6,wu26.faithful,ieee118,described,,,extra_devices,defended=1;scenario=118;window=1092,4.0,,,
wu26.faithful-ieee118-20261003t073420z-cc2010-0bf9d6,wu26.faithful,ieee118,described,,,extra_devices,defended=1;scenario=118;window=1093,7.0,,,
wu26.faithful-ieee118-20261003t073420z-cc2010-0bf9d6,wu26.faithful,ieee118,described,,,extra_devices,defended=1;scenario=118;window=1094,7.0,,,
wu26.faithful-ieee118-20261003t073420z-cc2010-0bf9d6,wu26.faithful,ieee118,described,,,extra_devices,defended=1;scenario=118;window=1095,6.0,,,
wu26.faithful-ieee118-20261003t073420z-cc2010-0bf9d6,wu26.faithful,ieee118,described,,,extra_devices,defended=1;scenario=118;window=1096,4.0,,,
wu26.faithful-ieee118-20261003t073420z-cc2010-0bf9d6,wu26.faithful,ieee118,described,,,extra_devices,defended=1;scenario=118;window=1097,5.0,,,
wu26.faithful-ieee118-20261003t073420z-cc2010-0bf9d6,wu26.faithful,ieee118,described,,,extra_devices,defended=1;scenario=118;window=1098,5.0,,,
wu26.faithful-ieee118-20261003t073420z-cc2010-0bf9d6,wu26.faithful,ieee118,described,,,extra_devices,defended=1;scenario=118;window=1099,21.0,,,
wu26.faithful-ieee118-20261003t073420z-cc2010-0bf9d6,wu26.faithful,ieee118,described,,,feasible,defended=1;scenario=118;window=1000,1.0,,,
wu26.faithful-ieee118-20261003t073420z-cc2010-0bf9d6,wu26.faithful,ieee118,described,,,feasible,defended=1;scenario=118;window=1001,1.0,,,
wu26.faithful-ieee118-20261003t073420z-cc2010-0bf9d6,wu26.faithful,ieee118,described,,,feasible,defended=1;scenario=118;window=1002,1.0,,,
wu26.faithful-ieee118-20261003t073420z-cc2010-0bf9d6,wu26.faithful,ieee118,described,,,feasible,defended=1;scenario=118;window=1003,1.0,,,
wu26.faithful-ieee118-20261003t073420z-cc2010-0bf9d6,wu26.faithful,ieee118,described,,,feasible,defended=1;scenario=118;window=1004,1.0,,,
wu26.faithful-ieee118-20261003t073420z-cc2010-0bf9d6,wu26.faithful,ieee118,described,,,feasible,defended=1;scenario=118;window=1005,0.0,,,
wu26.faithful-ieee118-20261003t073420z-cc2010-0bf9d6,wu26.faithful,ieee118,described,,,feasible,defended=1;scenario=118;window=1006,1.0,,,
wu26.faithful-ieee118-20261003t073420z-cc2010-0bf9d6,wu26.faithful,ieee118,described,,,feasible,defended=1;scenario=118;window=1007,1.0,,,
wu26.faithful-ieee118-20261003t073420z-cc2010-0bf9d6,wu26.faithful,ieee118,described,,,feasible,defended=1;scenario=118;window=1008,1.0,,,
wu26.faithful-ieee118-20261003t073420z-cc2010-0bf9d6,wu26.faithful,ieee118,described,,,feasible,defended=1;scenario=118;window=1009,1.0,,,
wu26.faithful-ieee118-20261003t073420z-cc2010-0bf9d6,wu26.faithful,ieee118,described,,,feasible,defended=1;scenario=118;window=1010,1.0,,,
wu26.faithful-ieee118-20261003t073420z-cc2010-0bf9d6,wu26.faithful,ieee118,described,,,feasible,defended=1;scenario=118;window=1011,1.0,,,
wu26.faithful-ieee118-20261003t073420z-cc2010-0bf9d6,wu26.faithful,ieee118,described,,,feasible,defended=1;scenario=118;window=1012,1.0,,,
wu26.faithful-ieee118-20261003t073420z-cc2010-0bf9d6,wu26.faithful,ieee118,described,,,feasible,defended=1;scenario=118;window=1013,1.0,,,
wu26.faithful-ieee118-20261003t073420z-cc2010-0bf9d6,wu26.faithful,ieee118,described,,,feasible,defended=1;scenario=118;window=1014,1.0,,,
wu26.faithful-ieee118-20261003t073420z-cc2010-0bf9d6,wu26.faithful,ieee118,described,,,feasible,defended=1;scenario=118;window=1015,1.0,,,
wu26.faithful-ieee118-20261003t073420z-cc2010-0bf9d6,wu26.faithful,ieee118,described,,,feasible,defended=1;scenario=118;window=1016,1.0,,,
wu26.faithful-ieee118-20261003t073420z-cc2010-0bf9d6,wu26.faithful,ieee118,described,,,feasible,defended=1;scenario=118;window=1017,1.0,,,
wu26.faithful-ieee118-20261003t073420z-cc2010-0bf9d6,wu26.faithful,ieee118,described,,,feasible,defended=1;scenario=118;window=1018,1.0,,,
wu26.faithful-ieee118-20261003t073420z-cc2010-0bf9d6,wu26.faithful,ieee118,described,,,feasible,defended=1;scenario=118;window=1019,1.0,,,
wu26.faithful-ieee118-20261003t073420z-cc2010-0bf9d6,wu26.faithful,ieee118,described,,,feasible,defended=1;scenario=118;window=1020,1.0,,,
wu26.faithful-ieee118-20261003t073420z-cc2010-0bf9d6,wu26.faithful,ieee118,described,,,feasible,defended=1;scenario=118;window=1021,1.0,,,
wu26.faithful-ieee118-20261003t073420z-cc2010-0bf9d6,wu26.faithful,ieee118,described,,,feasible,defended=1;scenario=118;window=1022,1.0,,,
wu26.faithful-ieee118-20261003t073420z-cc2010-0bf9d6,wu26.faithful,ieee118,described,,,feasible,defended=1;scenario=118;window=1023,1.0,,,
wu26.faithful-ieee118-20261003t073420z-cc2010-0bf9d6,wu26.faithful,ieee118,described,,,feasible,defended=1;scenario=118;window=1024,1.0,,,
wu26.faithful-ieee118-20261003t073420z-cc2010-0bf9d6,wu26.faithful,ieee118,described,,,feasible,defended=1;scenario=118;window=1025,1.0,,,
wu26.faithful-ieee118-20261003t073420z-cc2010-0bf9d6,wu26.faithful,ieee118,described,,,feasible,defended=1;scenario=118;window=1026,1.0,,,
wu26.faithful-ieee118-20261003t073420z-cc2010-0bf9d6,wu26.faithful,ieee118,described,,,feasible,defended=1;scenario=118;window=1027,1.0,,,
wu26.faithful-ieee118-20261003t073420z-cc2010-0bf9d6,wu26.faithful,ieee118,described,,,feasible,defended=1;scenario=118;window=1028,1.0,,,
wu26.faithful-ieee118-20261003t073420z-cc2010-0bf9d6,wu26.faithful,ieee118,described,,,feasible,defended=1;scenario=118;window=1029,1.0,,,
wu26.faithful-ieee118-20261003t073420z-cc2010-0bf9d6,wu26.faithful,ieee118,described,,,feasible,defended=1;scenario=118;window=1030,1.0,,,
wu26.faithful-ieee118-20261003t073420z-cc2010-0bf9d6,wu26.faithful,ieee118,described,,,feasible,defended=1;scenario=118;window=1031,1.0,,,
wu26.faithful-ieee118-20261003t073420z-cc2010-0bf9d6,wu26.faithful,ieee118,described,,,feasible,defended=1;scenario=118;window=1032,1.0,,,
wu26.faithful-ieee118-20261003t073420z-cc2010-0bf9d6,wu26.faithful,ieee118,described,,,feasible,defended=1;scenario=118;window=1033,1.0,,,
wu26.faithful-ieee118-20261003t073420z-cc2010-0bf9d6,wu26.faithful,ieee118,described,,,feasible,defended=1;scenario=118;window=1034,1.0,,,
wu26.faithful-ieee118-20261003t073420z-cc2010-0bf9d6,wu26.faithful,ieee118,described,,,feasible,defended=1;scenario=118;window=1035,1.0,,,
wu26.faithful-ieee118-20261003t073420z-cc2010-0bf9d6,wu26.faithful,ieee118,described,,,feasible,defended=1;scenario=118;window=1036,1.0,,,
wu26.faithful-ieee118-20261003t073420z-cc2010-0bf9d6,wu26.faithful,ieee118,described,,,feasible,defended=1;scenario=118;window=1037,1.0,,,
wu26.faithful-ieee118-20261003t073420z-cc2010-0bf9d6,wu26.faithful,ieee118,described,,,feasible,defended=1;scenario=118;window=1038,1.0,,,
wu26.faithful-ieee118-20261003t073420z-cc2010-0bf9d6,wu26.faithful,ieee118,described,,,feasible,defended=1;scenario=118;window=1039,1.0,,,
wu26.faithful-ieee118-20261003t073420z-cc2010-0bf9d6,wu26.faithful,ieee118,described,,,feasible,defended=1;scenario=118;window=1040,1.0,,,
wu26.faithful-ieee118-20261003t073420z-cc2010-0bf9d6,wu26.faithful,ieee118,described,,,feasible,defended=1;scenario=118;window=1041,1.0,,,
wu26.faithful-ieee118-20261003t073420z-cc2010-0bf9d6,wu26.faithful,ieee118,described,,,feasible,defended=1;scenario=118;window=1042,1.0,,,
wu26.faithful-ieee118-20261003t073420z-cc2010-0bf9d6,wu26.faithful,ieee118,described,,,feasible,defended=1;scenario=118;window=1043,1.0,,,
wu26.faithful-ieee118-20261003t073420z-cc2010-0bf9d6,wu26.faithful,ieee118,described,,,feasible,defended=1;scenario=118;window=1044,1.0,,,
wu26.faithful-ieee118-20261003t073420z-cc2010-0bf9d6,wu26.faithful,ieee118,described,,,feasible,defended=1;scenario=118;window=1045,1.0,,,
wu26.faithful-ieee118-20261003t073420z-cc2010-0bf9d6,wu26.faithful,ieee118,described,,,feasible,defended=1;scenario=118;window=1046,1.0,,,
wu26.faithful-ieee118-20261003t073420z-cc2010-0bf9d6,wu26.faithful,ieee118,described,,,feasible,defended=1;scenario=118;window=1047,1.0,,,
wu26.faithful-ieee118-20261003t073420z-cc2010-0bf9d6,wu26.faithful,ieee118,described,,,feasible,defended=1;scenario=118;window=1048,1.0,,,
wu26.faithful-ieee118-20261003t073420z-cc2010-0bf9d6,wu26.faithful,ieee118,described,,,feasible,defended=1;scenario=118;window=1049,1.0,,,
wu26.faithful-ieee118-20261003t073420z-cc2010-0bf9d6,wu26.faithful,ieee118,described,,,feasible,defended=1;scenario=118;window=1050,1.0,,,
wu26.faithful-ieee118-20261003t073420z-cc2010-0bf9d6,wu26.faithful,ieee118,described,,,feasible,defended=1;scenario=118;window=1051,1.0,,,
wu26.faithful-ieee118-20261003t073420z-cc2010-0bf9d6,wu26.faithful,ieee118,described,,,feasible,defended=1;scenario=118;window=1052,1.0,,,
wu26.faithful-ieee118-20261003t073420z-cc2010-0bf9d6,wu26.faithful,ieee118,described,,,feasible,defended=1;scenario=118;window=1053,1.0,,,
wu26.faithful-ieee118-20261003t073420z-cc2010-0bf9d6,wu26.faithful,ieee118,described,,,feasible,defended=1;scenario=118;window=1054,1.0,,,
wu26.faithful-ieee118-20261003t073420z-cc2010-0bf9d6,wu26.faithful,ieee118,described,,,feasible,defended=1;scenario=118;window=1055,1.0,,,
wu26.faithful-ieee118-20261003t073420z-cc2010-0bf9d6,wu26.faithful,ieee118,described,,,feasible,defended=1;scenario=118;window=1056,1.0,,,
wu26.faithful-ieee118-20261003t073420z-cc2010-0bf9d6,wu26.faithful,ieee118,described,,,feasible,defended=1;scenario=118;window=1057,1.0,,,
wu26.faithful-ieee118-20261003t073420z-cc2010-0bf9d6,wu26.faithful,ieee118,described,,,feasible,defended=1;scenario=118;window=1058,1.0,,,
wu26.faithful-ieee118-20261003t073420z-cc2010-0bf9d6,wu26.faithful,ieee118,described,,,feasible,defended=1;scenario=118;window=1059,1.0,,,
wu26.faithful-ieee118-20261003t073420z-cc2010-0bf9d6,wu26.faithful,ieee118,described,,,feasible,defended=1;scenario=118;window=1060,1.0,,,
wu26.faithful-ieee118-20261003t073420z-cc2010-0bf9d6,wu26.faithful,ieee118,described,,,feasible,defended=1;scenario=118;window=1061,1.0,,,
wu26.faithful-ieee118-20261003t073420z-cc2010-0bf9d6,wu26.faithful,ieee118,described,,,feasible,defended=1;scenario=118;window=1062,1.0,,,
wu26.faithful-ieee118-20261003t073420z-cc2010-0bf9d6,wu26.faithful,ieee118,described,,,feasible,defended=1;scenario=118;window=1063,1.0,,,
wu26.faithful-ieee118-20261003t073420z-cc2010-0bf9d6,wu26.faithful,ieee118,described,,,feasible,defended=1;scenario=118;window=1064,1.0,,,
wu26.faithful-ieee118-20261003t073420z-cc2010-0bf9d6,wu26.faithful,ieee118,described,,,feasible,defended=1;scenario=118;window=1065,1.0,,,
wu26.faithful-ieee118-20261003t073420z-cc2010-0bf9d6,wu26.faithful,ieee118,described,,,feasible,defended=1;scenario=118;window=1066,1.0,,,
wu26.faithful-ieee118-20261003t073420z-cc2010-0bf9d6,wu26.faithful,ieee118,described,,,feasible,defended=1;scenario=118;window=1067,1.0,,,
wu26.faithful-ieee118-20261003t073420z-cc2010-0bf9d6,wu26.faithful,ieee118,described,,,feasible,defended=1;scenario=118;window=1068,1.0,,,
wu26.faithful-ieee118-20261003t073420z-cc2010-0bf9d6,wu26.faithful,ieee118,described,,,feasible,defended=1;scenario=118;window=1069,1.0,,,
wu26.faithful-ieee118-20261003t073420z-cc2010-0bf9d6,wu26.faithful,ieee118,described,,,feasible,defended=1;scenario=118;window=1070,1.0,,,
wu26.faithful-ieee118-20261003t073420z-cc2010-0bf9d6,wu26.faithful,ieee118,described,,,feasible,defended=1;scenario=118;window=1071,1.0,,,
wu26.faithful-ieee118-20261003t073420z-cc2010-0bf9d6,wu26.faithful,ieee118,described,,,feasible,defended=1;scenario=118;window=1072,1.0,,,
wu26.faithful-ieee118-20261003t073420z-cc2010-0bf9d6,wu26.faithful,ieee118,described,,,feasible,defended=1;scenario=118;window=1073,1.0,,,
wu26.faithful-ieee118-20261003t073420z-cc2010-0bf9d6,wu26.faithful,ieee118,described,,,feasible,defended=1;scenario=118;window=1074,1.0,,,
wu26.faithful-ieee118-20261003t073420z-cc2010-0bf9d6,wu26.faithful,ieee118,described,,,feasible,defended=1;scenario=118;window=1075,1.0,,,
wu26.faithful-ieee118-20261003t073420z-cc2010-0bf9d6,wu26.faithful,ieee118,described,,,feasible,defended=1;scenario=118;window=1076,1.0,,,
wu26.faithful-ieee118-20261003t073420z-cc2010-0bf9d6,wu26.faithful,ieee118,described,,,feasible,defended=1;scenario=118;window=1077,1.0,,,
wu26.faithful-ieee118-20261003t073420z-cc2010-0bf9d6,wu26.faithful,ieee118,described,,,feasible,defended=1;scenario=118;window=1078,1.0,,,
wu26.faithful-ieee118-20261003t073420z-cc2010-0bf9d6,wu26.faithful,ieee118,described,,,feasible,defended=1;scenario=118;window=1079,1.0,,,
wu26.faithful-ieee118-20261003t073420z-cc2010-0bf9d6,wu26.faithful,ieee118,described,,,feasible,defended=1;scenario=118;window=1080,1.0,,,
wu26.faithful-ieee118-20261003t073420z-cc2010-0bf9d6,wu26.faithful,ieee118,described,,,feasible,defended=1;scenario=118;window=1081,1.0,,,
wu26.faithful-ieee118-20261003t073420z-cc2010-0bf9d6,wu26.faithful,ieee118,described,,,feasible,defended=1;scenario=118;window=1082,1.0,,,
wu26.faithful-ieee118-20261003t073420z-cc2010-0bf9d6,wu26.faithful,ieee118,described,,,feasible,defended=1;scenario=118;window=1083,1.0,,,
wu26.faithful-ieee118-20261003t073420z-cc2010-0bf9d6,wu26.faithful,ieee118,described,,,feasible,defended=1;scenario=118;window=1084,1.0,,,
wu26.faithful-ieee118-20261003t073420z-cc2010-0bf9d6,wu26.faithful,ieee118,described,,,feasible,defended=1;scenario=118;window=1085,1.0,,,
wu26.faithful-ieee118-20261003t073420z-cc2010-0bf9d6,wu26.faithful,ieee118,described,,,feasible,defended=1;scenario=118;window=1086,1.0,,,
wu26.faithful-ieee118-20261003t073420z-cc2010-0bf9d6,wu26.faithful,ieee118,described,,,feasible,defended=1;scenario=118;window=1087,1.0,,,
wu26.faithful-ieee118-20261003t073420z-cc2010-0bf9d6,wu26.faithful,ieee118,described,,,feasible,defended=1;scenario=118;window=1088,1.0,,,
wu26.faithful-ieee118-20261003t073420z-cc2010-0bf9d6,wu26.faithful,ieee118,described,,,feasible,defended=1;scenario=118;window=1089,1.0,,,
wu26.faithful-ieee118-20261003t073420z-cc2010-0bf9d6,wu26.faithful,ieee118,described,,,feasible,defended=1;scenario=118;window=1090,1.0,,,
wu26.faithful-ieee118-20261003t073420z-cc2010-0bf9d6,wu26.faithful,ieee118,described,,,feasible,defended=1;scenario=118;window=1091,1.0,,,
wu26.faithful-ieee118-20261003t073420z-cc2010-0bf9d6,wu26.faithful,ieee118,described,,,feasible,defended=1;scenario=118;window=1092,1.0,,,
wu26.faithful-ieee118-20261003t073420z-cc2010-0bf9d6,wu26.faithful,ieee118,described,,,feasible,defended=1;scenario=118;window=1093,1.0,,,
wu26.faithful-ieee118-20261003t073420z-cc2010-0bf9d6,wu26.faithful,ieee118,described,,,feasible,defended=1;scenario=118;window=1094,1.0,,,
wu26.faithful-ieee118-20261003t073420z-cc2010-0bf9d6,wu26.faithful,ieee118,described,,,feasible,defended=1;scenario=118;window=1095,1.0,,,
wu26.faithful-ieee118-20261003t073420z-cc2010-0bf9d6,wu26.faithful,ieee118,described,,,feasible,defended=1;scenario=118;window=1096,1.0,,,
wu26.faithful-ieee118-20261003t073420z-cc2010-0bf9d6,wu26.faithful,ieee118,described,,,feasible,defended=1;scenario=118;window=1097,1.0,,,
wu26.faithful-ieee118-20261003t073420z-cc2010-0bf9d6,wu26.faithful,ieee118,described,,,feasible,defended=1;scenario=118;window=1098,1.0,,,
wu26.faithful-ieee118-20261003t073420z-cc2010-0bf9d6,wu26.faithful,ieee118,described,,,feasible,defended=1;scenario=118;window=1099,1.0,,,
wu26.faithful-ieee118-20261003t073420z-cc2010-0bf9d6,wu26.faithful,ieee118,described,,,seconds,defended=1;scenario=118;window=1000,59.44636631011963,,,
wu26.faithful-ieee118-20261003t073420z-cc2010-0bf9d6,wu26.faithful,ieee118,described,,,seconds,defended=1;scenario=118;window=1001,59.98248505592346,,,
wu26.faithful-ieee118-20261003t073420z-cc2010-0bf9d6,wu26.faithful,ieee118,described,,,seconds,defended=1;scenario=118;window=1002,59.71000647544861,,,
wu26.faithful-ieee118-20261003t073420z-cc2010-0bf9d6,wu26.faithful,ieee118,described,,,seconds,defended=1;scenario=118;window=1003,60.36979913711548,,,
wu26.faithful-ieee118-20261003t073420z-cc2010-0bf9d6,wu26.faithful,ieee118,described,,,seconds,defended=1;scenario=118;window=1004,58.38467311859131,,,
wu26.faithful-ieee118-20261003t073420z-cc2010-0bf9d6,wu26.faithful,ieee118,described,,,seconds,defended=1;scenario=118;window=1005,58.1581768989563,,,
wu26.faithful-ieee118-20261003t073420z-cc2010-0bf9d6,wu26.faithful,ieee118,described,,,seconds,defended=1;scenario=118;window=1006,60.326313495635986,,,
wu26.faithful-ieee118-20261003t073420z-cc2010-0bf9d6,wu26.faithful,ieee118,described,,,seconds,defended=1;scenario=118;window=1007,58.90826463699341,,,
wu26.faithful-ieee118-20261003t073420z-cc2010-0bf9d6,wu26.faithful,ieee118,described,,,seconds,defended=1;scenario=118;window=1008,58.63364624977112,,,
wu26.faithful-ieee118-20261003t073420z-cc2010-0bf9d6,wu26.faithful,ieee118,described,,,seconds,defended=1;scenario=118;window=1009,56.46532893180847,,,
wu26.faithful-ieee118-20261003t073420z-cc2010-0bf9d6,wu26.faithful,ieee118,described,,,seconds,defended=1;scenario=118;window=1010,60.28815174102783,,,
wu26.faithful-ieee118-20261003t073420z-cc2010-0bf9d6,wu26.faithful,ieee118,described,,,seconds,defended=1;scenario=118;window=1011,61.29053449630737,,,
wu26.faithful-ieee118-20261003t073420z-cc2010-0bf9d6,wu26.faithful,ieee118,described,,,seconds,defended=1;scenario=118;window=1012,59.89648461341858,,,
wu26.faithful-ieee118-20261003t073420z-cc2010-0bf9d6,wu26.faithful,ieee118,described,,,seconds,defended=1;scenario=118;window=1013,54.53642749786377,,,
wu26.faithful-ieee118-20261003t073420z-cc2010-0bf9d6,wu26.faithful,ieee118,described,,,seconds,defended=1;scenario=118;window=1014,59.67846059799194,,,
wu26.faithful-ieee118-20261003t073420z-cc2010-0bf9d6,wu26.faithful,ieee118,described,,,seconds,defended=1;scenario=118;window=1015,60.232277393341064,,,
wu26.faithful-ieee118-20261003t073420z-cc2010-0bf9d6,wu26.faithful,ieee118,described,,,seconds,defended=1;scenario=118;window=1016,59.9067325592041,,,
wu26.faithful-ieee118-20261003t073420z-cc2010-0bf9d6,wu26.faithful,ieee118,described,,,seconds,defended=1;scenario=118;window=1017,57.65623450279236,,,
wu26.faithful-ieee118-20261003t073420z-cc2010-0bf9d6,wu26.faithful,ieee118,described,,,seconds,defended=1;scenario=118;window=1018,59.710002422332764,,,
wu26.faithful-ieee118-20261003t073420z-cc2010-0bf9d6,wu26.faithful,ieee118,described,,,seconds,defended=1;scenario=118;window=1019,58.218841314315796,,,
wu26.faithful-ieee118-20261003t073420z-cc2010-0bf9d6,wu26.faithful,ieee118,described,,,seconds,defended=1;scenario=118;window=1020,58.556798219680786,,,
wu26.faithful-ieee118-20261003t073420z-cc2010-0bf9d6,wu26.faithful,ieee118,described,,,seconds,defended=1;scenario=118;window=1021,59.69619917869568,,,
wu26.faithful-ieee118-20261003t073420z-cc2010-0bf9d6,wu26.faithful,ieee118,described,,,seconds,defended=1;scenario=118;window=1022,59.85786461830139,,,
wu26.faithful-ieee118-20261003t073420z-cc2010-0bf9d6,wu26.faithful,ieee118,described,,,seconds,defended=1;scenario=118;window=1023,59.52939176559448,,,
wu26.faithful-ieee118-20261003t073420z-cc2010-0bf9d6,wu26.faithful,ieee118,described,,,seconds,defended=1;scenario=118;window=1024,60.26991653442383,,,
wu26.faithful-ieee118-20261003t073420z-cc2010-0bf9d6,wu26.faithful,ieee118,described,,,seconds,defended=1;scenario=118;window=1025,59.26339268684387,,,
wu26.faithful-ieee118-20261003t073420z-cc2010-0bf9d6,wu26.faithful,ieee118,described,,,seconds,defended=1;scenario=118;window=1026,61.29524564743042,,,
wu26.faithful-ieee118-20261003t073420z-cc2010-0bf9d6,wu26.faithful,ieee118,described,,,seconds,defended=1;scenario=118;window=1027,59.6228141784668,,,
wu26.faithful-ieee118-20261003t073420z-cc2010-0bf9d6,wu26.faithful,ieee118,described,,,seconds,defended=1;scenario=118;window=1028,58.58790612220764,,,
wu26.faithful-ieee118-20261003t073420z-cc2010-0bf9d6,wu26.faithful,ieee118,described,,,seconds,defended=1;scenario=118;window=1029,54.966938734054565,,,
wu26.faithful-ieee118-20261003t073420z-cc2010-0bf9d6,wu26.faithful,ieee118,described,,,seconds,defended=1;scenario=118;window=1030,60.5528450012207,,,
wu26.faithful-ieee118-20261003t073420z-cc2010-0bf9d6,wu26.faithful,ieee118,described,,,seconds,defended=1;scenario=118;window=1031,58.975269079208374,,,
wu26.faithful-ieee118-20261003t073420z-cc2010-0bf9d6,wu26.faithful,ieee118,described,,,seconds,defended=1;scenario=118;window=1032,59.479416847229004,,,
wu26.faithful-ieee118-20261003t073420z-cc2010-0bf9d6,wu26.faithful,ieee118,described,,,seconds,defended=1;scenario=118;window=1033,58.2180757522583,,,
wu26.faithful-ieee118-20261003t073420z-cc2010-0bf9d6,wu26.faithful,ieee118,described,,,seconds,defended=1;scenario=118;window=1034,60.671366930007935,,,
wu26.faithful-ieee118-20261003t073420z-cc2010-0bf9d6,wu26.faithful,ieee118,described,,,seconds,defended=1;scenario=118;window=1035,57.22185444831848,,,
wu26.faithful-ieee118-20261003t073420z-cc2010-0bf9d6,wu26.faithful,ieee118,described,,,seconds,defended=1;scenario=118;window=1036,60.25435185432434,,,
wu26.faithful-ieee118-20261003t073420z-cc2010-0bf9d6,wu26.faithful,ieee118,described,,,seconds,defended=1;scenario=118;window=1037,60.61581802368164,,,
wu26.faithful-ieee118-20261003t073420z-cc2010-0bf9d6,wu26.faithful,ieee118,described,,,seconds,defended=1;scenario=118;window=1038,59.19398069381714,,,
wu26.faithful-ieee118-20261003t073420z-cc2010-0bf9d6,wu26.faithful,ieee118,described,,,seconds,defended=1;scenario=118;window=1039,59.466742753982544,,,
wu26.faithful-ieee118-20261003t073420z-cc2010-0bf9d6,wu26.faithful,ieee118,described,,,seconds,defended=1;scenario=118;window=1040,59.25653052330017,,,
wu26.faithful-ieee118-20261003t073420z-cc2010-0bf9d6,wu26.faithful,ieee118,described,,,seconds,defended=1;scenario=118;window=1041,57.20436072349548,,,
wu26.faithful-ieee118-20261003t073420z-cc2010-0bf9d6,wu26.faithful,ieee118,described,,,seconds,defended=1;scenario=118;window=1042,60.41843795776367,,,
wu26.faithful-ieee118-20261003t073420z-cc2010-0bf9d6,wu26.faithful,ieee118,described,,,seconds,defended=1;scenario=118;window=1043,57.938448905944824,,,
wu26.faithful-ieee118-20261003t073420z-cc2010-0bf9d6,wu26.faithful,ieee118,described,,,seconds,defended=1;scenario=118;window=1044,59.72109127044678,,,
wu26.faithful-ieee118-20261003t073420z-cc2010-0bf9d6,wu26.faithful,ieee118,described,,,seconds,defended=1;scenario=118;window=1045,59.2703742980957,,,
wu26.faithful-ieee118-20261003t073420z-cc2010-0bf9d6,wu26.faithful,ieee118,described,,,seconds,defended=1;scenario=118;window=1046,60.285807371139526,,,
wu26.faithful-ieee118-20261003t073420z-cc2010-0bf9d6,wu26.faithful,ieee118,described,,,seconds,defended=1;scenario=118;window=1047,60.06793928146362,,,
wu26.faithful-ieee118-20261003t073420z-cc2010-0bf9d6,wu26.faithful,ieee118,described,,,seconds,defended=1;scenario=118;window=1048,60.350345611572266,,,
wu26.faithful-ieee118-20261003t073420z-cc2010-0bf9d6,wu26.faithful,ieee118,described,,,seconds,defended=1;scenario=118;window=1049,57.971153259277344,,,
wu26.faithful-ieee118-20261003t073420z-cc2010-0bf9d6,wu26.faithful,ieee118,described,,,seconds,defended=1;scenario=118;window=1050,58.596367597579956,,,
wu26.faithful-ieee118-20261003t073420z-cc2010-0bf9d6,wu26.faithful,ieee118,described,,,seconds,defended=1;scenario=118;window=1051,59.67216110229492,,,
wu26.faithful-ieee118-20261003t073420z-cc2010-0bf9d6,wu26.faithful,ieee118,described,,,seconds,defended=1;scenario=118;window=1052,60.48859429359436,,,
wu26.faithful-ieee118-20261003t073420z-cc2010-0bf9d6,wu26.faithful,ieee118,described,,,seconds,defended=1;scenario=118;window=1053,59.38430714607239,,,
wu26.faithful-ieee118-20261003t073420z-cc2010-0bf9d6,wu26.faithful,ieee118,described,,,seconds,defended=1;scenario=118;window=1054,60.497907638549805,,,
wu26.faithful-ieee118-20261003t073420z-cc2010-0bf9d6,wu26.faithful,ieee118,described,,,seconds,defended=1;scenario=118;window=1055,60.54491138458252,,,
wu26.faithful-ieee118-20261003t073420z-cc2010-0bf9d6,wu26.faithful,ieee118,described,,,seconds,defended=1;scenario=118;window=1056,61.442965507507324,,,
wu26.faithful-ieee118-20261003t073420z-cc2010-0bf9d6,wu26.faithful,ieee118,described,,,seconds,defended=1;scenario=118;window=1057,59.31679344177246,,,
wu26.faithful-ieee118-20261003t073420z-cc2010-0bf9d6,wu26.faithful,ieee118,described,,,seconds,defended=1;scenario=118;window=1058,61.14577841758728,,,
wu26.faithful-ieee118-20261003t073420z-cc2010-0bf9d6,wu26.faithful,ieee118,described,,,seconds,defended=1;scenario=118;window=1059,60.959633350372314,,,
wu26.faithful-ieee118-20261003t073420z-cc2010-0bf9d6,wu26.faithful,ieee118,described,,,seconds,defended=1;scenario=118;window=1060,59.1617693901062,,,
wu26.faithful-ieee118-20261003t073420z-cc2010-0bf9d6,wu26.faithful,ieee118,described,,,seconds,defended=1;scenario=118;window=1061,58.919758796691895,,,
wu26.faithful-ieee118-20261003t073420z-cc2010-0bf9d6,wu26.faithful,ieee118,described,,,seconds,defended=1;scenario=118;window=1062,61.562997817993164,,,
wu26.faithful-ieee118-20261003t073420z-cc2010-0bf9d6,wu26.faithful,ieee118,described,,,seconds,defended=1;scenario=118;window=1063,62.095032930374146,,,
wu26.faithful-ieee118-20261003t073420z-cc2010-0bf9d6,wu26.faithful,ieee118,described,,,seconds,defended=1;scenario=118;window=1064,61.747101068496704,,,
wu26.faithful-ieee118-20261003t073420z-cc2010-0bf9d6,wu26.faithful,ieee118,described,,,seconds,defended=1;scenario=118;window=1065,60.76995348930359,,,
wu26.faithful-ieee118-20261003t073420z-cc2010-0bf9d6,wu26.faithful,ieee118,described,,,seconds,defended=1;scenario=118;window=1066,61.12916016578674,,,
wu26.faithful-ieee118-20261003t073420z-cc2010-0bf9d6,wu26.faithful,ieee118,described,,,seconds,defended=1;scenario=118;window=1067,61.963019609451294,,,
wu26.faithful-ieee118-20261003t073420z-cc2010-0bf9d6,wu26.faithful,ieee118,described,,,seconds,defended=1;scenario=118;window=1068,60.46797156333923,,,
wu26.faithful-ieee118-20261003t073420z-cc2010-0bf9d6,wu26.faithful,ieee118,described,,,seconds,defended=1;scenario=118;window=1069,61.78947162628174,,,
wu26.faithful-ieee118-20261003t073420z-cc2010-0bf9d6,wu26.faithful,ieee118,described,,,seconds,defended=1;scenario=118;window=1070,60.05184721946716,,,
wu26.faithful-ieee118-20261003t073420z-cc2010-0bf9d6,wu26.faithful,ieee118,described,,,seconds,defended=1;scenario=118;window=1071,60.548229932785034,,,
wu26.faithful-ieee118-20261003t073420z-cc2010-0bf9d6,wu26.faithful,ieee118,described,,,seconds,defended=1;scenario=118;window=1072,61.362611293792725,,,
wu26.faithful-ieee118-20261003t073420z-cc2010-0bf9d6,wu26.faithful,ieee118,described,,,seconds,defended=1;scenario=118;window=1073,60.1707501411438,,,
wu26.faithful-ieee118-20261003t073420z-cc2010-0bf9d6,wu26.faithful,ieee118,described,,,seconds,defended=1;scenario=118;window=1074,59.950583696365356,,,
wu26.faithful-ieee118-20261003t073420z-cc2010-0bf9d6,wu26.faithful,ieee118,described,,,seconds,defended=1;scenario=118;window=1075,61.62805795669556,,,
wu26.faithful-ieee118-20261003t073420z-cc2010-0bf9d6,wu26.faithful,ieee118,described,,,seconds,defended=1;scenario=118;window=1076,61.89769911766052,,,
wu26.faithful-ieee118-20261003t073420z-cc2010-0bf9d6,wu26.faithful,ieee118,described,,,seconds,defended=1;scenario=118;window=1077,61.662285566329956,,,
wu26.faithful-ieee118-20261003t073420z-cc2010-0bf9d6,wu26.faithful,ieee118,described,,,seconds,defended=1;scenario=118;window=1078,58.99084496498108,,,
wu26.faithful-ieee118-20261003t073420z-cc2010-0bf9d6,wu26.faithful,ieee118,described,,,seconds,defended=1;scenario=118;window=1079,57.90561008453369,,,
wu26.faithful-ieee118-20261003t073420z-cc2010-0bf9d6,wu26.faithful,ieee118,described,,,seconds,defended=1;scenario=118;window=1080,58.96526336669922,,,
wu26.faithful-ieee118-20261003t073420z-cc2010-0bf9d6,wu26.faithful,ieee118,described,,,seconds,defended=1;scenario=118;window=1081,57.21066212654114,,,
wu26.faithful-ieee118-20261003t073420z-cc2010-0bf9d6,wu26.faithful,ieee118,described,,,seconds,defended=1;scenario=118;window=1082,57.84348130226135,,,
wu26.faithful-ieee118-20261003t073420z-cc2010-0bf9d6,wu26.faithful,ieee118,described,,,seconds,defended=1;scenario=118;window=1083,56.92405700683594,,,
wu26.faithful-ieee118-20261003t073420z-cc2010-0bf9d6,wu26.faithful,ieee118,described,,,seconds,defended=1;scenario=118;window=1084,57.89778804779053,,,
wu26.faithful-ieee118-20261003t073420z-cc2010-0bf9d6,wu26.faithful,ieee118,described,,,seconds,defended=1;scenario=118;window=1085,58.54745316505432,,,
wu26.faithful-ieee118-20261003t073420z-cc2010-0bf9d6,wu26.faithful,ieee118,described,,,seconds,defended=1;scenario=118;window=1086,57.17946171760559,,,
wu26.faithful-ieee118-20261003t073420z-cc2010-0bf9d6,wu26.faithful,ieee118,described,,,seconds,defended=1;scenario=118;window=1087,58.56609010696411,,,
wu26.faithful-ieee118-20261003t073420z-cc2010-0bf9d6,wu26.faithful,ieee118,described,,,seconds,defended=1;scenario=118;window=1088,58.44999933242798,,,
wu26.faithful-ieee118-20261003t073420z-cc2010-0bf9d6,wu26.faithful,ieee118,described,,,seconds,defended=1;scenario=118;window=1089,58.08890438079834,,,
wu26.faithful-ieee118-20261003t073420z-cc2010-0bf9d6,wu26.faithful,ieee118,described,,,seconds,defended=1;scenario=118;window=1090,57.02362823486328,,,
wu26.faithful-ieee118-20261003t073420z-cc2010-0bf9d6,wu26.faithful,ieee118,described,,,seconds,defended=1;scenario=118;window=1091,58.96400809288025,,,
wu26.faithful-ieee118-20261003t073420z-cc2010-0bf9d6,wu26.faithful,ieee118,described,,,seconds,defended=1;scenario=118;window=1092,57.82589507102966,,,
wu26.faithful-ieee118-20261003t073420z-cc2010-0bf9d6,wu26.faithful,ieee118,described,,,seconds,defended=1;scenario=118;window=1093,57.439963817596436,,,
wu26.faithful-ieee118-20261003t073420z-cc2010-0bf9d6,wu26.faithful,ieee118,described,,,seconds,defended=1;scenario=118;window=1094,57.500471115112305,,,
wu26.faithful-ieee118-20261003t073420z-cc2010-0bf9d6,wu26.faithful,ieee118,described,,,seconds,defended=1;scenario=118;window=1095,58.3054039478302,,,
wu26.faithful-ieee118-20261003t073420z-cc2010-0bf9d6,wu26.faithful,ieee118,described,,,seconds,defended=1;scenario=118;window=1096,57.96808052062988,,,
wu26.faithful-ieee118-20261003t073420z-cc2010-0bf9d6,wu26.faithful,ieee118,described,,,seconds,defended=1;scenario=118;window=1097,57.66036248207092,,,
wu26.faithful-ieee118-20261003t073420z-cc2010-0bf9d6,wu26.faithful,ieee118,described,,,seconds,defended=1;scenario=118;window=1098,56.63318848609924,,,
wu26.faithful-ieee118-20261003t073420z-cc2010-0bf9d6,wu26.faithful,ieee118,described,,,seconds,defended=1;scenario=118;window=1099,55.160863161087036,,,
wu26.faithful-ieee118-20261003t073420z-cc2010-0bf9d6,wu26.faithful,ieee118,solution1,,,channels,defended=1;scenario=118;window=1000,26.0,,,
wu26.faithful-ieee118-20261003t073420z-cc2010-0bf9d6,wu26.faithful,ieee118,solution1,,,channels,defended=1;scenario=118;window=1001,372.0,,,
wu26.faithful-ieee118-20261003t073420z-cc2010-0bf9d6,wu26.faithful,ieee118,solution1,,,channels,defended=1;scenario=118;window=1002,26.0,,,
wu26.faithful-ieee118-20261003t073420z-cc2010-0bf9d6,wu26.faithful,ieee118,solution1,,,channels,defended=1;scenario=118;window=1003,29.0,,,
wu26.faithful-ieee118-20261003t073420z-cc2010-0bf9d6,wu26.faithful,ieee118,solution1,,,channels,defended=1;scenario=118;window=1004,16.0,,,
wu26.faithful-ieee118-20261003t073420z-cc2010-0bf9d6,wu26.faithful,ieee118,solution1,,,channels,defended=1;scenario=118;window=1005,25.0,,,
wu26.faithful-ieee118-20261003t073420z-cc2010-0bf9d6,wu26.faithful,ieee118,solution1,,,channels,defended=1;scenario=118;window=1006,36.0,,,
wu26.faithful-ieee118-20261003t073420z-cc2010-0bf9d6,wu26.faithful,ieee118,solution1,,,channels,defended=1;scenario=118;window=1007,27.0,,,
wu26.faithful-ieee118-20261003t073420z-cc2010-0bf9d6,wu26.faithful,ieee118,solution1,,,channels,defended=1;scenario=118;window=1008,28.0,,,
wu26.faithful-ieee118-20261003t073420z-cc2010-0bf9d6,wu26.faithful,ieee118,solution1,,,channels,defended=1;scenario=118;window=1009,22.0,,,
wu26.faithful-ieee118-20261003t073420z-cc2010-0bf9d6,wu26.faithful,ieee118,solution1,,,channels,defended=1;scenario=118;window=1010,28.0,,,
wu26.faithful-ieee118-20261003t073420z-cc2010-0bf9d6,wu26.faithful,ieee118,solution1,,,channels,defended=1;scenario=118;window=1011,19.0,,,
wu26.faithful-ieee118-20261003t073420z-cc2010-0bf9d6,wu26.faithful,ieee118,solution1,,,channels,defended=1;scenario=118;window=1012,27.0,,,
wu26.faithful-ieee118-20261003t073420z-cc2010-0bf9d6,wu26.faithful,ieee118,solution1,,,channels,defended=1;scenario=118;window=1013,17.0,,,
wu26.faithful-ieee118-20261003t073420z-cc2010-0bf9d6,wu26.faithful,ieee118,solution1,,,channels,defended=1;scenario=118;window=1014,17.0,,,
wu26.faithful-ieee118-20261003t073420z-cc2010-0bf9d6,wu26.faithful,ieee118,solution1,,,channels,defended=1;scenario=118;window=1015,27.0,,,
wu26.faithful-ieee118-20261003t073420z-cc2010-0bf9d6,wu26.faithful,ieee118,solution1,,,channels,defended=1;scenario=118;window=1016,25.0,,,
wu26.faithful-ieee118-20261003t073420z-cc2010-0bf9d6,wu26.faithful,ieee118,solution1,,,channels,defended=1;scenario=118;window=1017,37.0,,,
wu26.faithful-ieee118-20261003t073420z-cc2010-0bf9d6,wu26.faithful,ieee118,solution1,,,channels,defended=1;scenario=118;window=1018,29.0,,,
wu26.faithful-ieee118-20261003t073420z-cc2010-0bf9d6,wu26.faithful,ieee118,solution1,,,channels,defended=1;scenario=118;window=1019,18.0,,,
wu26.faithful-ieee118-20261003t073420z-cc2010-0bf9d6,wu26.faithful,ieee118,solution1,,,channels,defended=1;scenario=118;window=1020,24.0,,,
wu26.faithful-ieee118-20261003t073420z-cc2010-0bf9d6,wu26.faithful,ieee118,solution1,,,channels,defended=1;scenario=118;window=1021,17.0,,,
wu26.faithful-ieee118-20261003t073420z-cc2010-0bf9d6,wu26.faithful,ieee118,solution1,,,channels,defended=1;scenario=118;window=1022,23.0,,,
wu26.faithful-ieee118-20261003t073420z-cc2010-0bf9d6,wu26.faithful,ieee118,solution1,,,channels,defended=1;scenario=118;window=1023,26.0,,,
wu26.faithful-ieee118-20261003t073420z-cc2010-0bf9d6,wu26.faithful,ieee118,solution1,,,channels,defended=1;scenario=118;window=1024,28.0,,,
wu26.faithful-ieee118-20261003t073420z-cc2010-0bf9d6,wu26.faithful,ieee118,solution1,,,channels,defended=1;scenario=118;window=1025,14.0,,,
wu26.faithful-ieee118-20261003t073420z-cc2010-0bf9d6,wu26.faithful,ieee118,solution1,,,channels,defended=1;scenario=118;window=1026,26.0,,,
wu26.faithful-ieee118-20261003t073420z-cc2010-0bf9d6,wu26.faithful,ieee118,solution1,,,channels,defended=1;scenario=118;window=1027,19.0,,,
wu26.faithful-ieee118-20261003t073420z-cc2010-0bf9d6,wu26.faithful,ieee118,solution1,,,channels,defended=1;scenario=118;window=1028,19.0,,,
wu26.faithful-ieee118-20261003t073420z-cc2010-0bf9d6,wu26.faithful,ieee118,solution1,,,channels,defended=1;scenario=118;window=1029,18.0,,,
wu26.faithful-ieee118-20261003t073420z-cc2010-0bf9d6,wu26.faithful,ieee118,solution1,,,channels,defended=1;scenario=118;window=1030,26.0,,,
wu26.faithful-ieee118-20261003t073420z-cc2010-0bf9d6,wu26.faithful,ieee118,solution1,,,channels,defended=1;scenario=118;window=1031,14.0,,,
wu26.faithful-ieee118-20261003t073420z-cc2010-0bf9d6,wu26.faithful,ieee118,solution1,,,channels,defended=1;scenario=118;window=1032,17.0,,,
wu26.faithful-ieee118-20261003t073420z-cc2010-0bf9d6,wu26.faithful,ieee118,solution1,,,channels,defended=1;scenario=118;window=1033,34.0,,,
wu26.faithful-ieee118-20261003t073420z-cc2010-0bf9d6,wu26.faithful,ieee118,solution1,,,channels,defended=1;scenario=118;window=1034,26.0,,,
wu26.faithful-ieee118-20261003t073420z-cc2010-0bf9d6,wu26.faithful,ieee118,solution1,,,channels,defended=1;scenario=118;window=1035,26.0,,,
wu26.faithful-ieee118-20261003t073420z-cc2010-0bf9d6,wu26.faithful,ieee118,solution1,,,channels,defended=1;scenario=118;window=1036,29.0,,,
wu26.faithful-ieee118-20261003t073420z-cc2010-0bf9d6,wu26.faithful,ieee118,solution1,,,channels,defended=1;scenario=118;window=1037,26.0,,,
wu26.faithful-ieee118-20261003t073420z-cc2010-0bf9d6,wu26.faithful,ieee118,solution1,,,channels,defended=1;scenario=118;window=1038,39.0,,,
wu26.faithful-ieee118-20261003t073420z-cc2010-0bf9d6,wu26.faithful,ieee118,solution1,,,channels,defended=1;scenario=118;window=1039,13.0,,,
wu26.faithful-ieee118-20261003t073420z-cc2010-0bf9d6,wu26.faithful,ieee118,solution1,,,channels,defended=1;scenario=118;window=1040,26.0,,,
wu26.faithful-ieee118-20261003t073420z-cc2010-0bf9d6,wu26.faithful,ieee118,solution1,,,channels,defended=1;scenario=118;window=1041,26.0,,,
wu26.faithful-ieee118-20261003t073420z-cc2010-0bf9d6,wu26.faithful,ieee118,solution1,,,channels,defended=1;scenario=118;window=1042,26.0,,,
wu26.faithful-ieee118-20261003t073420z-cc2010-0bf9d6,wu26.faithful,ieee118,solution1,,,channels,defended=1;scenario=118;window=1043,25.0,,,
wu26.faithful-ieee118-20261003t073420z-cc2010-0bf9d6,wu26.faithful,ieee118,solution1,,,channels,defended=1;scenario=118;window=1044,29.0,,,
wu26.faithful-ieee118-20261003t073420z-cc2010-0bf9d6,wu26.faithful,ieee118,solution1,,,channels,defended=1;scenario=118;window=1045,15.0,,,
wu26.faithful-ieee118-20261003t073420z-cc2010-0bf9d6,wu26.faithful,ieee118,solution1,,,channels,defended=1;scenario=118;window=1046,26.0,,,
wu26.faithful-ieee118-20261003t073420z-cc2010-0bf9d6,wu26.faithful,ieee118,solution1,,,channels,defended=1;scenario=118;window=1047,26.0,,,
wu26.faithful-ieee118-20261003t073420z-cc2010-0bf9d6,wu26.faithful,ieee118,solution1,,,channels,defended=1;scenario=118;window=1048,28.0,,,
wu26.faithful-ieee118-20261003t073420z-cc2010-0bf9d6,wu26.faithful,ieee118,solution1,,,channels,defended=1;scenario=118;window=1049,26.0,,,
wu26.faithful-ieee118-20261003t073420z-cc2010-0bf9d6,wu26.faithful,ieee118,solution1,,,channels,defended=1;scenario=118;window=1050,79.0,,,
wu26.faithful-ieee118-20261003t073420z-cc2010-0bf9d6,wu26.faithful,ieee118,solution1,,,channels,defended=1;scenario=118;window=1051,117.0,,,
wu26.faithful-ieee118-20261003t073420z-cc2010-0bf9d6,wu26.faithful,ieee118,solution1,,,channels,defended=1;scenario=118;window=1052,26.0,,,
wu26.faithful-ieee118-20261003t073420z-cc2010-0bf9d6,wu26.faithful,ieee118,solution1,,,channels,defended=1;scenario=118;window=1053,13.0,,,
wu26.faithful-ieee118-20261003t073420z-cc2010-0bf9d6,wu26.faithful,ieee118,solution1,,,channels,defended=1;scenario=118;window=1054,20.0,,,
wu26.faithful-ieee118-20261003t073420z-cc2010-0bf9d6,wu26.faithful,ieee118,solution1,,,channels,defended=1;scenario=118;window=1055,26.0,,,
wu26.faithful-ieee118-20261003t073420z-cc2010-0bf9d6,wu26.faithful,ieee118,solution1,,,channels,defended=1;scenario=118;window=1056,16.0,,,
wu26.faithful-ieee118-20261003t073420z-cc2010-0bf9d6,wu26.faithful,ieee118,solution1,,,channels,defended=1;scenario=118;window=1057,24.0,,,
wu26.faithful-ieee118-20261003t073420z-cc2010-0bf9d6,wu26.faithful,ieee118,solution1,,,channels,defended=1;scenario=118;window=1058,26.0,,,
wu26.faithful-ieee118-20261003t073420z-cc2010-0bf9d6,wu26.faithful,ieee118,solution1,,,channels,defended=1;scenario=118;window=1059,17.0,,,
wu26.faithful-ieee118-20261003t073420z-cc2010-0bf9d6,wu26.faithful,ieee118,solution1,,,channels,defended=1;scenario=118;window=1060,19.0,,,
wu26.faithful-ieee118-20261003t073420z-cc2010-0bf9d6,wu26.faithful,ieee118,solution1,,,channels,defended=1;scenario=118;window=1061,16.0,,,
wu26.faithful-ieee118-20261003t073420z-cc2010-0bf9d6,wu26.faithful,ieee118,solution1,,,channels,defended=1;scenario=118;window=1062,18.0,,,
wu26.faithful-ieee118-20261003t073420z-cc2010-0bf9d6,wu26.faithful,ieee118,solution1,,,channels,defended=1;scenario=118;window=1063,32.0,,,
wu26.faithful-ieee118-20261003t073420z-cc2010-0bf9d6,wu26.faithful,ieee118,solution1,,,channels,defended=1;scenario=118;window=1064,26.0,,,
wu26.faithful-ieee118-20261003t073420z-cc2010-0bf9d6,wu26.faithful,ieee118,solution1,,,channels,defended=1;scenario=118;window=1065,19.0,,,
wu26.faithful-ieee118-20261003t073420z-cc2010-0bf9d6,wu26.faithful,ieee118,solution1,,,channels,defended=1;scenario=118;window=1066,28.0,,,
wu26.faithful-ieee118-20261003t073420z-cc2010-0bf9d6,wu26.faithful,ieee118,solution1,,,channels,defended=1;scenario=118;window=1067,17.0,,,
wu26.faithful-ieee118-20261003t073420z-cc2010-0bf9d6,wu26.faithful,ieee118,solution1,,,channels,defended=1;scenario=118;window=1068,26.0,,,
wu26.faithful-ieee118-20261003t073420z-cc2010-0bf9d6,wu26.faithful,ieee118,solution1,,,channels,defended=1;scenario=118;window=1069,18.0,,,
wu26.faithful-ieee118-20261003t073420z-cc2010-0bf9d6,wu26.faithful,ieee118,solution1,,,channels,defended=1;scenario=118;window=1070,29.0,,,
wu26.faithful-ieee118-20261003t073420z-cc2010-0bf9d6,wu26.faithful,ieee118,solution1,,,channels,defended=1;scenario=118;window=1071,26.0,,,
wu26.faithful-ieee118-20261003t073420z-cc2010-0bf9d6,wu26.faithful,ieee118,solution1,,,channels,defended=1;scenario=118;window=1072,15.0,,,
wu26.faithful-ieee118-20261003t073420z-cc2010-0bf9d6,wu26.faithful,ieee118,solution1,,,channels,defended=1;scenario=118;window=1073,25.0,,,
wu26.faithful-ieee118-20261003t073420z-cc2010-0bf9d6,wu26.faithful,ieee118,solution1,,,channels,defended=1;scenario=118;window=1074,15.0,,,
wu26.faithful-ieee118-20261003t073420z-cc2010-0bf9d6,wu26.faithful,ieee118,solution1,,,channels,defended=1;scenario=118;window=1075,25.0,,,
wu26.faithful-ieee118-20261003t073420z-cc2010-0bf9d6,wu26.faithful,ieee118,solution1,,,channels,defended=1;scenario=118;window=1076,27.0,,,
wu26.faithful-ieee118-20261003t073420z-cc2010-0bf9d6,wu26.faithful,ieee118,solution1,,,channels,defended=1;scenario=118;window=1077,26.0,,,
wu26.faithful-ieee118-20261003t073420z-cc2010-0bf9d6,wu26.faithful,ieee118,solution1,,,channels,defended=1;scenario=118;window=1078,373.0,,,
wu26.faithful-ieee118-20261003t073420z-cc2010-0bf9d6,wu26.faithful,ieee118,solution1,,,channels,defended=1;scenario=118;window=1079,20.0,,,
wu26.faithful-ieee118-20261003t073420z-cc2010-0bf9d6,wu26.faithful,ieee118,solution1,,,channels,defended=1;scenario=118;window=1080,26.0,,,
wu26.faithful-ieee118-20261003t073420z-cc2010-0bf9d6,wu26.faithful,ieee118,solution1,,,channels,defended=1;scenario=118;window=1081,24.0,,,
wu26.faithful-ieee118-20261003t073420z-cc2010-0bf9d6,wu26.faithful,ieee118,solution1,,,channels,defended=1;scenario=118;window=1082,16.0,,,
wu26.faithful-ieee118-20261003t073420z-cc2010-0bf9d6,wu26.faithful,ieee118,solution1,,,channels,defended=1;scenario=118;window=1083,32.0,,,
wu26.faithful-ieee118-20261003t073420z-cc2010-0bf9d6,wu26.faithful,ieee118,solution1,,,channels,defended=1;scenario=118;window=1084,22.0,,,
wu26.faithful-ieee118-20261003t073420z-cc2010-0bf9d6,wu26.faithful,ieee118,solution1,,,channels,defended=1;scenario=118;window=1085,15.0,,,
wu26.faithful-ieee118-20261003t073420z-cc2010-0bf9d6,wu26.faithful,ieee118,solution1,,,channels,defended=1;scenario=118;window=1086,17.0,,,
wu26.faithful-ieee118-20261003t073420z-cc2010-0bf9d6,wu26.faithful,ieee118,solution1,,,channels,defended=1;scenario=118;window=1087,16.0,,,
wu26.faithful-ieee118-20261003t073420z-cc2010-0bf9d6,wu26.faithful,ieee118,solution1,,,channels,defended=1;scenario=118;window=1088,26.0,,,
wu26.faithful-ieee118-20261003t073420z-cc2010-0bf9d6,wu26.faithful,ieee118,solution1,,,channels,defended=1;scenario=118;window=1089,18.0,,,
wu26.faithful-ieee118-20261003t073420z-cc2010-0bf9d6,wu26.faithful,ieee118,solution1,,,channels,defended=1;scenario=118;window=1090,26.0,,,
wu26.faithful-ieee118-20261003t073420z-cc2010-0bf9d6,wu26.faithful,ieee118,solution1,,,channels,defended=1;scenario=118;window=1091,25.0,,,
wu26.faithful-ieee118-20261003t073420z-cc2010-0bf9d6,wu26.faithful,ieee118,solution1,,,channels,defended=1;scenario=118;window=1092,26.0,,,
wu26.faithful-ieee118-20261003t073420z-cc2010-0bf9d6,wu26.faithful,ieee118,solution1,,,channels,defended=1;scenario=118;window=1093,22.0,,,
wu26.faithful-ieee118-20261003t073420z-cc2010-0bf9d6,wu26.faithful,ieee118,solution1,,,channels,defended=1;scenario=118;window=1094,18.0,,,
wu26.faithful-ieee118-20261003t073420z-cc2010-0bf9d6,wu26.faithful,ieee118,solution1,,,channels,defended=1;scenario=118;window=1095,26.0,,,
wu26.faithful-ieee118-20261003t073420z-cc2010-0bf9d6,wu26.faithful,ieee118,solution1,,,channels,defended=1;scenario=118;window=1096,26.0,,,
wu26.faithful-ieee118-20261003t073420z-cc2010-0bf9d6,wu26.faithful,ieee118,solution1,,,channels,defended=1;scenario=118;window=1097,26.0,,,
wu26.faithful-ieee118-20261003t073420z-cc2010-0bf9d6,wu26.faithful,ieee118,solution1,,,channels,defended=1;scenario=118;window=1098,26.0,,,
wu26.faithful-ieee118-20261003t073420z-cc2010-0bf9d6,wu26.faithful,ieee118,solution1,,,channels,defended=1;scenario=118;window=1099,26.0,,,
wu26.faithful-ieee118-20261003t073420z-cc2010-0bf9d6,wu26.faithful,ieee118,solution1,,,cost_increase_pct,defended=1;scenario=118;window=1000,171.42857142857142,,,
wu26.faithful-ieee118-20261003t073420z-cc2010-0bf9d6,wu26.faithful,ieee118,solution1,,,cost_increase_pct,defended=1;scenario=118;window=1001,242.85714285714286,,,
wu26.faithful-ieee118-20261003t073420z-cc2010-0bf9d6,wu26.faithful,ieee118,solution1,,,cost_increase_pct,defended=1;scenario=118;window=1002,8.333333333333334,,,
wu26.faithful-ieee118-20261003t073420z-cc2010-0bf9d6,wu26.faithful,ieee118,solution1,,,cost_increase_pct,defended=1;scenario=118;window=1003,-11.538461538461538,,,
wu26.faithful-ieee118-20261003t073420z-cc2010-0bf9d6,wu26.faithful,ieee118,solution1,,,cost_increase_pct,defended=1;scenario=118;window=1004,55.55555555555556,,,
wu26.faithful-ieee118-20261003t073420z-cc2010-0bf9d6,wu26.faithful,ieee118,solution1,,,cost_increase_pct,defended=1;scenario=118;window=1005,40.0,,,
wu26.faithful-ieee118-20261003t073420z-cc2010-0bf9d6,wu26.faithful,ieee118,solution1,,,cost_increase_pct,defended=1;scenario=118;window=1006,35.714285714285715,,,
wu26.faithful-ieee118-20261003t073420z-cc2010-0bf9d6,wu26.faithful,ieee118,solution1,,,cost_increase_pct,defended=1;scenario=118;window=1007,118.75,,,
wu26.faithful-ieee118-20261003t073420z-cc2010-0bf9d6,wu26.faithful,ieee118,solution1,,,cost_increase_pct,defended=1;scenario=118;window=1008,18.75,,,
wu26.faithful-ieee118-20261003t073420z-cc2010-0bf9d6,wu26.faithful,ieee118,solution1,,,cost_increase_pct,defended=1;scenario=118;window=1009,25.0,,,
wu26.faithful-ieee118-20261003t073420z-cc2010-0bf9d6,wu26.faithful,ieee118,solution1,,,cost_increase_pct,defended=1;scenario=118;window=1010,50.0,,,
wu26.faithful-ieee118-20261003t073420z-cc2010-0bf9d6,wu26.faithful,ieee118,solution1,,,cost_increase_pct,defended=1;scenario=118;window=1011,52.94117647058823,,,
wu26.faithful-ieee118-20261003t073420z-cc2010-0bf9d6,wu26.faithful,ieee118,solution1,,,cost_increase_pct,defended=1;scenario=118;window=1012,138.46153846153845,,,
wu26.faithful-ieee118-20261003t073420z-cc2010-0bf9d6,wu26.faithful,ieee118,solution1,,,cost_increase_pct,defended=1;scenario=118;window=1013,100.0,,,
wu26.faithful-ieee118-20261003t073420z-cc2010-0bf9d6,wu26.faithful,ieee118,solution1,,,cost_increase_pct,defended=1;scenario=118;window=1014,43.75,,,
wu26.faithful-ieee118-20261003t073420z-cc2010-0bf9d6,wu26.faithful,ieee118,solution1,,,cost_increase_pct,defended=1;scenario=118;window=1015,-6.25,,,
wu26.faithful-ieee118-20261003t073420z-cc2010-0bf9d6,wu26.faithful,ieee118,solution1,,,cost_increase_pct,defended=1;scenario=118;window=1016,-6.25,,,
wu26.faithful-ieee118-20261003t073420z-cc2010-0bf9d6,wu26.faithful,ieee118,solution1,,,cost_increase_pct,defended=1;scenario=118;window=1017,68.42105263157895,,,
wu26.faithful-ieee118-20261003t073420z-cc2010-0bf9d6,wu26.faithful,ieee118,solution1,,,cost_increase_pct,defended=1;scenario=118;window=1018,26.666666666666668,,,
wu26.faithful-ieee118-20261003t073420z-cc2010-0bf9d6,wu26.faithful,ieee118,solution1,,,cost_increase_pct,defended=1;scenario=118;window=1019,47.05882352941177,,,
wu26.faithful-ieee118-20261003t073420z-cc2010-0bf9d6,wu26.faithful,ieee118,solution1,,,cost_increase_pct,defended=1;scenario=118;window=1020,118.75,,,
wu26.faithful-ieee118-20261003t073420z-cc2010-0bf9d6,wu26.faithful,ieee118,solution1,,,cost_increase_pct,defended=1;scenario=118;window=1021,27.77777777777778,,,
wu26.faithful-ieee118-20261003t073420z-cc2010-0bf9d6,wu26.faithful,ieee118,solution1,,,cost_increase_pct,defended=1;scenario=118;window=1022,113.33333333333333,,,
wu26.faithful-ieee118-20261003t073420z-cc2010-0bf9d6,wu26.faithful,ieee118,solution1,,,cost_increase_pct,defended=1;scenario=118;window=1023,46.666666666666664,,,
wu26.faithful-ieee118-20261003t073420z-cc2010-0bf9d6,wu26.faithful,ieee118,solution1,,,cost_increase_pct,defended=1;scenario=118;window=1024,93.75,,,
wu26.faithful-ieee118-20261003t073420z-cc2010-0bf9d6,wu26.faithful,ieee118,solution1,,,cost_increase_pct,defended=1;scenario=118;window=1025,83.33333333333333,,,
wu26.faithful-ieee118-20261003t073420z-cc2010-0bf9d6,wu26.faithful,ieee118,solution1,,,cost_increase_pct,defended=1;scenario=118;window=1026,6.25,,,
wu26.faithful-ieee118-20261003t073420z-cc2010-0bf9d6,wu26.faithful,ieee118,solution1,,,cost_increase_pct,defended=1;scenario=118;window=1027,62.5,,,
wu26.faithful-ieee118-20261003t073420z-cc2010-0bf9d6,wu26.faithful,ieee118,solution1,,,cost_increase_pct,defended=1;scenario=118;window=1028,29.41176470588235,,,
wu26.faithful-ieee118-20261003t073420z-cc2010-0bf9d6,wu26.faithful,ieee118,solution1,,,cost_increase_pct,defended=1;scenario=118;window=1029,56.25,,,
wu26.faithful-ieee118-20261003t073420z-cc2010-0bf9d6,wu26.faithful,ieee118,solution1,,,cost_increase_pct,defended=1;scenario=118;window=1030,28.571428571428573,,,
wu26.faithful-ieee118-20261003t073420z-cc2010-0bf9d6,wu26.faithful,ieee118,solution1,,,cost_increase_pct,defended=1;scenario=118;window=1031,72.72727272727273,,,
wu26.faithful-ieee118-20261003t073420z-cc2010-0bf9d6,wu26.faithful,ieee118,solution1,,,cost_increase_pct,defended=1;scenario=118;window=1032,47.05882352941177,,,
wu26.faithful-ieee118-20261003t073420z-cc2010-0bf9d6,wu26.faithful,ieee118,solution1,,,cost_increase_pct,defended=1;scenario=118;window=1033,33.333333333333336,,,
wu26.faithful-ieee118-20261003t073420z-cc2010-0bf9d6,wu26.faithful,ieee118,solution1,,,cost_increase_pct,defended=1;scenario=118;window=1034,43.75,,,
wu26.faithful-ieee118-20261003t073420z-cc2010-0bf9d6,wu26.faithful,ieee118,solution1,,,cost_increase_pct,defended=1;scenario=118;window=1035,0.0,,,
wu26.faithful-ieee118-20261003t073420z-cc2010-0bf9d6,wu26.faithful,ieee118,solution1,,,cost_increase_pct,defended=1;scenario=118;window=1036,17.647058823529413,,,
wu26.faithful-ieee118-20261003t073420z-cc2010-0bf9d6,wu26.faithful,ieee118,solution1,,,cost_increase_pct,defended=1;scenario=118;window=1037,-8.333333333333334,,,
wu26.faithful-ieee118-20261003t073420z-cc2010-0bf9d6,wu26.faithful,ieee118,solution1,,,cost_increase_pct,defended=1;scenario=118;window=1038,17.647058823529413,,,
wu26.faithful-ieee118-20261003t073420z-cc2010-0bf9d6,wu26.faithful,ieee118,solution1,,,cost_increase_pct,defended=1;scenario=118;window=1039,75.0,,,
wu26.faithful-ieee118-20261003t073420z-cc2010-0bf9d6,wu26.faithful,ieee118,solution1,,,cost_increase_pct,defended=1;scenario=118;window=1040,50.0,,,
wu26.faithful-ieee118-20261003t073420z-cc2010-0bf9d6,wu26.faithful,ieee118,solution1,,,cost_increase_pct,defended=1;scenario=118;window=1041,-13.636363636363637,,,
wu26.faithful-ieee118-20261003t073420z-cc2010-0bf9d6,wu26.faithful,ieee118,solution1,,,cost_increase_pct,defended=1;scenario=118;window=1042,50.0,,,
wu26.faithful-ieee118-20261003t073420z-cc2010-0bf9d6,wu26.faithful,ieee118,solution1,,,cost_increase_pct,defended=1;scenario=118;window=1043,-7.142857142857143,,,
wu26.faithful-ieee118-20261003t073420z-cc2010-0bf9d6,wu26.faithful,ieee118,solution1,,,cost_increase_pct,defended=1;scenario=118;window=1044,12.5,,,
wu26.faithful-ieee118-20261003t073420z-cc2010-0bf9d6,wu26.faithful,ieee118,solution1,,,cost_increase_pct,defended=1;scenario=118;window=1045,100.0,,,
wu26.faithful-ieee118-20261003t073420z-cc2010-0bf9d6,wu26.faithful,ieee118,solution1,,,cost_increase_pct,defended=1;scenario=118;window=1046,-26.31578947368421,,,
wu26.faithful-ieee118-20261003t073420z-cc2010-0bf9d6,wu26.faithful,ieee118,solution1,,,cost_increase_pct,defended=1;scenario=118;window=1047,158.33333333333334,,,
wu26.faithful-ieee118-20261003t073420z-cc2010-0bf9d6,wu26.faithful,ieee118,solution1,,,cost_increase_pct,defended=1;scenario=118;window=1048,135.71428571428572,,,
wu26.faithful-ieee118-20261003t073420z-cc2010-0bf9d6,wu26.faithful,ieee118,solution1,,,cost_increase_pct,defended=1;scenario=118;window=1049,26.666666666666668,,,
wu26.faithful-ieee118-20261003t073420z-cc2010-0bf9d6,wu26.faithful,ieee118,solution1,,,cost_increase_pct,defended=1;scenario=118;window=1050,135.71428571428572,,,
wu26.faithful-ieee118-20261003t073420z-cc2010-0bf9d6,wu26.faithful,ieee118,solution1,,,cost_increase_pct,defended=1;scenario=118;window=1051,82.3529411764706,,,
wu26.faithful-ieee118-20261003t073420z-cc2010-0bf9d6,wu26.faithful,ieee118,solution1,,,cost_increase_pct,defended=1;scenario=118;window=1052,0.0,,,
wu26.faithful-ieee118-20261003t073420z-cc2010-0bf9d6,wu26.faithful,ieee118,solution1,,,cost_increase_pct,defended=1;scenario=118;window=1053,36.36363636363637,,,
wu26.faithful-ieee118-20261003t073420z-cc2010-0bf9d6,wu26.faithful,ieee118,solution1,,,cost_increase_pct,defended=1;scenario=118;window=1054,92.3076923076923,,,
wu26.faithful-ieee118-20261003t073420z-cc2010-0bf9d6,wu26.faithful,ieee118,solution1,,,cost_increase_pct,defended=1;scenario=118;window=1055,56.25,,,
wu26.faithful-ieee118-20261003t073420z-cc2010-0bf9d6,wu26.faithful,ieee118,solution1,,,cost_increase_pct,defended=1;scenario=118;window=1056,56.25,,,
wu26.faithful-ieee118-20261003t073420z-cc2010-0bf9d6,wu26.faithful,ieee118,solution1,,,cost_increase_pct,defended=1;scenario=118;window=1057,33.333333333333336,,,
wu26.faithful-ieee118-20261003t073420z-cc2010-0bf9d6,wu26.faithful,ieee118,solution1,,,cost_increase_pct,defended=1;scenario=118;window=1058,90.9090909090909,,,
wu26.faithful-ieee118-20261003t073420z-cc2010-0bf9d6,wu26.faithful,ieee118,solution1,,,cost_increase_pct,defended=1;scenario=118;window=1059,82.3529411764706,,,
wu26.faithful-ieee118-20261003t073420z-cc2010-0bf9d6,wu26.faithful,ieee118,solution1,,,cost_increase_pct,defended=1;scenario=118;window=1060,13.043478260869565,,,
wu26.faithful-ieee118-20261003t073420z-cc2010-0bf9d6,wu26.faithful,ieee118,solution1,,,cost_increase_pct,defended=1;scenario=118;window=1061,-12.0,,,
wu26.faithful-ieee118-20261003t073420z-cc2010-0bf9d6,wu26.faithful,ieee118,solution1,,,cost_increase_pct,defended=1;scenario=118;window=1062,50.0,,,
wu26.faithful-ieee118-20261003t073420z-cc2010-0bf9d6,wu26.faithful,ieee118,solution1,,,cost_increase_pct,defended=1;scenario=118;window=1063,70.58823529411765,,,
wu26.faithful-ieee118-20261003t073420z-cc2010-0bf9d6,wu26.faithful,ieee118,solution1,,,cost_increase_pct,defended=1;scenario=118;window=1064,0.0,,,
wu26.faithful-ieee118-20261003t073420z-cc2010-0bf9d6,wu26.faithful,ieee118,solution1,,,cost_increase_pct,defended=1;scenario=118;window=1065,112.5,,,
wu26.faithful-ieee118-20261003t073420z-cc2010-0bf9d6,wu26.faithful,ieee118,solution1,,,cost_increase_pct,defended=1;scenario=118;window=1066,42.857142857142854,,,
wu26.faithful-ieee118-20261003t073420z-cc2010-0bf9d6,wu26.faithful,ieee118,solution1,,,cost_increase_pct,defended=1;scenario=118;window=1067,29.41176470588235,,,
wu26.faithful-ieee118-20261003t073420z-cc2010-0bf9d6,wu26.faithful,ieee118,solution1,,,cost_increase_pct,defended=1;scenario=118;window=1068,18.75,,,
wu26.faithful-ieee118-20261003t073420z-cc2010-0bf9d6,wu26.faithful,ieee118,solution1,,,cost_increase_pct,defended=1;scenario=118;window=1069,27.77777777777778,,,
wu26.faithful-ieee118-20261003t073420z-cc2010-0bf9d6,wu26.faithful,ieee118,solution1,,,cost_increase_pct,defended=1;scenario=118;window=1070,69.23076923076923,,,
wu26.faithful-ieee118-20261003t073420z-cc2010-0bf9d6,wu26.faithful,ieee118,solution1,,,cost_increase_pct,defended=1;scenario=118;window=1071,23.529411764705884,,,
wu26.faithful-ieee118-20261003t073420z-cc2010-0bf9d6,wu26.faithful,ieee118,solution1,,,cost_increase_pct,defended=1;scenario=118;window=1072,73.33333333333333,,,
wu26.faithful-ieee118-20261003t073420z-cc2010-0bf9d6,wu26.faithful,ieee118,solution1,,,cost_increase_pct,defended=1;scenario=118;window=1073,33.333333333333336,,,
wu26.faithful-ieee118-20261003t073420z-cc2010-0bf9d6,wu26.faithful,ieee118,solution1,,,cost_increase_pct,defended=1;scenario=118;window=1074,57.142857142857146,,,
wu26.faithful-ieee118-20261003t073420z-cc2010-0bf9d6,wu26.faithful,ieee118,solution1,,,cost_increase_pct,defended=1;scenario=118;window=1075,50.0,,,
wu26.faithful-ieee118-20261003t073420z-cc2010-0bf9d6,wu26.faithful,ieee118,solution1,,,cost_increase_pct,defended=1;scenario=118;window=1076,46.666666666666664,,,
wu26.faithful-ieee118-20261003t073420z-cc2010-0bf9d6,wu26.faithful,ieee118,solution1,,,cost_increase_pct,defended=1;scenario=118;window=1077,44.44444444444444,,,
wu26.faithful-ieee118-20261003t073420z-cc2010-0bf9d6,wu26.faithful,ieee118,solution1,,,cost_increase_pct,defended=1;scenario=118;window=1078,182.35294117647058,,,
wu26.faithful-ieee118-20261003t073420z-cc2010-0bf9d6,wu26.faithful,ieee118,solution1,,,cost_increase_pct,defended=1;scenario=118;window=1079,73.33333333333333,,,
wu26.faithful-ieee118-20261003t073420z-cc2010-0bf9d6,wu26.faithful,ieee118,solution1,,,cost_increase_pct,defended=1;scenario=118;window=1080,7.142857142857143,,,
wu26.faithful-ieee118-20261003t073420z-cc2010-0bf9d6,wu26.faithful,ieee118,solution1,,,cost_increase_pct,defended=1;scenario=118;window=1081,55.0,,,
wu26.faithful-ieee118-20261003t073420z-cc2010-0bf9d6,wu26.faithful,ieee118,solution1,,,cost_increase_pct,defended=1;scenario=118;window=1082,145.45454545454547,,,
wu26.faithful-ieee118-20261003t073420z-cc2010-0bf9d6,wu26.faithful,ieee118,solution1,,,cost_increase_pct,defended=1;scenario=118;window=1083,36.36363636363637,,,
wu26.faithful-ieee118-20261003t073420z-cc2010-0bf9d6,wu26.faithful,ieee118,solution1,,,cost_increase_pct,defended=1;scenario=118;window=1084,8.695652173913043,,,
wu26.faithful-ieee118-20261003t073420z-cc2010-0bf9d6,wu26.faithful,ieee118,solution1,,,cost_increase_pct,defended=1;scenario=118;window=1085,62.5,,,
wu26.faithful-ieee118-20261003t073420z-cc2010-0bf9d6,wu26.faithful,ieee118,solution1,,,cost_increase_pct,defended=1;scenario=118;window=1086,38.888888888888886,,,
wu26.faithful-ieee118-20261003t073420z-cc2010-0bf9d6,wu26.faithful,ieee118,solution1,,,cost_increase_pct,defended=1;scenario=118;window=1087,50.0,,,
wu26.faithful-ieee118-20261003t073420z-cc2010-0bf9d6,wu26.faithful,ieee118,solution1,,,cost_increase_pct,defended=1;scenario=118;window=1088,72.72727272727273,,,
wu26.faithful-ieee118-20261003t073420z-cc2010-0bf9d6,wu26.faithful,ieee118,solution1,,,cost_increase_pct,defended=1;scenario=118;window=1089,126.66666666666667,,,
wu26.faithful-ieee118-20261003t073420z-cc2010-0bf9d6,wu26.faithful,ieee118,solution1,,,cost_increase_pct,defended=1;scenario=118;window=1090,16.666666666666668,,,
wu26.faithful-ieee118-20261003t073420z-cc2010-0bf9d6,wu26.faithful,ieee118,solution1,,,cost_increase_pct,defended=1;scenario=118;window=1091,66.66666666666667,,,
wu26.faithful-ieee118-20261003t073420z-cc2010-0bf9d6,wu26.faithful,ieee118,solution1,,,cost_increase_pct,defended=1;scenario=118;window=1092,-25.0,,,
wu26.faithful-ieee118-20261003t073420z-cc2010-0bf9d6,wu26.faithful,ieee118,solution1,,,cost_increase_pct,defended=1;scenario=118;window=1093,28.571428571428573,,,
wu26.faithful-ieee118-20261003t073420z-cc2010-0bf9d6,wu26.faithful,ieee118,solution1,,,cost_increase_pct,defended=1;scenario=118;window=1094,33.333333333333336,,,
wu26.faithful-ieee118-20261003t073420z-cc2010-0bf9d6,wu26.faithful,ieee118,solution1,,,cost_increase_pct,defended=1;scenario=118;window=1095,-11.764705882352942,,,
wu26.faithful-ieee118-20261003t073420z-cc2010-0bf9d6,wu26.faithful,ieee118,solution1,,,cost_increase_pct,defended=1;scenario=118;window=1096,35.294117647058826,,,
wu26.faithful-ieee118-20261003t073420z-cc2010-0bf9d6,wu26.faithful,ieee118,solution1,,,cost_increase_pct,defended=1;scenario=118;window=1097,107.14285714285714,,,
wu26.faithful-ieee118-20261003t073420z-cc2010-0bf9d6,wu26.faithful,ieee118,solution1,,,cost_increase_pct,defended=1;scenario=118;window=1098,58.333333333333336,,,
wu26.faithful-ieee118-20261003t073420z-cc2010-0bf9d6,wu26.faithful,ieee118,solution1,,,cost_increase_pct,defended=1;scenario=118;window=1099,72.72727272727273,,,
wu26.faithful-ieee118-20261003t073420z-cc2010-0bf9d6,wu26.faithful,ieee118,solution1,,,devices,defended=1;scenario=118;window=1000,38.0,,,
wu26.faithful-ieee118-20261003t073420z-cc2010-0bf9d6,wu26.faithful,ieee118,solution1,,,devices,defended=1;scenario=118;window=1001,48.0,,,
wu26.faithful-ieee118-20261003t073420z-cc2010-0bf9d6,wu26.faithful,ieee118,solution1,,,devices,defended=1;scenario=118;window=1002,13.0,,,
wu26.faithful-ieee118-20261003t073420z-cc2010-0bf9d6,wu26.faithful,ieee118,solution1,,,devices,defended=1;scenario=118;window=1003,23.0,,,
wu26.faithful-ieee118-20261003t073420z-cc2010-0bf9d6,wu26.faithful,ieee118,solution1,,,devices,defended=1;scenario=118;window=1004,28.0,,,
wu26.faithful-ieee118-20261003t073420z-cc2010-0bf9d6,wu26.faithful,ieee118,solution1,,,devices,defended=1;scenario=118;window=1005,21.0,,,
wu26.faithful-ieee118-20261003t073420z-cc2010-0bf9d6,wu26.faithful,ieee118,solution1,,,devices,defended=1;scenario=118;window=1006,19.0,,,
wu26.faithful-ieee118-20261003t073420z-cc2010-0bf9d6,wu26.faithful,ieee118,solution1,,,devices,defended=1;scenario=118;window=1007,35.0,,,
wu26.faithful-ieee118-20261003t073420z-cc2010-0bf9d6,wu26.faithful,ieee118,solution1,,,devices,defended=1;scenario=118;window=1008,19.0,,,
wu26.faithful-ieee118-20261003t073420z-cc2010-0bf9d6,wu26.faithful,ieee118,solution1,,,devices,defended=1;scenario=118;window=1009,20.0,,,
wu26.faithful-ieee118-20261003t073420z-cc2010-0bf9d6,wu26.faithful,ieee118,solution1,,,devices,defended=1;scenario=118;window=1010,24.0,,,
wu26.faithful-ieee118-20261003t073420z-cc2010-0bf9d6,wu26.faithful,ieee118,solution1,,,devices,defended=1;scenario=118;window=1011,26.0,,,
wu26.faithful-ieee118-20261003t073420z-cc2010-0bf9d6,wu26.faithful,ieee118,solution1,,,devices,defended=1;scenario=118;window=1012,31.0,,,
wu26.faithful-ieee118-20261003t073420z-cc2010-0bf9d6,wu26.faithful,ieee118,solution1,,,devices,defended=1;scenario=118;window=1013,28.0,,,
wu26.faithful-ieee118-20261003t073420z-cc2010-0bf9d6,wu26.faithful,ieee118,solution1,,,devices,defended=1;scenario=118;window=1014,23.0,,,
wu26.faithful-ieee118-20261003t073420z-cc2010-0bf9d6,wu26.faithful,ieee118,solution1,,,devices,defended=1;scenario=118;window=1015,15.0,,,
wu26.faithful-ieee118-20261003t073420z-cc2010-0bf9d6,wu26.faithful,ieee118,solution1,,,devices,defended=1;scenario=118;window=1016,15.0,,,
wu26.faithful-ieee118-20261003t073420z-cc2010-0bf9d6,wu26.faithful,ieee118,solution1,,,devices,defended=1;scenario=118;window=1017,32.0,,,
wu26.faithful-ieee118-20261003t073420z-cc2010-0bf9d6,wu26.faithful,ieee118,solution1,,,devices,defended=1;scenario=118;window=1018,19.0,,,
wu26.faithful-ieee118-20261003t073420z-cc2010-0bf9d6,wu26.faithful,ieee118,solution1,,,devices,defended=1;scenario=118;window=1019,25.0,,,
wu26.faithful-ieee118-20261003t073420z-cc2010-0bf9d6,wu26.faithful,ieee118,solution1,,,devices,defended=1;scenario=118;window=1020,35.0,,,
wu26.faithful-ieee118-20261003t073420z-cc2010-0bf9d6,wu26.faithful,ieee118,solution1,,,devices,defended=1;scenario=118;window=1021,23.0,,,
wu26.faithful-ieee118-20261003t073420z-cc2010-0bf9d6,wu26.faithful,ieee118,solution1,,,devices,defended=1;scenario=118;window=1022,32.0,,,
wu26.faithful-ieee118-20261003t073420z-cc2010-0bf9d6,wu26.faithful,ieee118,solution1,,,devices,defended=1;scenario=118;window=1023,22.0,,,
wu26.faithful-ieee118-20261003t073420z-cc2010-0bf9d6,wu26.faithful,ieee118,solution1,,,devices,defended=1;scenario=118;window=1024,31.0,,,
wu26.faithful-ieee118-20261003t073420z-cc2010-0bf9d6,wu26.faithful,ieee118,solution1,,,devices,defended=1;scenario=118;window=1025,22.0,,,
wu26.faithful-ieee118-20261003t073420z-cc2010-0bf9d6,wu26.faithful,ieee118,solution1,,,devices,defended=1;scenario=118;window=1026,17.0,,,
wu26.faithful-ieee118-20261003t073420z-cc2010-0bf9d6,wu26.faithful,ieee118,solution1,,,devices,defended=1;scenario=118;window=1027,26.0,,,
wu26.faithful-ieee118-20261003t073420z-cc2010-0bf9d6,wu26.faithful,ieee118,solution1,,,devices,defended=1;scenario=118;window=1028,22.0,,,
wu26.faithful-ieee118-20261003t073420z-cc2010-0bf9d6,wu26.faithful,ieee118,solution1,,,devices,defended=1;scenario=118;window=1029,25.0,,,
wu26.faithful-ieee118-20261003t073420z-cc2010-0bf9d6,wu26.faithful,ieee118,solution1,,,devices,defended=1;scenario=118;window=1030,18.0,,,
wu26.faithful-ieee118-20261003t073420z-cc2010-0bf9d6,wu26.faithful,ieee118,solution1,,,devices,defended=1;scenario=118;window=1031,19.0,,,
wu26.faithful-ieee118-20261003t073420z-cc2010-0bf9d6,wu26.faithful,ieee118,solution1,,,devices,defended=1;scenario=118;window=1032,25.0,,,
wu26.faithful-ieee118-20261003t073420z-cc2010-0bf9d6,wu26.faithful,ieee118,solution1,,,devices,defended=1;scenario=118;window=1033,28.0,,,
wu26.faithful-ieee118-20261003t073420z-cc2010-0bf9d6,wu26.faithful,ieee118,solution1,,,devices,defended=1;scenario=118;window=1034,23.0,,,
wu26.faithful-ieee118-20261003t073420z-cc2010-0bf9d6,wu26.faithful,ieee118,solution1,,,devices,defended=1;scenario=118;window=1035,15.0,,,
wu26.faithful-ieee118-20261003t073420z-cc2010-0bf9d6,wu26.faithful,ieee118,solution1,,,devices,defended=1;scenario=118;window=1036,20.0,,,
wu26.faithful-ieee118-20261003t073420z-cc2010-0bf9d6,wu26.faithful,ieee118,solution1,,,devices,defended=1;scenario=118;window=1037,22.0,,,
wu26.faithful-ieee118-20261003t073420z-cc2010-0bf9d6,wu26.faithful,ieee118,solution1,,,devices,defended=1;scenario=118;window=1038,20.0,,,
wu26.faithful-ieee118-20261003t073420z-cc2010-0bf9d6,wu26.faithful,ieee118,solution1,,,devices,defended=1;scenario=118;window=1039,21.0,,,
wu26.faithful-ieee118-20261003t073420z-cc2010-0bf9d6,wu26.faithful,ieee118,solution1,,,devices,defended=1;scenario=118;window=1040,24.0,,,
wu26.faithful-ieee118-20261003t073420z-cc2010-0bf9d6,wu26.faithful,ieee118,solution1,,,devices,defended=1;scenario=118;window=1041,38.0,,,
wu26.faithful-ieee118-20261003t073420z-cc2010-0bf9d6,wu26.faithful,ieee118,solution1,,,devices,defended=1;scenario=118;window=1042,24.0,,,
wu26.faithful-ieee118-20261003t073420z-cc2010-0bf9d6,wu26.faithful,ieee118,solution1,,,devices,defended=1;scenario=118;window=1043,13.0,,,
wu26.faithful-ieee118-20261003t073420z-cc2010-0bf9d6,wu26.faithful,ieee118,solution1,,,devices,defended=1;scenario=118;window=1044,18.0,,,
wu26.faithful-ieee118-20261003t073420z-cc2010-0bf9d6,wu26.faithful,ieee118,solution1,,,devices,defended=1;scenario=118;window=1045,28.0,,,
wu26.faithful-ieee118-20261003t073420z-cc2010-0bf9d6,wu26.faithful,ieee118,solution1,,,devices,defended=1;scenario=118;window=1046,14.0,,,
wu26.faithful-ieee118-20261003t073420z-cc2010-0bf9d6,wu26.faithful,ieee118,solution1,,,devices,defended=1;scenario=118;window=1047,31.0,,,
wu26.faithful-ieee118-20261003t073420z-cc2010-0bf9d6,wu26.faithful,ieee118,solution1,,,devices,defended=1;scenario=118;window=1048,33.0,,,
wu26.faithful-ieee118-20261003t073420z-cc2010-0bf9d6,wu26.faithful,ieee118,solution1,,,devices,defended=1;scenario=118;window=1049,19.0,,,
wu26.faithful-ieee118-20261003t073420z-cc2010-0bf9d6,wu26.faithful,ieee118,solution1,,,devices,defended=1;scenario=118;window=1050,33.0,,,
wu26.faithful-ieee118-20261003t073420z-cc2010-0bf9d6,wu26.faithful,ieee118,solution1,,,devices,defended=1;scenario=118;window=1051,31.0,,,
wu26.faithful-ieee118-20261003t073420z-cc2010-0bf9d6,wu26.faithful,ieee118,solution1,,,devices,defended=1;scenario=118;window=1052,15.0,,,
wu26.faithful-ieee118-20261003t073420z-cc2010-0bf9d6,wu26.faithful,ieee118,solution1,,,devices,defended=1;scenario=118;window=1053,30.0,,,
wu26.faithful-ieee118-20261003t073420z-cc2010-0bf9d6,wu26.faithful,ieee118,solution1,,,devices,defended=1;scenario=118;window=1054,25.0,,,
wu26.faithful-ieee118-20261003t073420z-cc2010-0bf9d6,wu26.faithful,ieee118,solution1,,,devices,defended=1;scenario=118;window=1055,25.0,,,
wu26.faithful-ieee118-20261003t073420z-cc2010-0bf9d6,wu26.faithful,ieee118,solution1,,,devices,defended=1;scenario=118;window=1056,25.0,,,
wu26.faithful-ieee118-20261003t073420z-cc2010-0bf9d6,wu26.faithful,ieee118,solution1,,,devices,defended=1;scenario=118;window=1057,20.0,,,
wu26.faithful-ieee118-20261003t073420z-cc2010-0bf9d6,wu26.faithful,ieee118,solution1,,,devices,defended=1;scenario=118;window=1058,21.0,,,
wu26.faithful-ieee118-20261003t073420z-cc2010-0bf9d6,wu26.faithful,ieee118,solution1,,,devices,defended=1;scenario=118;window=1059,31.0,,,
wu26.faithful-ieee118-20261003t073420z-cc2010-0bf9d6,wu26.faithful,ieee118,solution1,,,devices,defended=1;scenario=118;window=1060,26.0,,,
wu26.faithful-ieee118-20261003t073420z-cc2010-0bf9d6,wu26.faithful,ieee118,solution1,,,devices,defended=1;scenario=118;window=1061,22.0,,,
wu26.faithful-ieee118-20261003t073420z-cc2010-0bf9d6,wu26.faithful,ieee118,solution1,,,devices,defended=1;scenario=118;window=1062,24.0,,,
wu26.faithful-ieee118-20261003t073420z-cc2010-0bf9d6,wu26.faithful,ieee118,solution1,,,devices,defended=1;scenario=118;window=1063,29.0,,,
wu26.faithful-ieee118-20261003t073420z-cc2010-0bf9d6,wu26.faithful,ieee118,solution1,,,devices,defended=1;scenario=118;window=1064,15.0,,,
wu26.faithful-ieee118-20261003t073420z-cc2010-0bf9d6,wu26.faithful,ieee118,solution1,,,devices,defended=1;scenario=118;window=1065,34.0,,,
wu26.faithful-ieee118-20261003t073420z-cc2010-0bf9d6,wu26.faithful,ieee118,solution1,,,devices,defended=1;scenario=118;window=1066,20.0,,,
wu26.faithful-ieee118-20261003t073420z-cc2010-0bf9d6,wu26.faithful,ieee118,solution1,,,devices,defended=1;scenario=118;window=1067,22.0,,,
wu26.faithful-ieee118-20261003t073420z-cc2010-0bf9d6,wu26.faithful,ieee118,solution1,,,devices,defended=1;scenario=118;window=1068,19.0,,,
wu26.faithful-ieee118-20261003t073420z-cc2010-0bf9d6,wu26.faithful,ieee118,solution1,,,devices,defended=1;scenario=118;window=1069,23.0,,,
wu26.faithful-ieee118-20261003t073420z-cc2010-0bf9d6,wu26.faithful,ieee118,solution1,,,devices,defended=1;scenario=118;window=1070,22.0,,,
wu26.faithful-ieee118-20261003t073420z-cc2010-0bf9d6,wu26.faithful,ieee118,solution1,,,devices,defended=1;scenario=118;window=1071,21.0,,,
wu26.faithful-ieee118-20261003t073420z-cc2010-0bf9d6,wu26.faithful,ieee118,solution1,,,devices,defended=1;scenario=118;window=1072,26.0,,,
wu26.faithful-ieee118-20261003t073420z-cc2010-0bf9d6,wu26.faithful,ieee118,solution1,,,devices,defended=1;scenario=118;window=1073,24.0,,,
wu26.faithful-ieee118-20261003t073420z-cc2010-0bf9d6,wu26.faithful,ieee118,solution1,,,devices,defended=1;scenario=118;window=1074,22.0,,,
wu26.faithful-ieee118-20261003t073420z-cc2010-0bf9d6,wu26.faithful,ieee118,solution1,,,devices,defended=1;scenario=118;window=1075,24.0,,,
wu26.faithful-ieee118-20261003t073420z-cc2010-0bf9d6,wu26.faithful,ieee118,solution1,,,devices,defended=1;scenario=118;window=1076,22.0,,,
wu26.faithful-ieee118-20261003t073420z-cc2010-0bf9d6,wu26.faithful,ieee118,solution1,,,devices,defended=1;scenario=118;window=1077,26.0,,,
wu26.faithful-ieee118-20261003t073420z-cc2010-0bf9d6,wu26.faithful,ieee118,solution1,,,devices,defended=1;scenario=118;window=1078,48.0,,,
wu26.faithful-ieee118-20261003t073420z-cc2010-0bf9d6,wu26.faithful,ieee118,solution1,,,devices,defended=1;scenario=118;window=1079,26.0,,,
wu26.faithful-ieee118-20261003t073420z-cc2010-0bf9d6,wu26.faithful,ieee118,solution1,,,devices,defended=1;scenario=118;window=1080,15.0,,,
wu26.faithful-ieee118-20261003t073420z-cc2010-0bf9d6,wu26.faithful,ieee118,solution1,,,devices,defended=1;scenario=118;window=1081,31.0,,,
wu26.faithful-ieee118-20261003t073420z-cc2010-0bf9d6,wu26.faithful,ieee118,solution1,,,devices,defended=1;scenario=118;window=1082,27.0,,,
wu26.faithful-ieee118-20261003t073420z-cc2010-0bf9d6,wu26.faithful,ieee118,solution1,,,devices,defended=1;scenario=118;window=1083,15.0,,,
wu26.faithful-ieee118-20261003t073420z-cc2010-0bf9d6,wu26.faithful,ieee118,solution1,,,devices,defended=1;scenario=118;window=1084,25.0,,,
wu26.faithful-ieee118-20261003t073420z-cc2010-0bf9d6,wu26.faithful,ieee118,solution1,,,devices,defended=1;scenario=118;window=1085,26.0,,,
wu26.faithful-ieee118-20261003t073420z-cc2010-0bf9d6,wu26.faithful,ieee118,solution1,,,devices,defended=1;scenario=118;window=1086,25.0,,,
wu26.faithful-ieee118-20261003t073420z-cc2010-0bf9d6,wu26.faithful,ieee118,solution1,,,devices,defended=1;scenario=118;window=1087,24.0,,,
wu26.faithful-ieee118-20261003t073420z-cc2010-0bf9d6,wu26.faithful,ieee118,solution1,,,devices,defended=1;scenario=118;window=1088,19.0,,,
wu26.faithful-ieee118-20261003t073420z-cc2010-0bf9d6,wu26.faithful,ieee118,solution1,,,devices,defended=1;scenario=118;window=1089,34.0,,,
wu26.faithful-ieee118-20261003t073420z-cc2010-0bf9d6,wu26.faithful,ieee118,solution1,,,devices,defended=1;scenario=118;window=1090,14.0,,,
wu26.faithful-ieee118-20261003t073420z-cc2010-0bf9d6,wu26.faithful,ieee118,solution1,,,devices,defended=1;scenario=118;window=1091,25.0,,,
wu26.faithful-ieee118-20261003t073420z-cc2010-0bf9d6,wu26.faithful,ieee118,solution1,,,devices,defended=1;scenario=118;window=1092,9.0,,,
wu26.faithful-ieee118-20261003t073420z-cc2010-0bf9d6,wu26.faithful,ieee118,solution1,,,devices,defended=1;scenario=118;window=1093,27.0,,,
wu26.faithful-ieee118-20261003t073420z-cc2010-0bf9d6,wu26.faithful,ieee118,solution1,,,devices,defended=1;scenario=118;window=1094,24.0,,,
wu26.faithful-ieee118-20261003t073420z-cc2010-0bf9d6,wu26.faithful,ieee118,solution1,,,devices,defended=1;scenario=118;window=1095,15.0,,,
wu26.faithful-ieee118-20261003t073420z-cc2010-0bf9d6,wu26.faithful,ieee118,solution1,,,devices,defended=1;scenario=118;window=1096,23.0,,,
wu26.faithful-ieee118-20261003t073420z-cc2010-0bf9d6,wu26.faithful,ieee118,solution1,,,devices,defended=1;scenario=118;window=1097,29.0,,,
wu26.faithful-ieee118-20261003t073420z-cc2010-0bf9d6,wu26.faithful,ieee118,solution1,,,devices,defended=1;scenario=118;window=1098,19.0,,,
wu26.faithful-ieee118-20261003t073420z-cc2010-0bf9d6,wu26.faithful,ieee118,solution1,,,devices,defended=1;scenario=118;window=1099,19.0,,,
wu26.faithful-ieee118-20261003t073420z-cc2010-0bf9d6,wu26.faithful,ieee118,solution1,,,extra_devices,defended=1;scenario=118;window=1000,25.0,,,
wu26.faithful-ieee118-20261003t073420z-cc2010-0bf9d6,wu26.faithful,ieee118,solution1,,,extra_devices,defended=1;scenario=118;window=1001,34.0,,,
wu26.faithful-ieee118-20261003t073420z-cc2010-0bf9d6,wu26.faithful,ieee118,solution1,,,extra_devices,defended=1;scenario=118;window=1002,2.0,,,
wu26.faithful-ieee118-20261003t073420z-cc2010-0bf9d6,wu26.faithful,ieee118,solution1,,,extra_devices,defended=1;scenario=118;window=1003,7.0,,,
wu26.faithful-ieee118-20261003t073420z-cc2010-0bf9d6,wu26.faithful,ieee118,solution1,,,extra_devices,defended=1;scenario=118;window=1004,11.0,,,
wu26.faithful-ieee118-20261003t073420z-cc2010-0bf9d6,wu26.faithful,ieee118,solution1,,,extra_devices,defended=1;scenario=118;window=1005,8.0,,,
wu26.faithful-ieee118-20261003t073420z-cc2010-0bf9d6,wu26.faithful,ieee118,solution1,,,extra_devices,defended=1;scenario=118;window=1006,6.0,,,
wu26.faithful-ieee118-20261003t073420z-cc2010-0bf9d6,wu26.faithful,ieee118,solution1,,,extra_devices,defended=1;scenario=118;window=1007,19.0,,,
wu26.faithful-ieee118-20261003t073420z-cc2010-0bf9d6,wu26.faithful,ieee118,solution1,,,extra_devices,defended=1;scenario=118;window=1008,6.0,,,
wu26.faithful-ieee118-20261003t073420z-cc2010-0bf9d6,wu26.faithful,ieee118,solution1,,,extra_devices,defended=1;scenario=118;window=1009,6.0,,,
wu26.faithful-ieee118-20261003t073420z-cc2010-0bf9d6,wu26.faithful,ieee118,solution1,,,extra_devices,defended=1;scenario=118;window=1010,11.0,,,
wu26.faithful-ieee118-20261003t073420z-cc2010-0bf9d6,wu26.faithful,ieee118,solution1,,,extra_devices,defended=1;scenario=118;window=1011,9.0,,,
wu26.faithful-ieee118-20261003t073420z-cc2010-0bf9d6,wu26.faithful,ieee118,solution1,,,extra_devices,defended=1;scenario=118;window=1012,18.0,,,
wu26.faithful-ieee118-20261003t073420z-cc2010-0bf9d6,wu26.faithful,ieee118,solution1,,,extra_devices,defended=1;scenario=118;window=1013,14.0,,,
wu26.faithful-ieee118-20261003t073420z-cc2010-0bf9d6,wu26.faithful,ieee118,solution1,,,extra_devices,defended=1;scenario=118;window=1014,9.0,,,
wu26.faithful-ieee118-20261003t073420z-cc2010-0bf9d6,wu26.faithful,ieee118,solution1,,,extra_devices,defended=1;scenario=118;window=1015,3.0,,,
wu26.faithful-ieee118-20261003t073420z-cc2010-0bf9d6,wu26.faithful,ieee118,solution1,,,extra_devices,defended=1;scenario=118;window=1016,3.0,,,
wu26.faithful-ieee118-20261003t073420z-cc2010-0bf9d6,wu26.faithful,ieee118,solution1,,,extra_devices,defended=1;scenario=118;window=1017,13.0,,,
wu26.faithful-ieee118-20261003t073420z-cc2010-0bf9d6,wu26.faithful,ieee118,solution1,,,extra_devices,defended=1;scenario=118;window=1018,7.0,,,
wu26.faithful-ieee118-20261003t073420z-cc2010-0bf9d6,wu26.faithful,ieee118,solution1,,,extra_devices,defended=1;scenario=118;window=1019,8.0,,,
wu26.faithful-ieee118-20261003t073420z-cc2010-0bf9d6,wu26.faithful,ieee118,solution1,,,extra_devices,defended=1;scenario=118;window=1020,19.0,,,
wu26.faithful-ieee118-20261003t073420z-cc2010-0bf9d6,wu26.faithful,ieee118,solution1,,,extra_devices,defended=1;scenario=118;window=1021,6.0,,,
wu26.faithful-ieee118-20261003t073420z-cc2010-0bf9d6,wu26.faithful,ieee118,solution1,,,extra_devices,defended=1;scenario=118;window=1022,17.0,,,
wu26.faithful-ieee118-20261003t073420z-cc2010-0bf9d6,wu26.faithful,ieee118,solution1,,,extra_devices,defended=1;scenario=118;window=1023,7.0,,,
wu26.faithful-ieee118-20261003t073420z-cc2010-0bf9d6,wu26.faithful,ieee118,solution1,,,extra_devices,defended=1;scenario=118;window=1024,15.0,,,
wu26.faithful-ieee118-20261003t073420z-cc2010-0bf9d6,wu26.faithful,ieee118,solution1,,,extra_devices,defended=1;scenario=118;window=1025,11.0,,,
wu26.faithful-ieee118-20261003t073420z-cc2010-0bf9d6,wu26.faithful,ieee118,solution1,,,extra_devices,defended=1;scenario=118;window=1026,5.0,,,
wu26.faithful-ieee118-20261003t073420z-cc2010-0bf9d6,wu26.faithful,ieee118,solution1,,,extra_devices,defended=1;scenario=118;window=1027,10.0,,,
wu26.faithful-ieee118-20261003t073420z-cc2010-0bf9d6,wu26.faithful,ieee118,solution1,,,extra_devices,defended=1;scenario=118;window=1028,8.0,,,
wu26.faithful-ieee118-20261003t073420z-cc2010-0bf9d6,wu26.faithful,ieee118,solution1,,,extra_devices,defended=1;scenario=118;window=1029,9.0,,,
wu26.faithful-ieee118-20261003t073420z-cc2010-0bf9d6,wu26.faithful,ieee118,solution1,,,extra_devices,defended=1;scenario=118;window=1030,5.0,,,
wu26.faithful-ieee118-20261003t073420z-cc2010-0bf9d6,wu26.faithful,ieee118,solution1,,,extra_devices,defended=1;scenario=118;window=1031,8.0,,,
wu26.faithful-ieee118-20261003t073420z-cc2010-0bf9d6,wu26.faithful,ieee118,solution1,,,extra_devices,defended=1;scenario=118;window=1032,9.0,,,
wu26.faithful-ieee118-20261003t073420z-cc2010-0bf9d6,wu26.faithful,ieee118,solution1,,,extra_devices,defended=1;scenario=118;window=1033,7.0,,,
wu26.faithful-ieee118-20261003t073420z-cc2010-0bf9d6,wu26.faithful,ieee118,solution1,,,extra_devices,defended=1;scenario=118;window=1034,7.0,,,
wu26.faithful-ieee118-20261003t073420z-cc2010-0bf9d6,wu26.faithful,ieee118,solution1,,,extra_devices,defended=1;scenario=118;window=1035,4.0,,,
wu26.faithful-ieee118-20261003t073420z-cc2010-0bf9d6,wu26.faithful,ieee118,solution1,,,extra_devices,defended=1;scenario=118;window=1036,6.0,,,
wu26.faithful-ieee118-20261003t073420z-cc2010-0bf9d6,wu26.faithful,ieee118,solution1,,,extra_devices,defended=1;scenario=118;window=1037,7.0,,,
wu26.faithful-ieee118-20261003t073420z-cc2010-0bf9d6,wu26.faithful,ieee118,solution1,,,extra_devices,defended=1;scenario=118;window=1038,6.0,,,
wu26.faithful-ieee118-20261003t073420z-cc2010-0bf9d6,wu26.faithful,ieee118,solution1,,,extra_devices,defended=1;scenario=118;window=1039,9.0,,,
wu26.faithful-ieee118-20261003t073420z-cc2010-0bf9d6,wu26.faithful,ieee118,solution1,,,extra_devices,defended=1;scenario=118;window=1040,9.0,,,
wu26.faithful-ieee118-20261003t073420z-cc2010-0bf9d6,wu26.faithful,ieee118,solution1,,,extra_devices,defended=1;scenario=118;window=1041,1.0,,,
wu26.faithful-ieee118-20261003t073420z-cc2010-0bf9d6,wu26.faithful,ieee118,solution1,,,extra_devices,defended=1;scenario=118;window=1042,11.0,,,
wu26.faithful-ieee118-20261003t073420z-cc2010-0bf9d6,wu26.faithful,ieee118,solution1,,,extra_devices,defended=1;scenario=118;window=1043,2.0,,,
wu26.faithful-ieee118-20261003t073420z-cc2010-0bf9d6,wu26.faithful,ieee118,solution1,,,extra_devices,defended=1;scenario=118;window=1044,5.0,,,
wu26.faithful-ieee118-20261003t073420z-cc2010-0bf9d6,wu26.faithful,ieee118,solution1,,,extra_devices,defended=1;scenario=118;window=1045,14.0,,,
wu26.faithful-ieee118-20261003t073420z-cc2010-0bf9d6,wu26.faithful,ieee118,solution1,,,extra_devices,defended=1;scenario=118;window=1046,3.0,,,
wu26.faithful-ieee118-20261003t073420z-cc2010-0bf9d6,wu26.faithful,ieee118,solution1,,,extra_devices,defended=1;scenario=118;window=1047,19.0,,,
wu26.faithful-ieee118-20261003t073420z-cc2010-0bf9d6,wu26.faithful,ieee118,solution1,,,extra_devices,defended=1;scenario=118;window=1048,19.0,,,
wu26.faithful-ieee118-20261003t073420z-cc2010-0bf9d6,wu26.faithful,ieee118,solution1,,,extra_devices,defended=1;scenario=118;window=1049,6.0,,,
wu26.faithful-ieee118-20261003t073420z-cc2010-0bf9d6,wu26.faithful,ieee118,solution1,,,extra_devices,defended=1;scenario=118;window=1050,19.0,,,
wu26.faithful-ieee118-20261003t073420z-cc2010-0bf9d6,wu26.faithful,ieee118,solution1,,,extra_devices,defended=1;scenario=118;window=1051,14.0,,,
wu26.faithful-ieee118-20261003t073420z-cc2010-0bf9d6,wu26.faithful,ieee118,solution1,,,extra_devices,defended=1;scenario=118;window=1052,4.0,,,
wu26.faithful-ieee118-20261003t073420z-cc2010-0bf9d6,wu26.faithful,ieee118,solution1,,,extra_devices,defended=1;scenario=118;window=1053,8.0,,,
wu26.faithful-ieee118-20261003t073420z-cc2010-0bf9d6,wu26.faithful,ieee118,solution1,,,extra_devices,defended=1;scenario=118;window=1054,12.0,,,
wu26.faithful-ieee118-20261003t073420z-cc2010-0bf9d6,wu26.faithful,ieee118,solution1,,,extra_devices,defended=1;scenario=118;window=1055,11.0,,,
wu26.faithful-ieee118-20261003t073420z-cc2010-0bf9d6,wu26.faithful,ieee118,solution1,,,extra_devices,defended=1;scenario=118;window=1056,9.0,,,
wu26.faithful-ieee118-20261003t073420z-cc2010-0bf9d6,wu26.faithful,ieee118,solution1,,,extra_devices,defended=1;scenario=118;window=1057,7.0,,,
wu26.faithful-ieee118-20261003t073420z-cc2010-0bf9d6,wu26.faithful,ieee118,solution1,,,extra_devices,defended=1;scenario=118;window=1058,10.0,,,
wu26.faithful-ieee118-20261003t073420z-cc2010-0bf9d6,wu26.faithful,ieee118,solution1,,,extra_devices,defended=1;scenario=118;window=1059,14.0,,,
wu26.faithful-ieee118-20261003t073420z-cc2010-0bf9d6,wu26.faithful,ieee118,solution1,,,extra_devices,defended=1;scenario=118;window=1060,3.0,,,
wu26.faithful-ieee118-20261003t073420z-cc2010-0bf9d6,wu26.faithful,ieee118,solution1,,,extra_devices,defended=1;scenario=118;window=1061,3.0,,,
wu26.faithful-ieee118-20261003t073420z-cc2010-0bf9d6,wu26.faithful,ieee118,solution1,,,extra_devices,defended=1;scenario=118;window=1062,8.0,,,
wu26.faithful-ieee118-20261003t073420z-cc2010-0bf9d6,wu26.faithful,ieee118,solution1,,,extra_devices,defended=1;scenario=118;window=1063,12.0,,,
wu26.faithful-ieee118-20261003t073420z-cc2010-0bf9d6,wu26.faithful,ieee118,solution1,,,extra_devices,defended=1;scenario=118;window=1064,4.0,,,
wu26.faithful-ieee118-20261003t073420z-cc2010-0bf9d6,wu26.faithful,ieee118,solution1,,,extra_devices,defended=1;scenario=118;window=1065,18.0,,,
wu26.faithful-ieee118-20261003t073420z-cc2010-0bf9d6,wu26.faithful,ieee118,solution1,,,extra_devices,defended=1;scenario=118;window=1066,7.0,,,
wu26.faithful-ieee118-20261003t073420z-cc2010-0bf9d6,wu26.faithful,ieee118,solution1,,,extra_devices,defended=1;scenario=118;window=1067,5.0,,,
wu26.faithful-ieee118-20261003t073420z-cc2010-0bf9d6,wu26.faithful,ieee118,solution1,,,extra_devices,defended=1;scenario=118;window=1068,6.0,,,
wu26.faithful-ieee118-20261003t073420z-cc2010-0bf9d6,wu26.faithful,ieee118,solution1,,,extra_devices,defended=1;scenario=118;window=1069,6.0,,,
wu26.faithful-ieee118-20261003t073420z-cc2010-0bf9d6,wu26.faithful,ieee118,solution1,,,extra_devices,defended=1;scenario=118;window=1070,10.0,,,
wu26.faithful-ieee118-20261003t073420z-cc2010-0bf9d6,wu26.faithful,ieee118,solution1,,,extra_devices,defended=1;scenario=118;window=1071,7.0,,,
wu26.faithful-ieee118-20261003t073420z-cc2010-0bf9d6,wu26.faithful,ieee118,solution1,,,extra_devices,defended=1;scenario=118;window=1072,11.0,,,
wu26.faithful-ieee118-20261003t073420z-cc2010-0bf9d6,wu26.faithful,ieee118,solution1,,,extra_devices,defended=1;scenario=118;window=1073,8.0,,,
wu26.faithful-ieee118-20261003t073420z-cc2010-0bf9d6,wu26.faithful,ieee118,solution1,,,extra_devices,defended=1;scenario=118;window=1074,8.0,,,
wu26.faithful-ieee118-20261003t073420z-cc2010-0bf9d6,wu26.faithful,ieee118,solution1,,,extra_devices,defended=1;scenario=118;window=1075,9.0,,,
wu26.faithful-ieee118-20261003t073420z-cc2010-0bf9d6,wu26.faithful,ieee118,solution1,,,extra_devices,defended=1;scenario=118;window=1076,9.0,,,
wu26.faithful-ieee118-20261003t073420z-cc2010-0bf9d6,wu26.faithful,ieee118,solution1,,,extra_devices,defended=1;scenario=118;window=1077,8.0,,,
wu26.faithful-ieee118-20261003t073420z-cc2010-0bf9d6,wu26.faithful,ieee118,solution1,,,extra_devices,defended=1;scenario=118;window=1078,31.0,,,
wu26.faithful-ieee118-20261003t073420z-cc2010-0bf9d6,wu26.faithful,ieee118,solution1,,,extra_devices,defended=1;scenario=118;window=1079,11.0,,,
wu26.faithful-ieee118-20261003t073420z-cc2010-0bf9d6,wu26.faithful,ieee118,solution1,,,extra_devices,defended=1;scenario=118;window=1080,3.0,,,
wu26.faithful-ieee118-20261003t073420z-cc2010-0bf9d6,wu26.faithful,ieee118,solution1,,,extra_devices,defended=1;scenario=118;window=1081,11.0,,,
wu26.faithful-ieee118-20261003t073420z-cc2010-0bf9d6,wu26.faithful,ieee118,solution1,,,extra_devices,defended=1;scenario=118;window=1082,16.0,,,
wu26.faithful-ieee118-20261003t073420z-cc2010-0bf9d6,wu26.faithful,ieee118,solution1,,,extra_devices,defended=1;scenario=118;window=1083,5.0,,,
wu26.faithful-ieee118-20261003t073420z-cc2010-0bf9d6,wu26.faithful,ieee118,solution1,,,extra_devices,defended=1;scenario=118;window=1084,5.0,,,
wu26.faithful-ieee118-20261003t073420z-cc2010-0bf9d6,wu26.faithful,ieee118,solution1,,,extra_devices,defended=1;scenario=118;window=1085,10.0,,,
wu26.faithful-ieee118-20261003t073420z-cc2010-0bf9d6,wu26.faithful,ieee118,solution1,,,extra_devices,defended=1;scenario=118;window=1086,8.0,,,
wu26.faithful-ieee118-20261003t073420z-cc2010-0bf9d6,wu26.faithful,ieee118,solution1,,,extra_devices,defended=1;scenario=118;window=1087,8.0,,,
wu26.faithful-ieee118-20261003t073420z-cc2010-0bf9d6,wu26.faithful,ieee118,solution1,,,extra_devices,defended=1;scenario=118;window=1088,8.0,,,
wu26.faithful-ieee118-20261003t073420z-cc2010-0bf9d6,wu26.faithful,ieee118,solution1,,,extra_devices,defended=1;scenario=118;window=1089,19.0,,,
wu26.faithful-ieee118-20261003t073420z-cc2010-0bf9d6,wu26.faithful,ieee118,solution1,,,extra_devices,defended=1;scenario=118;window=1090,3.0,,,
wu26.faithful-ieee118-20261003t073420z-cc2010-0bf9d6,wu26.faithful,ieee118,solution1,,,extra_devices,defended=1;scenario=118;window=1091,10.0,,,
wu26.faithful-ieee118-20261003t073420z-cc2010-0bf9d6,wu26.faithful,ieee118,solution1,,,extra_devices,defended=1;scenario=118;window=1092,0.0,,,
wu26.faithful-ieee118-20261003t073420z-cc2010-0bf9d6,wu26.faithful,ieee118,solution1,,,extra_devices,defended=1;scenario=118;window=1093,6.0,,,
wu26.faithful-ieee118-20261003t073420z-cc2010-0bf9d6,wu26.faithful,ieee118,solution1,,,extra_devices,defended=1;scenario=118;window=1094,7.0,,,
wu26.faithful-ieee118-20261003t073420z-cc2010-0bf9d6,wu26.faithful,ieee118,solution1,,,extra_devices,defended=1;scenario=118;window=1095,3.0,,,
wu26.faithful-ieee118-20261003t073420z-cc2010-0bf9d6,wu26.faithful,ieee118,solution1,,,extra_devices,defended=1;scenario=118;window=1096,6.0,,,
wu26.faithful-ieee118-20261003t073420z-cc2010-0bf9d6,wu26.faithful,ieee118,solution1,,,extra_devices,defended=1;scenario=118;window=1097,15.0,,,
wu26.faithful-ieee118-20261003t073420z-cc2010-0bf9d6,wu26.faithful,ieee118,solution1,,,extra_devices,defended=1;scenario=118;window=1098,7.0,,,
wu26.faithful-ieee118-20261003t073420z-cc2010-0bf9d6,wu26.faithful,ieee118,solution1,,,extra_devices,defended=1;scenario=118;window=1099,8.0,,,
wu26.faithful-ieee118-20261003t073420z-cc2010-0bf9d6,wu26.faithful,ieee118,solution1,,,feasible,defended=1;scenario=118;window=1000,1.0,,,
wu26.faithful-ieee118-20261003t073420z-cc2010-0bf9d6,wu26.faithful,ieee118,solution1,,,feasible,defended=1;scenario=118;window=1001,0.0,,,
wu26.faithful-ieee118-20261003t073420z-cc2010-0bf9d6,wu26.faithful,ieee118,solution1,,,feasible,defended=1;scenario=118;window=1002,1.0,,,
wu26.faithful-ieee118-20261003t073420z-cc2010-0bf9d6,wu26.faithful,ieee118,solution1,,,feasible,defended=1;scenario=118;window=1003,1.0,,,
wu26.faithful-ieee118-20261003t073420z-cc2010-0bf9d6,wu26.faithful,ieee118,solution1,,,feasible,defended=1;scenario=118;window=1004,1.0,,,
wu26.faithful-ieee118-20261003t073420z-cc2010-0bf9d6,wu26.faithful,ieee118,solution1,,,feasible,defended=1;scenario=118;window=1005,1.0,,,
wu26.faithful-ieee118-20261003t073420z-cc2010-0bf9d6,wu26.faithful,ieee118,solution1,,,feasible,defended=1;scenario=118;window=1006,1.0,,,
wu26.faithful-ieee118-20261003t073420z-cc2010-0bf9d6,wu26.faithful,ieee118,solution1,,,feasible,defended=1;scenario=118;window=1007,0.0,,,
wu26.faithful-ieee118-20261003t073420z-cc2010-0bf9d6,wu26.faithful,ieee118,solution1,,,feasible,defended=1;scenario=118;window=1008,1.0,,,
wu26.faithful-ieee118-20261003t073420z-cc2010-0bf9d6,wu26.faithful,ieee118,solution1,,,feasible,defended=1;scenario=118;window=1009,1.0,,,
wu26.faithful-ieee118-20261003t073420z-cc2010-0bf9d6,wu26.faithful,ieee118,solution1,,,feasible,defended=1;scenario=118;window=1010,1.0,,,
wu26.faithful-ieee118-20261003t073420z-cc2010-0bf9d6,wu26.faithful,ieee118,solution1,,,feasible,defended=1;scenario=118;window=1011,1.0,,,
wu26.faithful-ieee118-20261003t073420z-cc2010-0bf9d6,wu26.faithful,ieee118,solution1,,,feasible,defended=1;scenario=118;window=1012,1.0,,,
wu26.faithful-ieee118-20261003t073420z-cc2010-0bf9d6,wu26.faithful,ieee118,solution1,,,feasible,defended=1;scenario=118;window=1013,1.0,,,
wu26.faithful-ieee118-20261003t073420z-cc2010-0bf9d6,wu26.faithful,ieee118,solution1,,,feasible,defended=1;scenario=118;window=1014,1.0,,,
wu26.faithful-ieee118-20261003t073420z-cc2010-0bf9d6,wu26.faithful,ieee118,solution1,,,feasible,defended=1;scenario=118;window=1015,1.0,,,
wu26.faithful-ieee118-20261003t073420z-cc2010-0bf9d6,wu26.faithful,ieee118,solution1,,,feasible,defended=1;scenario=118;window=1016,1.0,,,
wu26.faithful-ieee118-20261003t073420z-cc2010-0bf9d6,wu26.faithful,ieee118,solution1,,,feasible,defended=1;scenario=118;window=1017,0.0,,,
wu26.faithful-ieee118-20261003t073420z-cc2010-0bf9d6,wu26.faithful,ieee118,solution1,,,feasible,defended=1;scenario=118;window=1018,1.0,,,
wu26.faithful-ieee118-20261003t073420z-cc2010-0bf9d6,wu26.faithful,ieee118,solution1,,,feasible,defended=1;scenario=118;window=1019,1.0,,,
wu26.faithful-ieee118-20261003t073420z-cc2010-0bf9d6,wu26.faithful,ieee118,solution1,,,feasible,defended=1;scenario=118;window=1020,1.0,,,
wu26.faithful-ieee118-20261003t073420z-cc2010-0bf9d6,wu26.faithful,ieee118,solution1,,,feasible,defended=1;scenario=118;window=1021,1.0,,,
wu26.faithful-ieee118-20261003t073420z-cc2010-0bf9d6,wu26.faithful,ieee118,solution1,,,feasible,defended=1;scenario=118;window=1022,1.0,,,
wu26.faithful-ieee118-20261003t073420z-cc2010-0bf9d6,wu26.faithful,ieee118,solution1,,,feasible,defended=1;scenario=118;window=1023,1.0,,,
wu26.faithful-ieee118-20261003t073420z-cc2010-0bf9d6,wu26.faithful,ieee118,solution1,,,feasible,defended=1;scenario=118;window=1024,0.0,,,
wu26.faithful-ieee118-20261003t073420z-cc2010-0bf9d6,wu26.faithful,ieee118,solution1,,,feasible,defended=1;scenario=118;window=1025,1.0,,,
wu26.faithful-ieee118-20261003t073420z-cc2010-0bf9d6,wu26.faithful,ieee118,solution1,,,feasible,defended=1;scenario=118;window=1026,1.0,,,
wu26.faithful-ieee118-20261003t073420z-cc2010-0bf9d6,wu26.faithful,ieee118,solution1,,,feasible,defended=1;scenario=118;window=1027,1.0,,,
wu26.faithful-ieee118-20261003t073420z-cc2010-0bf9d6,wu26.faithful,ieee118,solution1,,,feasible,defended=1;scenario=118;window=1028,1.0,,,
wu26.faithful-ieee118-20261003t073420z-cc2010-0bf9d6,wu26.faithful,ieee118,solution1,,,feasible,defended=1;scenario=118;window=1029,1.0,,,
wu26.faithful-ieee118-20261003t073420z-cc2010-0bf9d6,wu26.faithful,ieee118,solution1,,,feasible,defended=1;scenario=118;window=1030,1.0,,,
wu26.faithful-ieee118-20261003t073420z-cc2010-0bf9d6,wu26.faithful,ieee118,solution1,,,feasible,defended=1;scenario=118;window=1031,1.0,,,
wu26.faithful-ieee118-20261003t073420z-cc2010-0bf9d6,wu26.faithful,ieee118,solution1,,,feasible,defended=1;scenario=118;window=1032,1.0,,,
wu26.faithful-ieee118-20261003t073420z-cc2010-0bf9d6,wu26.faithful,ieee118,solution1,,,feasible,defended=1;scenario=118;window=1033,0.0,,,
wu26.faithful-ieee118-20261003t073420z-cc2010-0bf9d6,wu26.faithful,ieee118,solution1,,,feasible,defended=1;scenario=118;window=1034,1.0,,,
wu26.faithful-ieee118-20261003t073420z-cc2010-0bf9d6,wu26.faithful,ieee118,solution1,,,feasible,defended=1;scenario=118;window=1035,1.0,,,
wu26.faithful-ieee118-20261003t073420z-cc2010-0bf9d6,wu26.faithful,ieee118,solution1,,,feasible,defended=1;scenario=118;window=1036,1.0,,,
wu26.faithful-ieee118-20261003t073420z-cc2010-0bf9d6,wu26.faithful,ieee118,solution1,,,feasible,defended=1;scenario=118;window=1037,1.0,,,
wu26.faithful-ieee118-20261003t073420z-cc2010-0bf9d6,wu26.faithful,ieee118,solution1,,,feasible,defended=1;scenario=118;window=1038,0.0,,,
wu26.faithful-ieee118-20261003t073420z-cc2010-0bf9d6,wu26.faithful,ieee118,solution1,,,feasible,defended=1;scenario=118;window=1039,1.0,,,
wu26.faithful-ieee118-20261003t073420z-cc2010-0bf9d6,wu26.faithful,ieee118,solution1,,,feasible,defended=1;scenario=118;window=1040,1.0,,,
wu26.faithful-ieee118-20261003t073420z-cc2010-0bf9d6,wu26.faithful,ieee118,solution1,,,feasible,defended=1;scenario=118;window=1041,1.0,,,
wu26.faithful-ieee118-20261003t073420z-cc2010-0bf9d6,wu26.faithful,ieee118,solution1,,,feasible,defended=1;scenario=118;window=1042,1.0,,,
wu26.faithful-ieee118-20261003t073420z-cc2010-0bf9d6,wu26.faithful,ieee118,solution1,,,feasible,defended=1;scenario=118;window=1043,1.0,,,
wu26.faithful-ieee118-20261003t073420z-cc2010-0bf9d6,wu26.faithful,ieee118,solution1,,,feasible,defended=1;scenario=118;window=1044,1.0,,,
wu26.faithful-ieee118-20261003t073420z-cc2010-0bf9d6,wu26.faithful,ieee118,solution1,,,feasible,defended=1;scenario=118;window=1045,1.0,,,
wu26.faithful-ieee118-20261003t073420z-cc2010-0bf9d6,wu26.faithful,ieee118,solution1,,,feasible,defended=1;scenario=118;window=1046,1.0,,,
wu26.faithful-ieee118-20261003t073420z-cc2010-0bf9d6,wu26.faithful,ieee118,solution1,,,feasible,defended=1;scenario=118;window=1047,1.0,,,
wu26.faithful-ieee118-20261003t073420z-cc2010-0bf9d6,wu26.faithful,ieee118,solution1,,,feasible,defended=1;scenario=118;window=1048,1.0,,,
wu26.faithful-ieee118-20261003t073420z-cc2010-0bf9d6,wu26.faithful,ieee118,solution1,,,feasible,defended=1;scenario=118;window=1049,1.0,,,
wu26.faithful-ieee118-20261003t073420z-cc2010-0bf9d6,wu26.faithful,ieee118,solution1,,,feasible,defended=1;scenario=118;window=1050,0.0,,,
wu26.faithful-ieee118-20261003t073420z-cc2010-0bf9d6,wu26.faithful,ieee118,solution1,,,feasible,defended=1;scenario=118;window=1051,0.0,,,
wu26.faithful-ieee118-20261003t073420z-cc2010-0bf9d6,wu26.faithful,ieee118,solution1,,,feasible,defended=1;scenario=118;window=1052,1.0,,,
wu26.faithful-ieee118-20261003t073420z-cc2010-0bf9d6,wu26.faithful,ieee118,solution1,,,feasible,defended=1;scenario=118;window=1053,1.0,,,
wu26.faithful-ieee118-20261003t073420z-cc2010-0bf9d6,wu26.faithful,ieee118,solution1,,,feasible,defended=1;scenario=118;window=1054,1.0,,,
wu26.faithful-ieee118-20261003t073420z-cc2010-0bf9d6,wu26.faithful,ieee118,solution1,,,feasible,defended=1;scenario=118;window=1055,1.0,,,
wu26.faithful-ieee118-20261003t073420z-cc2010-0bf9d6,wu26.faithful,ieee118,solution1,,,feasible,defended=1;scenario=118;window=1056,1.0,,,
wu26.faithful-ieee118-20261003t073420z-cc2010-0bf9d6,wu26.faithful,ieee118,solution1,,,feasible,defended=1;scenario=118;window=1057,1.0,,,
wu26.faithful-ieee118-20261003t073420z-cc2010-0bf9d6,wu26.faithful,ieee118,solution1,,,feasible,defended=1;scenario=118;window=1058,1.0,,,
wu26.faithful-ieee118-20261003t073420z-cc2010-0bf9d6,wu26.faithful,ieee118,solution1,,,feasible,defended=1;scenario=118;window=1059,1.0,,,
wu26.faithful-ieee118-20261003t073420z-cc2010-0bf9d6,wu26.faithful,ieee118,solution1,,,feasible,defended=1;scenario=118;window=1060,1.0,,,
wu26.faithful-ieee118-20261003t073420z-cc2010-0bf9d6,wu26.faithful,ieee118,solution1,,,feasible,defended=1;scenario=118;window=1061,1.0,,,
wu26.faithful-ieee118-20261003t073420z-cc2010-0bf9d6,wu26.faithful,ieee118,solution1,,,feasible,defended=1;scenario=118;window=1062,1.0,,,
wu26.faithful-ieee118-20261003t073420z-cc2010-0bf9d6,wu26.faithful,ieee118,solution1,,,feasible,defended=1;scenario=118;window=1063,1.0,,,
wu26.faithful-ieee118-20261003t073420z-cc2010-0bf9d6,wu26.faithful,ieee118,solution1,,,feasible,defended=1;scenario=118;window=1064,1.0,,,
wu26.faithful-ieee118-20261003t073420z-cc2010-0bf9d6,wu26.faithful,ieee118,solution1,,,feasible,defended=1;scenario=118;window=1065,1.0,,,
wu26.faithful-ieee118-20261003t073420z-cc2010-0bf9d6,wu26.faithful,ieee118,solution1,,,feasible,defended=1;scenario=118;window=1066,1.0,,,
wu26.faithful-ieee118-20261003t073420z-cc2010-0bf9d6,wu26.faithful,ieee118,solution1,,,feasible,defended=1;scenario=118;window=1067,1.0,,,
wu26.faithful-ieee118-20261003t073420z-cc2010-0bf9d6,wu26.faithful,ieee118,solution1,,,feasible,defended=1;scenario=118;window=1068,1.0,,,
wu26.faithful-ieee118-20261003t073420z-cc2010-0bf9d6,wu26.faithful,ieee118,solution1,,,feasible,defended=1;scenario=118;window=1069,1.0,,,
wu26.faithful-ieee118-20261003t073420z-cc2010-0bf9d6,wu26.faithful,ieee118,solution1,,,feasible,defended=1;scenario=118;window=1070,1.0,,,
wu26.faithful-ieee118-20261003t073420z-cc2010-0bf9d6,wu26.faithful,ieee118,solution1,,,feasible,defended=1;scenario=118;window=1071,1.0,,,
wu26.faithful-ieee118-20261003t073420z-cc2010-0bf9d6,wu26.faithful,ieee118,solution1,,,feasible,defended=1;scenario=118;window=1072,1.0,,,
wu26.faithful-ieee118-20261003t073420z-cc2010-0bf9d6,wu26.faithful,ieee118,solution1,,,feasible,defended=1;scenario=118;window=1073,1.0,,,
wu26.faithful-ieee118-20261003t073420z-cc2010-0bf9d6,wu26.faithful,ieee118,solution1,,,feasible,defended=1;scenario=118;window=1074,1.0,,,
wu26.faithful-ieee118-20261003t073420z-cc2010-0bf9d6,wu26.faithful,ieee118,solution1,,,feasible,defended=1;scenario=118;window=1075,1.0,,,
wu26.faithful-ieee118-20261003t073420z-cc2010-0bf9d6,wu26.faithful,ieee118,solution1,,,feasible,defended=1;scenario=118;window=1076,1.0,,,
wu26.faithful-ieee118-20261003t073420z-cc2010-0bf9d6,wu26.faithful,ieee118,solution1,,,feasible,defended=1;scenario=118;window=1077,1.0,,,
wu26.faithful-ieee118-20261003t073420z-cc2010-0bf9d6,wu26.faithful,ieee118,solution1,,,feasible,defended=1;scenario=118;window=1078,0.0,,,
wu26.faithful-ieee118-20261003t073420z-cc2010-0bf9d6,wu26.faithful,ieee118,solution1,,,feasible,defended=1;scenario=118;window=1079,1.0,,,
wu26.faithful-ieee118-20261003t073420z-cc2010-0bf9d6,wu26.faithful,ieee118,solution1,,,feasible,defended=1;scenario=118;window=1080,1.0,,,
wu26.faithful-ieee118-20261003t073420z-cc2010-0bf9d6,wu26.faithful,ieee118,solution1,,,feasible,defended=1;scenario=118;window=1081,1.0,,,
wu26.faithful-ieee118-20261003t073420z-cc2010-0bf9d6,wu26.faithful,ieee118,solution1,,,feasible,defended=1;scenario=118;window=1082,1.0,,,
wu26.faithful-ieee118-20261003t073420z-cc2010-0bf9d6,wu26.faithful,ieee118,solution1,,,feasible,defended=1;scenario=118;window=1083,1.0,,,
wu26.faithful-ieee118-20261003t073420z-cc2010-0bf9d6,wu26.faithful,ieee118,solution1,,,feasible,defended=1;scenario=118;window=1084,1.0,,,
wu26.faithful-ieee118-20261003t073420z-cc2010-0bf9d6,wu26.faithful,ieee118,solution1,,,feasible,defended=1;scenario=118;window=1085,1.0,,,
wu26.faithful-ieee118-20261003t073420z-cc2010-0bf9d6,wu26.faithful,ieee118,solution1,,,feasible,defended=1;scenario=118;window=1086,1.0,,,
wu26.faithful-ieee118-20261003t073420z-cc2010-0bf9d6,wu26.faithful,ieee118,solution1,,,feasible,defended=1;scenario=118;window=1087,1.0,,,
wu26.faithful-ieee118-20261003t073420z-cc2010-0bf9d6,wu26.faithful,ieee118,solution1,,,feasible,defended=1;scenario=118;window=1088,1.0,,,
wu26.faithful-ieee118-20261003t073420z-cc2010-0bf9d6,wu26.faithful,ieee118,solution1,,,feasible,defended=1;scenario=118;window=1089,1.0,,,
wu26.faithful-ieee118-20261003t073420z-cc2010-0bf9d6,wu26.faithful,ieee118,solution1,,,feasible,defended=1;scenario=118;window=1090,1.0,,,
wu26.faithful-ieee118-20261003t073420z-cc2010-0bf9d6,wu26.faithful,ieee118,solution1,,,feasible,defended=1;scenario=118;window=1091,1.0,,,
wu26.faithful-ieee118-20261003t073420z-cc2010-0bf9d6,wu26.faithful,ieee118,solution1,,,feasible,defended=1;scenario=118;window=1092,1.0,,,
wu26.faithful-ieee118-20261003t073420z-cc2010-0bf9d6,wu26.faithful,ieee118,solution1,,,feasible,defended=1;scenario=118;window=1093,1.0,,,
wu26.faithful-ieee118-20261003t073420z-cc2010-0bf9d6,wu26.faithful,ieee118,solution1,,,feasible,defended=1;scenario=118;window=1094,1.0,,,
wu26.faithful-ieee118-20261003t073420z-cc2010-0bf9d6,wu26.faithful,ieee118,solution1,,,feasible,defended=1;scenario=118;window=1095,1.0,,,
wu26.faithful-ieee118-20261003t073420z-cc2010-0bf9d6,wu26.faithful,ieee118,solution1,,,feasible,defended=1;scenario=118;window=1096,1.0,,,
wu26.faithful-ieee118-20261003t073420z-cc2010-0bf9d6,wu26.faithful,ieee118,solution1,,,feasible,defended=1;scenario=118;window=1097,1.0,,,
wu26.faithful-ieee118-20261003t073420z-cc2010-0bf9d6,wu26.faithful,ieee118,solution1,,,feasible,defended=1;scenario=118;window=1098,1.0,,,
wu26.faithful-ieee118-20261003t073420z-cc2010-0bf9d6,wu26.faithful,ieee118,solution1,,,feasible,defended=1;scenario=118;window=1099,1.0,,,
wu26.faithful-ieee118-20261003t073420z-cc2010-0bf9d6,wu26.faithful,ieee118,solution1,,,seconds,defended=1;scenario=118;window=1000,56.01216268539429,,,
wu26.faithful-ieee118-20261003t073420z-cc2010-0bf9d6,wu26.faithful,ieee118,solution1,,,seconds,defended=1;scenario=118;window=1001,57.08116626739502,,,
wu26.faithful-ieee118-20261003t073420z-cc2010-0bf9d6,wu26.faithful,ieee118,solution1,,,seconds,defended=1;scenario=118;window=1002,57.83568859100342,,,
wu26.faithful-ieee118-20261003t073420z-cc2010-0bf9d6,wu26.faithful,ieee118,solution1,,,seconds,defended=1;scenario=118;window=1003,57.0633487701416,,,
wu26.faithful-ieee118-20261003t073420z-cc2010-0bf9d6,wu26.faithful,ieee118,solution1,,,seconds,defended=1;scenario=118;window=1004,56.56942915916443,,,
wu26.faithful-ieee118-20261003t073420z-cc2010-0bf9d6,wu26.faithful,ieee118,solution1,,,seconds,defended=1;scenario=118;window=1005,58.33909034729004,,,
wu26.faithful-ieee118-20261003t073420z-cc2010-0bf9d6,wu26.faithful,ieee118,solution1,,,seconds,defended=1;scenario=118;window=1006,58.0025794506073,,,
wu26.faithful-ieee118-20261003t073420z-cc2010-0bf9d6,wu26.faithful,ieee118,solution1,,,seconds,defended=1;scenario=118;window=1007,57.61082458496094,,,
wu26.faithful-ieee118-20261003t073420z-cc2010-0bf9d6,wu26.faithful,ieee118,solution1,,,seconds,defended=1;scenario=118;window=1008,58.75446939468384,,,
wu26.faithful-ieee118-20261003t073420z-cc2010-0bf9d6,wu26.faithful,ieee118,solution1,,,seconds,defended=1;scenario=118;window=1009,57.19047474861145,,,
wu26.faithful-ieee118-20261003t073420z-cc2010-0bf9d6,wu26.faithful,ieee118,solution1,,,seconds,defended=1;scenario=118;window=1010,57.993245363235474,,,
wu26.faithful-ieee118-20261003t073420z-cc2010-0bf9d6,wu26.faithful,ieee118,solution1,,,seconds,defended=1;scenario=118;window=1011,55.6226851940155,,,
wu26.faithful-ieee118-20261003t073420z-cc2010-0bf9d6,wu26.faithful,ieee118,solution1,,,seconds,defended=1;scenario=118;window=1012,57.137202501297,,,
wu26.faithful-ieee118-20261003t073420z-cc2010-0bf9d6,wu26.faithful,ieee118,solution1,,,seconds,defended=1;scenario=118;window=1013,55.330116987228394,,,
wu26.faithful-ieee118-20261003t073420z-cc2010-0bf9d6,wu26.faithful,ieee118,solution1,,,seconds,defended=1;scenario=118;window=1014,57.68021631240845,,,
wu26.faithful-ieee118-20261003t073420z-cc2010-0bf9d6,wu26.faithful,ieee118,solution1,,,seconds,defended=1;scenario=118;window=1015,57.999852418899536,,,
wu26.faithful-ieee118-20261003t073420z-cc2010-0bf9d6,wu26.faithful,ieee118,solution1,,,seconds,defended=1;scenario=118;window=1016,57.2345757484436,,,
wu26.faithful-ieee118-20261003t073420z-cc2010-0bf9d6,wu26.faithful,ieee118,solution1,,,seconds,defended=1;scenario=118;window=1017,58.34697341918945,,,
wu26.faithful-ieee118-20261003t073420z-cc2010-0bf9d6,wu26.faithful,ieee118,solution1,,,seconds,defended=1;scenario=118;window=1018,58.59069275856018,,,
wu26.faithful-ieee118-20261003t073420z-cc2010-0bf9d6,wu26.faithful,ieee118,solution1,,,seconds,defended=1;scenario=118;window=1019,56.988073110580444,,,
wu26.faithful-ieee118-20261003t073420z-cc2010-0bf9d6,wu26.faithful,ieee118,solution1,,,seconds,defended=1;scenario=118;window=1020,56.12290167808533,,,
wu26.faithful-ieee118-20261003t073420z-cc2010-0bf9d6,wu26.faithful,ieee118,solution1,,,seconds,defended=1;scenario=118;window=1021,57.996801137924194,,,
wu26.faithful-ieee118-20261003t073420z-cc2010-0bf9d6,wu26.faithful,ieee118,solution1,,,seconds,defended=1;scenario=118;window=1022,56.566906690597534,,,
wu26.faithful-ieee118-20261003t073420z-cc2010-0bf9d6,wu26.faithful,ieee118,solution1,,,seconds,defended=1;scenario=118;window=1023,57.7094452381134,,,
wu26.faithful-ieee118-20261003t073420z-cc2010-0bf9d6,wu26.faithful,ieee118,solution1,,,seconds,defended=1;scenario=118;window=1024,58.22618317604065,,,
wu26.faithful-ieee118-20261003t073420z-cc2010-0bf9d6,wu26.faithful,ieee118,solution1,,,seconds,defended=1;scenario=118;window=1025,58.7163782119751,,,
wu26.faithful-ieee118-20261003t073420z-cc2010-0bf9d6,wu26.faithful,ieee118,solution1,,,seconds,defended=1;scenario=118;window=1026,58.40391540527344,,,
wu26.faithful-ieee118-20261003t073420z-cc2010-0bf9d6,wu26.faithful,ieee118,solution1,,,seconds,defended=1;scenario=118;window=1027,57.47464847564697,,,
wu26.faithful-ieee118-20261003t073420z-cc2010-0bf9d6,wu26.faithful,ieee118,solution1,,,seconds,defended=1;scenario=118;window=1028,57.33266091346741,,,
wu26.faithful-ieee118-20261003t073420z-cc2010-0bf9d6,wu26.faithful,ieee118,solution1,,,seconds,defended=1;scenario=118;window=1029,56.70772981643677,,,
wu26.faithful-ieee118-20261003t073420z-cc2010-0bf9d6,wu26.faithful,ieee118,solution1,,,seconds,defended=1;scenario=118;window=1030,58.35490417480469,,,
wu26.faithful-ieee118-20261003t073420z-cc2010-0bf9d6,wu26.faithful,ieee118,solution1,,,seconds,defended=1;scenario=118;window=1031,58.420055627822876,,,
wu26.faithful-ieee118-20261003t073420z-cc2010-0bf9d6,wu26.faithful,ieee118,solution1,,,seconds,defended=1;scenario=118;window=1032,57.77686619758606,,,
wu26.faithful-ieee118-20261003t073420z-cc2010-0bf9d6,wu26.faithful,ieee118,solution1,,,seconds,defended=1;scenario=118;window=1033,58.36750674247742,,,
wu26.faithful-ieee118-20261003t073420z-cc2010-0bf9d6,wu26.faithful,ieee118,solution1,,,seconds,defended=1;scenario=118;window=1034,58.567174196243286,,,
wu26.faithful-ieee118-20261003t073420z-cc2010-0bf9d6,wu26.faithful,ieee118,solution1,,,seconds,defended=1;scenario=118;window=1035,59.29190540313721,,,
wu26.faithful-ieee118-20261003t073420z-cc2010-0bf9d6,wu26.faithful,ieee118,solution1,,,seconds,defended=1;scenario=118;window=1036,58.63055896759033,,,
wu26.faithful-ieee118-20261003t073420z-cc2010-0bf9d6,wu26.faithful,ieee118,solution1,,,seconds,defended=1;scenario=118;window=1037,58.34443783760071,,,
wu26.faithful-ieee118-20261003t073420z-cc2010-0bf9d6,wu26.faithful,ieee118,solution1,,,seconds,defended=1;scenario=118;window=1038,59.33668041229248,,,
wu26.faithful-ieee118-20261003t073420z-cc2010-0bf9d6,wu26.faithful,ieee118,solution1,,,seconds,defended=1;scenario=118;window=1039,58.09804844856262,,,
wu26.faithful-ieee118-20261003t073420z-cc2010-0bf9d6,wu26.faithful,ieee118,solution1,,,seconds,defended=1;scenario=118;window=1040,56.71242713928223,,,
wu26.faithful-ieee118-20261003t073420z-cc2010-0bf9d6,wu26.faithful,ieee118,solution1,,,seconds,defended=1;scenario=118;window=1041,57.60788178443909,,,
wu26.faithful-ieee118-20261003t073420z-cc2010-0bf9d6,wu26.faithful,ieee118,solution1,,,seconds,defended=1;scenario=118;window=1042,56.84096908569336,,,
wu26.faithful-ieee118-20261003t073420z-cc2010-0bf9d6,wu26.faithful,ieee118,solution1,,,seconds,defended=1;scenario=118;window=1043,60.40708518028259,,,
wu26.faithful-ieee118-20261003t073420z-cc2010-0bf9d6,wu26.faithful,ieee118,solution1,,,seconds,defended=1;scenario=118;window=1044,57.0831184387207,,,
wu26.faithful-ieee118-20261003t073420z-cc2010-0bf9d6,wu26.faithful,ieee118,solution1,,,seconds,defended=1;scenario=118;window=1045,59.14207220077515,,,
wu26.faithful-ieee118-20261003t073420z-cc2010-0bf9d6,wu26.faithful,ieee118,solution1,,,seconds,defended=1;scenario=118;window=1046,59.197901248931885,,,
wu26.faithful-ieee118-20261003t073420z-cc2010-0bf9d6,wu26.faithful,ieee118,solution1,,,seconds,defended=1;scenario=118;window=1047,58.27897906303406,,,
wu26.faithful-ieee118-20261003t073420z-cc2010-0bf9d6,wu26.faithful,ieee118,solution1,,,seconds,defended=1;scenario=118;window=1048,57.98224186897278,,,
wu26.faithful-ieee118-20261003t073420z-cc2010-0bf9d6,wu26.faithful,ieee118,solution1,,,seconds,defended=1;scenario=118;window=1049,58.927672147750854,,,
wu26.faithful-ieee118-20261003t073420z-cc2010-0bf9d6,wu26.faithful,ieee118,solution1,,,seconds,defended=1;scenario=118;window=1050,58.38947534561157,,,
wu26.faithful-ieee118-20261003t073420z-cc2010-0bf9d6,wu26.faithful,ieee118,solution1,,,seconds,defended=1;scenario=118;window=1051,56.600900173187256,,,
wu26.faithful-ieee118-20261003t073420z-cc2010-0bf9d6,wu26.faithful,ieee118,solution1,,,seconds,defended=1;scenario=118;window=1052,58.33663272857666,,,
wu26.faithful-ieee118-20261003t073420z-cc2010-0bf9d6,wu26.faithful,ieee118,solution1,,,seconds,defended=1;scenario=118;window=1053,54.524052143096924,,,
wu26.faithful-ieee118-20261003t073420z-cc2010-0bf9d6,wu26.faithful,ieee118,solution1,,,seconds,defended=1;scenario=118;window=1054,57.768829584121704,,,
wu26.faithful-ieee118-20261003t073420z-cc2010-0bf9d6,wu26.faithful,ieee118,solution1,,,seconds,defended=1;scenario=118;window=1055,57.17456412315369,,,
wu26.faithful-ieee118-20261003t073420z-cc2010-0bf9d6,wu26.faithful,ieee118,solution1,,,seconds,defended=1;scenario=118;window=1056,57.35456895828247,,,
wu26.faithful-ieee118-20261003t073420z-cc2010-0bf9d6,wu26.faithful,ieee118,solution1,,,seconds,defended=1;scenario=118;window=1057,57.98815083503723,,,
wu26.faithful-ieee118-20261003t073420z-cc2010-0bf9d6,wu26.faithful,ieee118,solution1,,,seconds,defended=1;scenario=118;window=1058,57.79821991920471,,,
wu26.faithful-ieee118-20261003t073420z-cc2010-0bf9d6,wu26.faithful,ieee118,solution1,,,seconds,defended=1;scenario=118;window=1059,55.66428756713867,,,
wu26.faithful-ieee118-20261003t073420z-cc2010-0bf9d6,wu26.faithful,ieee118,solution1,,,seconds,defended=1;scenario=118;window=1060,57.18732023239136,,,
wu26.faithful-ieee118-20261003t073420z-cc2010-0bf9d6,wu26.faithful,ieee118,solution1,,,seconds,defended=1;scenario=118;window=1061,56.51726484298706,,,
wu26.faithful-ieee118-20261003t073420z-cc2010-0bf9d6,wu26.faithful,ieee118,solution1,,,seconds,defended=1;scenario=118;window=1062,53.99383878707886,,,
wu26.faithful-ieee118-20261003t073420z-cc2010-0bf9d6,wu26.faithful,ieee118,solution1,,,seconds,defended=1;scenario=118;window=1063,55.91365933418274,,,
wu26.faithful-ieee118-20261003t073420z-cc2010-0bf9d6,wu26.faithful,ieee118,solution1,,,seconds,defended=1;scenario=118;window=1064,56.405109167099,,,
wu26.faithful-ieee118-20261003t073420z-cc2010-0bf9d6,wu26.faithful,ieee118,solution1,,,seconds,defended=1;scenario=118;window=1065,56.445573806762695,,,
wu26.faithful-ieee118-20261003t073420z-cc2010-0bf9d6,wu26.faithful,ieee118,solution1,,,seconds,defended=1;scenario=118;window=1066,56.997095823287964,,,
wu26.faithful-ieee118-20261003t073420z-cc2010-0bf9d6,wu26.faithful,ieee118,solution1,,,seconds,defended=1;scenario=118;window=1067,56.35691809654236,,,
wu26.faithful-ieee118-20261003t073420z-cc2010-0bf9d6,wu26.faithful,ieee118,solution1,,,seconds,defended=1;scenario=118;window=1068,58.112462282180786,,,
wu26.faithful-ieee118-20261003t073420z-cc2010-0bf9d6,wu26.faithful,ieee118,solution1,,,seconds,defended=1;scenario=118;window=1069,57.110729694366455,,,
wu26.faithful-ieee118-20261003t073420z-cc2010-0bf9d6,wu26.faithful,ieee118,solution1,,,seconds,defended=1;scenario=118;window=1070,56.354867935180664,,,
wu26.faithful-ieee118-20261003t073420z-cc2010-0bf9d6,wu26.faithful,ieee118,solution1,,,seconds,defended=1;scenario=118;window=1071,56.13560652732849,,,
wu26.faithful-ieee118-20261003t073420z-cc2010-0bf9d6,wu26.faithful,ieee118,solution1,,,seconds,defended=1;scenario=118;window=1072,55.41190004348755,,,
wu26.faithful-ieee118-20261003t073420z-cc2010-0bf9d6,wu26.faithful,ieee118,solution1,,,seconds,defended=1;scenario=118;window=1073,57.32964038848877,,,
wu26.faithful-ieee118-20261003t073420z-cc2010-0bf9d6,wu26.faithful,ieee118,solution1,,,seconds,defended=1;scenario=118;window=1074,56.507863998413086,,,
wu26.faithful-ieee118-20261003t073420z-cc2010-0bf9d6,wu26.faithful,ieee118,solution1,,,seconds,defended=1;scenario=118;window=1075,56.707115173339844,,,
wu26.faithful-ieee118-20261003t073420z-cc2010-0bf9d6,wu26.faithful,ieee118,solution1,,,seconds,defended=1;scenario=118;window=1076,57.84675359725952,,,
wu26.faithful-ieee118-20261003t073420z-cc2010-0bf9d6,wu26.faithful,ieee118,solution1,,,seconds,defended=1;scenario=118;window=1077,55.756757736206055,,,
wu26.faithful-ieee118-20261003t073420z-cc2010-0bf9d6,wu26.faithful,ieee118,solution1,,,seconds,defended=1;scenario=118;window=1078,56.38480830192566,,,
wu26.faithful-ieee118-20261003t073420z-cc2010-0bf9d6,wu26.faithful,ieee118,solution1,,,seconds,defended=1;scenario=118;window=1079,55.56908059120178,,,
wu26.faithful-ieee118-20261003t073420z-cc2010-0bf9d6,wu26.faithful,ieee118,solution1,,,seconds,defended=1;scenario=118;window=1080,58.37709617614746,,,
wu26.faithful-ieee118-20261003t073420z-cc2010-0bf9d6,wu26.faithful,ieee118,solution1,,,seconds,defended=1;scenario=118;window=1081,56.1424400806427,,,
wu26.faithful-ieee118-20261003t073420z-cc2010-0bf9d6,wu26.faithful,ieee118,solution1,,,seconds,defended=1;scenario=118;window=1082,56.10682654380798,,,
wu26.faithful-ieee118-20261003t073420z-cc2010-0bf9d6,wu26.faithful,ieee118,solution1,,,seconds,defended=1;scenario=118;window=1083,56.78020524978638,,,
wu26.faithful-ieee118-20261003t073420z-cc2010-0bf9d6,wu26.faithful,ieee118,solution1,,,seconds,defended=1;scenario=118;window=1084,58.26565909385681,,,
wu26.faithful-ieee118-20261003t073420z-cc2010-0bf9d6,wu26.faithful,ieee118,solution1,,,seconds,defended=1;scenario=118;window=1085,56.996312856674194,,,
wu26.faithful-ieee118-20261003t073420z-cc2010-0bf9d6,wu26.faithful,ieee118,solution1,,,seconds,defended=1;scenario=118;window=1086,57.24134302139282,,,
wu26.faithful-ieee118-20261003t073420z-cc2010-0bf9d6,wu26.faithful,ieee118,solution1,,,seconds,defended=1;scenario=118;window=1087,57.11261010169983,,,
wu26.faithful-ieee118-20261003t073420z-cc2010-0bf9d6,wu26.faithful,ieee118,solution1,,,seconds,defended=1;scenario=118;window=1088,57.39991807937622,,,
wu26.faithful-ieee118-20261003t073420z-cc2010-0bf9d6,wu26.faithful,ieee118,solution1,,,seconds,defended=1;scenario=118;window=1089,57.06911587715149,,,
wu26.faithful-ieee118-20261003t073420z-cc2010-0bf9d6,wu26.faithful,ieee118,solution1,,,seconds,defended=1;scenario=118;window=1090,57.301499128341675,,,
wu26.faithful-ieee118-20261003t073420z-cc2010-0bf9d6,wu26.faithful,ieee118,solution1,,,seconds,defended=1;scenario=118;window=1091,57.022409439086914,,,
wu26.faithful-ieee118-20261003t073420z-cc2010-0bf9d6,wu26.faithful,ieee118,solution1,,,seconds,defended=1;scenario=118;window=1092,57.89050054550171,,,
wu26.faithful-ieee118-20261003t073420z-cc2010-0bf9d6,wu26.faithful,ieee118,solution1,,,seconds,defended=1;scenario=118;window=1093,58.472811460494995,,,
wu26.faithful-ieee118-20261003t073420z-cc2010-0bf9d6,wu26.faithful,ieee118,solution1,,,seconds,defended=1;scenario=118;window=1094,58.86093258857727,,,
wu26.faithful-ieee118-20261003t073420z-cc2010-0bf9d6,wu26.faithful,ieee118,solution1,,,seconds,defended=1;scenario=118;window=1095,57.417531967163086,,,
wu26.faithful-ieee118-20261003t073420z-cc2010-0bf9d6,wu26.faithful,ieee118,solution1,,,seconds,defended=1;scenario=118;window=1096,56.365211725234985,,,
wu26.faithful-ieee118-20261003t073420z-cc2010-0bf9d6,wu26.faithful,ieee118,solution1,,,seconds,defended=1;scenario=118;window=1097,56.87284779548645,,,
wu26.faithful-ieee118-20261003t073420z-cc2010-0bf9d6,wu26.faithful,ieee118,solution1,,,seconds,defended=1;scenario=118;window=1098,57.87097668647766,,,
wu26.faithful-ieee118-20261003t073420z-cc2010-0bf9d6,wu26.faithful,ieee118,solution1,,,seconds,defended=1;scenario=118;window=1099,56.911919832229614,,,
wu26.faithful-ieee118-20261003t073420z-cc2010-0bf9d6,wu26.faithful,ieee118,solution1,,,trusted_pmu,scenario=118;step=1,110.0,,,
wu26.faithful-ieee118-20261003t073420z-cc2010-0bf9d6,wu26.faithful,ieee118,solution1,,,trusted_pmu,scenario=118;step=10,83.0,,,
wu26.faithful-ieee118-20261003t073420z-cc2010-0bf9d6,wu26.faithful,ieee118,solution1,,,trusted_pmu,scenario=118;step=2,105.0,,,
wu26.faithful-ieee118-20261003t073420z-cc2010-0bf9d6,wu26.faithful,ieee118,solution1,,,trusted_pmu,scenario=118;step=3,106.0,,,
wu26.faithful-ieee118-20261003t073420z-cc2010-0bf9d6,wu26.faithful,ieee118,solution1,,,trusted_pmu,scenario=118;step=4,100.0,,,
wu26.faithful-ieee118-20261003t073420z-cc2010-0bf9d6,wu26.faithful,ieee118,solution1,,,trusted_pmu,scenario=118;step=5,80.0,,,
wu26.faithful-ieee118-20261003t073420z-cc2010-0bf9d6,wu26.faithful,ieee118,solution1,,,trusted_pmu,scenario=118;step=6,78.0,,,
wu26.faithful-ieee118-20261003t073420z-cc2010-0bf9d6,wu26.faithful,ieee118,solution1,,,trusted_pmu,scenario=118;step=7,94.0,,,
wu26.faithful-ieee118-20261003t073420z-cc2010-0bf9d6,wu26.faithful,ieee118,solution1,,,trusted_pmu,scenario=118;step=8,92.0,,,
wu26.faithful-ieee118-20261003t073420z-cc2010-0bf9d6,wu26.faithful,ieee118,solution1,,,trusted_pmu,scenario=118;step=9,89.0,,,
wu26.faithful-ieee14-20261003t073730z-d5c927-7c491d,wu26.faithful,ieee14,,,,channels,defended=0;scenario=14-1;window=1000,51.0,,,
wu26.faithful-ieee14-20261003t073730z-d5c927-7c491d,wu26.faithful,ieee14,,,,channels,defended=0;scenario=14-1;window=1001,53.0,,,
wu26.faithful-ieee14-20261003t073730z-d5c927-7c491d,wu26.faithful,ieee14,,,,channels,defended=0;scenario=14-1;window=1002,53.0,,,
wu26.faithful-ieee14-20261003t073730z-d5c927-7c491d,wu26.faithful,ieee14,,,,channels,defended=0;scenario=14-1;window=1003,51.0,,,
wu26.faithful-ieee14-20261003t073730z-d5c927-7c491d,wu26.faithful,ieee14,,,,channels,defended=0;scenario=14-1;window=1004,54.0,,,
wu26.faithful-ieee14-20261003t073730z-d5c927-7c491d,wu26.faithful,ieee14,,,,channels,defended=0;scenario=14-1;window=1005,51.0,,,
wu26.faithful-ieee14-20261003t073730z-d5c927-7c491d,wu26.faithful,ieee14,,,,channels,defended=0;scenario=14-1;window=1006,52.0,,,
wu26.faithful-ieee14-20261003t073730z-d5c927-7c491d,wu26.faithful,ieee14,,,,channels,defended=0;scenario=14-1;window=1007,52.0,,,
wu26.faithful-ieee14-20261003t073730z-d5c927-7c491d,wu26.faithful,ieee14,,,,channels,defended=0;scenario=14-1;window=1008,52.0,,,
wu26.faithful-ieee14-20261003t073730z-d5c927-7c491d,wu26.faithful,ieee14,,,,channels,defended=0;scenario=14-1;window=1009,52.0,,,
wu26.faithful-ieee14-20261003t073730z-d5c927-7c491d,wu26.faithful,ieee14,,,,channels,defended=0;scenario=14-1;window=1010,49.0,,,
wu26.faithful-ieee14-20261003t073730z-d5c927-7c491d,wu26.faithful,ieee14,,,,channels,defended=0;scenario=14-1;window=1011,51.0,,,
wu26.faithful-ieee14-20261003t073730z-d5c927-7c491d,wu26.faithful,ieee14,,,,channels,defended=0;scenario=14-1;window=1012,51.0,,,
wu26.faithful-ieee14-20261003t073730z-d5c927-7c491d,wu26.faithful,ieee14,,,,channels,defended=0;scenario=14-1;window=1013,52.0,,,
wu26.faithful-ieee14-20261003t073730z-d5c927-7c491d,wu26.faithful,ieee14,,,,channels,defended=0;scenario=14-1;window=1014,52.0,,,
wu26.faithful-ieee14-20261003t073730z-d5c927-7c491d,wu26.faithful,ieee14,,,,channels,defended=0;scenario=14-1;window=1015,52.0,,,
wu26.faithful-ieee14-20261003t073730z-d5c927-7c491d,wu26.faithful,ieee14,,,,channels,defended=0;scenario=14-1;window=1016,53.0,,,
wu26.faithful-ieee14-20261003t073730z-d5c927-7c491d,wu26.faithful,ieee14,,,,channels,defended=0;scenario=14-1;window=1017,52.0,,,
wu26.faithful-ieee14-20261003t073730z-d5c927-7c491d,wu26.faithful,ieee14,,,,channels,defended=0;scenario=14-1;window=1018,52.0,,,
wu26.faithful-ieee14-20261003t073730z-d5c927-7c491d,wu26.faithful,ieee14,,,,channels,defended=0;scenario=14-1;window=1019,52.0,,,
wu26.faithful-ieee14-20261003t073730z-d5c927-7c491d,wu26.faithful,ieee14,,,,devices,defended=0;scenario=14-1;window=1000,10.0,,,
wu26.faithful-ieee14-20261003t073730z-d5c927-7c491d,wu26.faithful,ieee14,,,,devices,defended=0;scenario=14-1;window=1001,10.0,,,
wu26.faithful-ieee14-20261003t073730z-d5c927-7c491d,wu26.faithful,ieee14,,,,devices,defended=0;scenario=14-1;window=1002,10.0,,,
wu26.faithful-ieee14-20261003t073730z-d5c927-7c491d,wu26.faithful,ieee14,,,,devices,defended=0;scenario=14-1;window=1003,10.0,,,
wu26.faithful-ieee14-20261003t073730z-d5c927-7c491d,wu26.faithful,ieee14,,,,devices,defended=0;scenario=14-1;window=1004,10.0,,,
wu26.faithful-ieee14-20261003t073730z-d5c927-7c491d,wu26.faithful,ieee14,,,,devices,defended=0;scenario=14-1;window=1005,10.0,,,
wu26.faithful-ieee14-20261003t073730z-d5c927-7c491d,wu26.faithful,ieee14,,,,devices,defended=0;scenario=14-1;window=1006,10.0,,,
wu26.faithful-ieee14-20261003t073730z-d5c927-7c491d,wu26.faithful,ieee14,,,,devices,defended=0;scenario=14-1;window=1007,10.0,,,
wu26.faithful-ieee14-20261003t073730z-d5c927-7c491d,wu26.faithful,ieee14,,,,devices,defended=0;scenario=14-1;window=1008,10.0,,,
wu26.faithful-ieee14-20261003t073730z-d5c927-7c491d,wu26.faithful,ieee14,,,,devices,defended=0;scenario=14-1;window=1009,10.0,,,
wu26.faithful-ieee14-20261003t073730z-d5c927-7c491d,wu26.faithful,ieee14,,,,devices,defended=0;scenario=14-1;window=1010,10.0,,,
wu26.faithful-ieee14-20261003t073730z-d5c927-7c491d,wu26.faithful,ieee14,,,,devices,defended=0;scenario=14-1;window=1011,10.0,,,
wu26.faithful-ieee14-20261003t073730z-d5c927-7c491d,wu26.faithful,ieee14,,,,devices,defended=0;scenario=14-1;window=1012,10.0,,,
wu26.faithful-ieee14-20261003t073730z-d5c927-7c491d,wu26.faithful,ieee14,,,,devices,defended=0;scenario=14-1;window=1013,10.0,,,
wu26.faithful-ieee14-20261003t073730z-d5c927-7c491d,wu26.faithful,ieee14,,,,devices,defended=0;scenario=14-1;window=1014,10.0,,,
wu26.faithful-ieee14-20261003t073730z-d5c927-7c491d,wu26.faithful,ieee14,,,,devices,defended=0;scenario=14-1;window=1015,10.0,,,
wu26.faithful-ieee14-20261003t073730z-d5c927-7c491d,wu26.faithful,ieee14,,,,devices,defended=0;scenario=14-1;window=1016,10.0,,,
wu26.faithful-ieee14-20261003t073730z-d5c927-7c491d,wu26.faithful,ieee14,,,,devices,defended=0;scenario=14-1;window=1017,10.0,,,
wu26.faithful-ieee14-20261003t073730z-d5c927-7c491d,wu26.faithful,ieee14,,,,devices,defended=0;scenario=14-1;window=1018,10.0,,,
wu26.faithful-ieee14-20261003t073730z-d5c927-7c491d,wu26.faithful,ieee14,,,,devices,defended=0;scenario=14-1;window=1019,10.0,,,
wu26.faithful-ieee14-20261003t073730z-d5c927-7c491d,wu26.faithful,ieee14,,,,feasible,defended=0;scenario=14-1;window=1000,1.0,,,
wu26.faithful-ieee14-20261003t073730z-d5c927-7c491d,wu26.faithful,ieee14,,,,feasible,defended=0;scenario=14-1;window=1001,1.0,,,
wu26.faithful-ieee14-20261003t073730z-d5c927-7c491d,wu26.faithful,ieee14,,,,feasible,defended=0;scenario=14-1;window=1002,1.0,,,
wu26.faithful-ieee14-20261003t073730z-d5c927-7c491d,wu26.faithful,ieee14,,,,feasible,defended=0;scenario=14-1;window=1003,1.0,,,
wu26.faithful-ieee14-20261003t073730z-d5c927-7c491d,wu26.faithful,ieee14,,,,feasible,defended=0;scenario=14-1;window=1004,1.0,,,
wu26.faithful-ieee14-20261003t073730z-d5c927-7c491d,wu26.faithful,ieee14,,,,feasible,defended=0;scenario=14-1;window=1005,1.0,,,
wu26.faithful-ieee14-20261003t073730z-d5c927-7c491d,wu26.faithful,ieee14,,,,feasible,defended=0;scenario=14-1;window=1006,1.0,,,
wu26.faithful-ieee14-20261003t073730z-d5c927-7c491d,wu26.faithful,ieee14,,,,feasible,defended=0;scenario=14-1;window=1007,1.0,,,
wu26.faithful-ieee14-20261003t073730z-d5c927-7c491d,wu26.faithful,ieee14,,,,feasible,defended=0;scenario=14-1;window=1008,1.0,,,
wu26.faithful-ieee14-20261003t073730z-d5c927-7c491d,wu26.faithful,ieee14,,,,feasible,defended=0;scenario=14-1;window=1009,1.0,,,
wu26.faithful-ieee14-20261003t073730z-d5c927-7c491d,wu26.faithful,ieee14,,,,feasible,defended=0;scenario=14-1;window=1010,1.0,,,
wu26.faithful-ieee14-20261003t073730z-d5c927-7c491d,wu26.faithful,ieee14,,,,feasible,defended=0;scenario=14-1;window=1011,1.0,,,
wu26.faithful-ieee14-20261003t073730z-d5c927-7c491d,wu26.faithful,ieee14,,,,feasible,defended=0;scenario=14-1;window=1012,1.0,,,
wu26.faithful-ieee14-20261003t073730z-d5c927-7c491d,wu26.faithful,ieee14,,,,feasible,defended=0;scenario=14-1;window=1013,1.0,,,
wu26.faithful-ieee14-20261003t073730z-d5c927-7c491d,wu26.faithful,ieee14,,,,feasible,defended=0;scenario=14-1;window=1014,1.0,,,
wu26.faithful-ieee14-20261003t073730z-d5c927-7c491d,wu26.faithful,ieee14,,,,feasible,defended=0;scenario=14-1;window=1015,1.0,,,
wu26.faithful-ieee14-20261003t073730z-d5c927-7c491d,wu26.faithful,ieee14,,,,feasible,defended=0;scenario=14-1;window=1016,1.0,,,
wu26.faithful-ieee14-20261003t073730z-d5c927-7c491d,wu26.faithful,ieee14,,,,feasible,defended=0;scenario=14-1;window=1017,1.0,,,
wu26.faithful-ieee14-20261003t073730z-d5c927-7c491d,wu26.faithful,ieee14,,,,feasible,defended=0;scenario=14-1;window=1018,1.0,,,
wu26.faithful-ieee14-20261003t073730z-d5c927-7c491d,wu26.faithful,ieee14,,,,feasible,defended=0;scenario=14-1;window=1019,1.0,,,
wu26.faithful-ieee14-20261003t073730z-d5c927-7c491d,wu26.faithful,ieee14,,,,jaccard_pmu,defended=0;scenario=14-1;window=1000,0.6666666666666666,,,
wu26.faithful-ieee14-20261003t073730z-d5c927-7c491d,wu26.faithful,ieee14,,,,jaccard_pmu,defended=0;scenario=14-1;window=1001,0.6666666666666666,,,
wu26.faithful-ieee14-20261003t073730z-d5c927-7c491d,wu26.faithful,ieee14,,,,jaccard_pmu,defended=0;scenario=14-1;window=1002,0.6666666666666666,,,
wu26.faithful-ieee14-20261003t073730z-d5c927-7c491d,wu26.faithful,ieee14,,,,jaccard_pmu,defended=0;scenario=14-1;window=1003,0.6666666666666666,,,
wu26.faithful-ieee14-20261003t073730z-d5c927-7c491d,wu26.faithful,ieee14,,,,jaccard_pmu,defended=0;scenario=14-1;window=1004,0.6666666666666666,,,
wu26.faithful-ieee14-20261003t073730z-d5c927-7c491d,wu26.faithful,ieee14,,,,jaccard_pmu,defended=0;scenario=14-1;window=1005,0.6666666666666666,,,
wu26.faithful-ieee14-20261003t073730z-d5c927-7c491d,wu26.faithful,ieee14,,,,jaccard_pmu,defended=0;scenario=14-1;window=1006,0.6666666666666666,,,
wu26.faithful-ieee14-20261003t073730z-d5c927-7c491d,wu26.faithful,ieee14,,,,jaccard_pmu,defended=0;scenario=14-1;window=1007,0.6666666666666666,,,
wu26.faithful-ieee14-20261003t073730z-d5c927-7c491d,wu26.faithful,ieee14,,,,jaccard_pmu,defended=0;scenario=14-1;window=1008,0.6666666666666666,,,
wu26.faithful-ieee14-20261003t073730z-d5c927-7c491d,wu26.faithful,ieee14,,,,jaccard_pmu,defended=0;scenario=14-1;window=1009,0.6666666666666666,,,
wu26.faithful-ieee14-20261003t073730z-d5c927-7c491d,wu26.faithful,ieee14,,,,jaccard_pmu,defended=0;scenario=14-1;window=1010,0.6666666666666666,,,
wu26.faithful-ieee14-20261003t073730z-d5c927-7c491d,wu26.faithful,ieee14,,,,jaccard_pmu,defended=0;scenario=14-1;window=1011,0.6666666666666666,,,
wu26.faithful-ieee14-20261003t073730z-d5c927-7c491d,wu26.faithful,ieee14,,,,jaccard_pmu,defended=0;scenario=14-1;window=1012,0.6666666666666666,,,
wu26.faithful-ieee14-20261003t073730z-d5c927-7c491d,wu26.faithful,ieee14,,,,jaccard_pmu,defended=0;scenario=14-1;window=1013,0.6666666666666666,,,
wu26.faithful-ieee14-20261003t073730z-d5c927-7c491d,wu26.faithful,ieee14,,,,jaccard_pmu,defended=0;scenario=14-1;window=1014,0.6666666666666666,,,
wu26.faithful-ieee14-20261003t073730z-d5c927-7c491d,wu26.faithful,ieee14,,,,jaccard_pmu,defended=0;scenario=14-1;window=1015,0.6666666666666666,,,
wu26.faithful-ieee14-20261003t073730z-d5c927-7c491d,wu26.faithful,ieee14,,,,jaccard_pmu,defended=0;scenario=14-1;window=1016,0.6666666666666666,,,
wu26.faithful-ieee14-20261003t073730z-d5c927-7c491d,wu26.faithful,ieee14,,,,jaccard_pmu,defended=0;scenario=14-1;window=1017,0.6666666666666666,,,
wu26.faithful-ieee14-20261003t073730z-d5c927-7c491d,wu26.faithful,ieee14,,,,jaccard_pmu,defended=0;scenario=14-1;window=1018,0.6666666666666666,,,
wu26.faithful-ieee14-20261003t073730z-d5c927-7c491d,wu26.faithful,ieee14,,,,jaccard_pmu,defended=0;scenario=14-1;window=1019,0.6666666666666666,,,
wu26.faithful-ieee14-20261003t073730z-d5c927-7c491d,wu26.faithful,ieee14,,,,jaccard_scada,defended=0;scenario=14-1;window=1000,0.7142857142857143,,,
wu26.faithful-ieee14-20261003t073730z-d5c927-7c491d,wu26.faithful,ieee14,,,,jaccard_scada,defended=0;scenario=14-1;window=1001,0.7142857142857143,,,
wu26.faithful-ieee14-20261003t073730z-d5c927-7c491d,wu26.faithful,ieee14,,,,jaccard_scada,defended=0;scenario=14-1;window=1002,0.7142857142857143,,,
wu26.faithful-ieee14-20261003t073730z-d5c927-7c491d,wu26.faithful,ieee14,,,,jaccard_scada,defended=0;scenario=14-1;window=1003,0.7142857142857143,,,
wu26.faithful-ieee14-20261003t073730z-d5c927-7c491d,wu26.faithful,ieee14,,,,jaccard_scada,defended=0;scenario=14-1;window=1004,0.7142857142857143,,,
wu26.faithful-ieee14-20261003t073730z-d5c927-7c491d,wu26.faithful,ieee14,,,,jaccard_scada,defended=0;scenario=14-1;window=1005,0.7142857142857143,,,
wu26.faithful-ieee14-20261003t073730z-d5c927-7c491d,wu26.faithful,ieee14,,,,jaccard_scada,defended=0;scenario=14-1;window=1006,0.7142857142857143,,,
wu26.faithful-ieee14-20261003t073730z-d5c927-7c491d,wu26.faithful,ieee14,,,,jaccard_scada,defended=0;scenario=14-1;window=1007,0.7142857142857143,,,
wu26.faithful-ieee14-20261003t073730z-d5c927-7c491d,wu26.faithful,ieee14,,,,jaccard_scada,defended=0;scenario=14-1;window=1008,0.7142857142857143,,,
wu26.faithful-ieee14-20261003t073730z-d5c927-7c491d,wu26.faithful,ieee14,,,,jaccard_scada,defended=0;scenario=14-1;window=1009,0.7142857142857143,,,
wu26.faithful-ieee14-20261003t073730z-d5c927-7c491d,wu26.faithful,ieee14,,,,jaccard_scada,defended=0;scenario=14-1;window=1010,0.7142857142857143,,,
wu26.faithful-ieee14-20261003t073730z-d5c927-7c491d,wu26.faithful,ieee14,,,,jaccard_scada,defended=0;scenario=14-1;window=1011,0.7142857142857143,,,
wu26.faithful-ieee14-20261003t073730z-d5c927-7c491d,wu26.faithful,ieee14,,,,jaccard_scada,defended=0;scenario=14-1;window=1012,0.7142857142857143,,,
wu26.faithful-ieee14-20261003t073730z-d5c927-7c491d,wu26.faithful,ieee14,,,,jaccard_scada,defended=0;scenario=14-1;window=1013,0.7142857142857143,,,
wu26.faithful-ieee14-20261003t073730z-d5c927-7c491d,wu26.faithful,ieee14,,,,jaccard_scada,defended=0;scenario=14-1;window=1014,0.7142857142857143,,,
wu26.faithful-ieee14-20261003t073730z-d5c927-7c491d,wu26.faithful,ieee14,,,,jaccard_scada,defended=0;scenario=14-1;window=1015,0.7142857142857143,,,
wu26.faithful-ieee14-20261003t073730z-d5c927-7c491d,wu26.faithful,ieee14,,,,jaccard_scada,defended=0;scenario=14-1;window=1016,0.7142857142857143,,,
wu26.faithful-ieee14-20261003t073730z-d5c927-7c491d,wu26.faithful,ieee14,,,,jaccard_scada,defended=0;scenario=14-1;window=1017,0.7142857142857143,,,
wu26.faithful-ieee14-20261003t073730z-d5c927-7c491d,wu26.faithful,ieee14,,,,jaccard_scada,defended=0;scenario=14-1;window=1018,0.7142857142857143,,,
wu26.faithful-ieee14-20261003t073730z-d5c927-7c491d,wu26.faithful,ieee14,,,,jaccard_scada,defended=0;scenario=14-1;window=1019,0.7142857142857143,,,
wu26.faithful-ieee14-20261003t073730z-d5c927-7c491d,wu26.faithful,ieee14,,,,max_change_pu,defended=0;scenario=14-1;window=1000,0.20920894428466186,,,
wu26.faithful-ieee14-20261003t073730z-d5c927-7c491d,wu26.faithful,ieee14,,,,max_change_pu,defended=0;scenario=14-1;window=1001,0.21569044133835213,,,
wu26.faithful-ieee14-20261003t073730z-d5c927-7c491d,wu26.faithful,ieee14,,,,max_change_pu,defended=0;scenario=14-1;window=1002,0.21853171740600041,,,
wu26.faithful-ieee14-20261003t073730z-d5c927-7c491d,wu26.faithful,ieee14,,,,max_change_pu,defended=0;scenario=14-1;window=1003,0.20896214627681065,,,
wu26.faithful-ieee14-20261003t073730z-d5c927-7c491d,wu26.faithful,ieee14,,,,max_change_pu,defended=0;scenario=14-1;window=1004,0.20040764898849173,,,
wu26.faithful-ieee14-20261003t073730z-d5c927-7c491d,wu26.faithful,ieee14,,,,max_change_pu,defended=0;scenario=14-1;window=1005,0.2115434982471157,,,
wu26.faithful-ieee14-20261003t073730z-d5c927-7c491d,wu26.faithful,ieee14,,,,max_change_pu,defended=0;scenario=14-1;window=1006,0.20958449792656042,,,
wu26.faithful-ieee14-20261003t073730z-d5c927-7c491d,wu26.faithful,ieee14,,,,max_change_pu,defended=0;scenario=14-1;window=1007,0.20907333812408646,,,
wu26.faithful-ieee14-20261003t073730z-d5c927-7c491d,wu26.faithful,ieee14,,,,max_change_pu,defended=0;scenario=14-1;window=1008,0.20555415221419548,,,
wu26.faithful-ieee14-20261003t073730z-d5c927-7c491d,wu26.faithful,ieee14,,,,max_change_pu,defended=0;scenario=14-1;window=1009,0.2016225956742923,,,
wu26.faithful-ieee14-20261003t073730z-d5c927-7c491d,wu26.faithful,ieee14,,,,max_change_pu,defended=0;scenario=14-1;window=1010,0.2205208872864859,,,
wu26.faithful-ieee14-20261003t073730z-d5c927-7c491d,wu26.faithful,ieee14,,,,max_change_pu,defended=0;scenario=14-1;window=1011,0.20025820323110755,,,
wu26.faithful-ieee14-20261003t073730z-d5c927-7c491d,wu26.faithful,ieee14,,,,max_change_pu,defended=0;scenario=14-1;window=1012,0.20067445306677634,,,
wu26.faithful-ieee14-20261003t073730z-d5c927-7c491d,wu26.faithful,ieee14,,,,max_change_pu,defended=0;scenario=14-1;window=1013,0.21868683250060572,,,
wu26.faithful-ieee14-20261003t073730z-d5c927-7c491d,wu26.faithful,ieee14,,,,max_change_pu,defended=0;scenario=14-1;window=1014,0.2321040346860448,,,
wu26.faithful-ieee14-20261003t073730z-d5c927-7c491d,wu26.faithful,ieee14,,,,max_change_pu,defended=0;scenario=14-1;window=1015,0.2188480490350745,,,
wu26.faithful-ieee14-20261003t073730z-d5c927-7c491d,wu26.faithful,ieee14,,,,max_change_pu,defended=0;scenario=14-1;window=1016,0.2293453361277884,,,
wu26.faithful-ieee14-20261003t073730z-d5c927-7c491d,wu26.faithful,ieee14,,,,max_change_pu,defended=0;scenario=14-1;window=1017,0.2120587471826385,,,
wu26.faithful-ieee14-20261003t073730z-d5c927-7c491d,wu26.faithful,ieee14,,,,max_change_pu,defended=0;scenario=14-1;window=1018,0.1967842883057792,,,
wu26.faithful-ieee14-20261003t073730z-d5c927-7c491d,wu26.faithful,ieee14,,,,max_change_pu,defended=0;scenario=14-1;window=1019,0.20383797842531415,,,
wu26.faithful-ieee14-20261003t073730z-d5c927-7c491d,wu26.faithful,ieee14,,,,reference_hits,defended=0;scenario=14-1;window=1000,7.0,,,
wu26.faithful-ieee14-20261003t073730z-d5c927-7c491d,wu26.faithful,ieee14,,,,reference_hits,defended=0;scenario=14-1;window=1001,7.0,,,
wu26.faithful-ieee14-20261003t073730z-d5c927-7c491d,wu26.faithful,ieee14,,,,reference_hits,defended=0;scenario=14-1;window=1002,7.0,,,
wu26.faithful-ieee14-20261003t073730z-d5c927-7c491d,wu26.faithful,ieee14,,,,reference_hits,defended=0;scenario=14-1;window=1003,7.0,,,
wu26.faithful-ieee14-20261003t073730z-d5c927-7c491d,wu26.faithful,ieee14,,,,reference_hits,defended=0;scenario=14-1;window=1004,7.0,,,
wu26.faithful-ieee14-20261003t073730z-d5c927-7c491d,wu26.faithful,ieee14,,,,reference_hits,defended=0;scenario=14-1;window=1005,7.0,,,
wu26.faithful-ieee14-20261003t073730z-d5c927-7c491d,wu26.faithful,ieee14,,,,reference_hits,defended=0;scenario=14-1;window=1006,7.0,,,
wu26.faithful-ieee14-20261003t073730z-d5c927-7c491d,wu26.faithful,ieee14,,,,reference_hits,defended=0;scenario=14-1;window=1007,7.0,,,
wu26.faithful-ieee14-20261003t073730z-d5c927-7c491d,wu26.faithful,ieee14,,,,reference_hits,defended=0;scenario=14-1;window=1008,7.0,,,
wu26.faithful-ieee14-20261003t073730z-d5c927-7c491d,wu26.faithful,ieee14,,,,reference_hits,defended=0;scenario=14-1;window=1009,7.0,,,
wu26.faithful-ieee14-20261003t073730z-d5c927-7c491d,wu26.faithful,ieee14,,,,reference_hits,defended=0;scenario=14-1;window=1010,7.0,,,
wu26.faithful-ieee14-20261003t073730z-d5c927-7c491d,wu26.faithful,ieee14,,,,reference_hits,defended=0;scenario=14-1;window=1011,7.0,,,
wu26.faithful-ieee14-20261003t073730z-d5c927-7c491d,wu26.faithful,ieee14,,,,reference_hits,defended=0;scenario=14-1;window=1012,7.0,,,
wu26.faithful-ieee14-20261003t073730z-d5c927-7c491d,wu26.faithful,ieee14,,,,reference_hits,defended=0;scenario=14-1;window=1013,7.0,,,
wu26.faithful-ieee14-20261003t073730z-d5c927-7c491d,wu26.faithful,ieee14,,,,reference_hits,defended=0;scenario=14-1;window=1014,7.0,,,
wu26.faithful-ieee14-20261003t073730z-d5c927-7c491d,wu26.faithful,ieee14,,,,reference_hits,defended=0;scenario=14-1;window=1015,7.0,,,
wu26.faithful-ieee14-20261003t073730z-d5c927-7c491d,wu26.faithful,ieee14,,,,reference_hits,defended=0;scenario=14-1;window=1016,7.0,,,
wu26.faithful-ieee14-20261003t073730z-d5c927-7c491d,wu26.faithful,ieee14,,,,reference_hits,defended=0;scenario=14-1;window=1017,7.0,,,
wu26.faithful-ieee14-20261003t073730z-d5c927-7c491d,wu26.faithful,ieee14,,,,reference_hits,defended=0;scenario=14-1;window=1018,7.0,,,
wu26.faithful-ieee14-20261003t073730z-d5c927-7c491d,wu26.faithful,ieee14,,,,reference_hits,defended=0;scenario=14-1;window=1019,7.0,,,
wu26.faithful-ieee14-20261003t073730z-d5c927-7c491d,wu26.faithful,ieee14,,,,seconds,defended=0;scenario=14-1;window=1000,80.00692558288574,,,
wu26.faithful-ieee14-20261003t073730z-d5c927-7c491d,wu26.faithful,ieee14,,,,seconds,defended=0;scenario=14-1;window=1001,80.49256730079651,,,
wu26.faithful-ieee14-20261003t073730z-d5c927-7c491d,wu26.faithful,ieee14,,,,seconds,defended=0;scenario=14-1;window=1002,80.30378103256226,,,
wu26.faithful-ieee14-20261003t073730z-d5c927-7c491d,wu26.faithful,ieee14,,,,seconds,defended=0;scenario=14-1;window=1003,79.04203462600708,,,
wu26.faithful-ieee14-20261003t073730z-d5c927-7c491d,wu26.faithful,ieee14,,,,seconds,defended=0;scenario=14-1;window=1004,78.34604978561401,,,
wu26.faithful-ieee14-20261003t073730z-d5c927-7c491d,wu26.faithful,ieee14,,,,seconds,defended=0;scenario=14-1;window=1005,80.35533857345581,,,
wu26.faithful-ieee14-20261003t073730z-d5c927-7c491d,wu26.faithful,ieee14,,,,seconds,defended=0;scenario=14-1;window=1006,79.00348210334778,,,
wu26.faithful-ieee14-20261003t073730z-d5c927-7c491d,wu26.faithful,ieee14,,,,seconds,defended=0;scenario=14-1;window=1007,80.38421154022217,,,
wu26.faithful-ieee14-20261003t073730z-d5c927-7c491d,wu26.faithful,ieee14,,,,seconds,defended=0;scenario=14-1;window=1008,80.99855852127075,,,
wu26.faithful-ieee14-20261003t073730z-d5c927-7c491d,wu26.faithful,ieee14,,,,seconds,defended=0;scenario=14-1;window=1009,80.12696123123169,,,
wu26.faithful-ieee14-20261003t073730z-d5c927-7c491d,wu26.faithful,ieee14,,,,seconds,defended=0;scenario=14-1;window=1010,76.68069767951965,,,
wu26.faithful-ieee14-20261003t073730z-d5c927-7c491d,wu26.faithful,ieee14,,,,seconds,defended=0;scenario=14-1;window=1011,79.11675643920898,,,
wu26.faithful-ieee14-20261003t073730z-d5c927-7c491d,wu26.faithful,ieee14,,,,seconds,defended=0;scenario=14-1;window=1012,81.21372509002686,,,
wu26.faithful-ieee14-20261003t073730z-d5c927-7c491d,wu26.faithful,ieee14,,,,seconds,defended=0;scenario=14-1;window=1013,80.72007369995117,,,
wu26.faithful-ieee14-20261003t073730z-d5c927-7c491d,wu26.faithful,ieee14,,,,seconds,defended=0;scenario=14-1;window=1014,83.06012654304504,,,
wu26.faithful-ieee14-20261003t073730z-d5c927-7c491d,wu26.faithful,ieee14,,,,seconds,defended=0;scenario=14-1;window=1015,79.29262566566467,,,
wu26.faithful-ieee14-20261003t073730z-d5c927-7c491d,wu26.faithful,ieee14,,,,seconds,defended=0;scenario=14-1;window=1016,81.38978886604309,,,
wu26.faithful-ieee14-20261003t073730z-d5c927-7c491d,wu26.faithful,ieee14,,,,seconds,defended=0;scenario=14-1;window=1017,80.09241080284119,,,
wu26.faithful-ieee14-20261003t073730z-d5c927-7c491d,wu26.faithful,ieee14,,,,seconds,defended=0;scenario=14-1;window=1018,79.4984700679779,,,
wu26.faithful-ieee14-20261003t073730z-d5c927-7c491d,wu26.faithful,ieee14,,,,seconds,defended=0;scenario=14-1;window=1019,79.74092841148376,,,
wu26.faithful-ieee14-20261003t073730z-d5c927-7c491d,wu26.faithful,ieee14,described,,,channels,defended=1;scenario=14-1;window=1000,54.0,,,
wu26.faithful-ieee14-20261003t073730z-d5c927-7c491d,wu26.faithful,ieee14,described,,,channels,defended=1;scenario=14-1;window=1001,52.0,,,
wu26.faithful-ieee14-20261003t073730z-d5c927-7c491d,wu26.faithful,ieee14,described,,,channels,defended=1;scenario=14-1;window=1002,53.0,,,
wu26.faithful-ieee14-20261003t073730z-d5c927-7c491d,wu26.faithful,ieee14,described,,,channels,defended=1;scenario=14-1;window=1003,54.0,,,
wu26.faithful-ieee14-20261003t073730z-d5c927-7c491d,wu26.faithful,ieee14,described,,,channels,defended=1;scenario=14-1;window=1004,52.0,,,
wu26.faithful-ieee14-20261003t073730z-d5c927-7c491d,wu26.faithful,ieee14,described,,,channels,defended=1;scenario=14-1;window=1005,55.0,,,
wu26.faithful-ieee14-20261003t073730z-d5c927-7c491d,wu26.faithful,ieee14,described,,,channels,defended=1;scenario=14-1;window=1006,54.0,,,
wu26.faithful-ieee14-20261003t073730z-d5c927-7c491d,wu26.faithful,ieee14,described,,,channels,defended=1;scenario=14-1;window=1007,53.0,,,
wu26.faithful-ieee14-20261003t073730z-d5c927-7c491d,wu26.faithful,ieee14,described,,,channels,defended=1;scenario=14-1;window=1008,53.0,,,
wu26.faithful-ieee14-20261003t073730z-d5c927-7c491d,wu26.faithful,ieee14,described,,,channels,defended=1;scenario=14-1;window=1009,54.0,,,
wu26.faithful-ieee14-20261003t073730z-d5c927-7c491d,wu26.faithful,ieee14,described,,,channels,defended=1;scenario=14-1;window=1010,56.0,,,
wu26.faithful-ieee14-20261003t073730z-d5c927-7c491d,wu26.faithful,ieee14,described,,,channels,defended=1;scenario=14-1;window=1011,52.0,,,
wu26.faithful-ieee14-20261003t073730z-d5c927-7c491d,wu26.faithful,ieee14,described,,,channels,defended=1;scenario=14-1;window=1012,99.0,,,
wu26.faithful-ieee14-20261003t073730z-d5c927-7c491d,wu26.faithful,ieee14,described,,,channels,defended=1;scenario=14-1;window=1013,52.0,,,
wu26.faithful-ieee14-20261003t073730z-d5c927-7c491d,wu26.faithful,ieee14,described,,,channels,defended=1;scenario=14-1;window=1014,49.0,,,
wu26.faithful-ieee14-20261003t073730z-d5c927-7c491d,wu26.faithful,ieee14,described,,,channels,defended=1;scenario=14-1;window=1015,52.0,,,
wu26.faithful-ieee14-20261003t073730z-d5c927-7c491d,wu26.faithful,ieee14,described,,,channels,defended=1;scenario=14-1;window=1016,53.0,,,
wu26.faithful-ieee14-20261003t073730z-d5c927-7c491d,wu26.faithful,ieee14,described,,,channels,defended=1;scenario=14-1;window=1017,55.0,,,
wu26.faithful-ieee14-20261003t073730z-d5c927-7c491d,wu26.faithful,ieee14,described,,,channels,defended=1;scenario=14-1;window=1018,52.0,,,
wu26.faithful-ieee14-20261003t073730z-d5c927-7c491d,wu26.faithful,ieee14,described,,,channels,defended=1;scenario=14-1;window=1019,53.0,,,
wu26.faithful-ieee14-20261003t073730z-d5c927-7c491d,wu26.faithful,ieee14,described,,,cost_increase_pct,defended=1;scenario=14-1;window=1000,0.0,,,
wu26.faithful-ieee14-20261003t073730z-d5c927-7c491d,wu26.faithful,ieee14,described,,,cost_increase_pct,defended=1;scenario=14-1;window=1001,0.0,,,
wu26.faithful-ieee14-20261003t073730z-d5c927-7c491d,wu26.faithful,ieee14,described,,,cost_increase_pct,defended=1;scenario=14-1;window=1002,0.0,,,
wu26.faithful-ieee14-20261003t073730z-d5c927-7c491d,wu26.faithful,ieee14,described,,,cost_increase_pct,defended=1;scenario=14-1;window=1003,0.0,,,
wu26.faithful-ieee14-20261003t073730z-d5c927-7c491d,wu26.faithful,ieee14,described,,,cost_increase_pct,defended=1;scenario=14-1;window=1004,10.0,,,
wu26.faithful-ieee14-20261003t073730z-d5c927-7c491d,wu26.faithful,ieee14,described,,,cost_increase_pct,defended=1;scenario=14-1;window=1005,0.0,,,
wu26.faithful-ieee14-20261003t073730z-d5c927-7c491d,wu26.faithful,ieee14,described,,,cost_increase_pct,defended=1;scenario=14-1;window=1006,0.0,,,
wu26.faithful-ieee14-20261003t073730z-d5c927-7c491d,wu26.faithful,ieee14,described,,,cost_increase_pct,defended=1;scenario=14-1;window=1007,0.0,,,
wu26.faithful-ieee14-20261003t073730z-d5c927-7c491d,wu26.faithful,ieee14,described,,,cost_increase_pct,defended=1;scenario=14-1;window=1008,0.0,,,
wu26.faithful-ieee14-20261003t073730z-d5c927-7c491d,wu26.faithful,ieee14,described,,,cost_increase_pct,defended=1;scenario=14-1;window=1009,0.0,,,
wu26.faithful-ieee14-20261003t073730z-d5c927-7c491d,wu26.faithful,ieee14,described,,,cost_increase_pct,defended=1;scenario=14-1;window=1010,0.0,,,
wu26.faithful-ieee14-20261003t073730z-d5c927-7c491d,wu26.faithful,ieee14,described,,,cost_increase_pct,defended=1;scenario=14-1;window=1011,0.0,,,
wu26.faithful-ieee14-20261003t073730z-d5c927-7c491d,wu26.faithful,ieee14,described,,,cost_increase_pct,defended=1;scenario=14-1;window=1012,40.0,,,
wu26.faithful-ieee14-20261003t073730z-d5c927-7c491d,wu26.faithful,ieee14,described,,,cost_increase_pct,defended=1;scenario=14-1;window=1013,0.0,,,
wu26.faithful-ieee14-20261003t073730z-d5c927-7c491d,wu26.faithful,ieee14,described,,,cost_increase_pct,defended=1;scenario=14-1;window=1014,10.0,,,
wu26.faithful-ieee14-20261003t073730z-d5c927-7c491d,wu26.faithful,ieee14,described,,,cost_increase_pct,defended=1;scenario=14-1;window=1015,0.0,,,
wu26.faithful-ieee14-20261003t073730z-d5c927-7c491d,wu26.faithful,ieee14,described,,,cost_increase_pct,defended=1;scenario=14-1;window=1016,0.0,,,
wu26.faithful-ieee14-20261003t073730z-d5c927-7c491d,wu26.faithful,ieee14,described,,,cost_increase_pct,defended=1;scenario=14-1;window=1017,0.0,,,
wu26.faithful-ieee14-20261003t073730z-d5c927-7c491d,wu26.faithful,ieee14,described,,,cost_increase_pct,defended=1;scenario=14-1;window=1018,0.0,,,
wu26.faithful-ieee14-20261003t073730z-d5c927-7c491d,wu26.faithful,ieee14,described,,,cost_increase_pct,defended=1;scenario=14-1;window=1019,0.0,,,
wu26.faithful-ieee14-20261003t073730z-d5c927-7c491d,wu26.faithful,ieee14,described,,,devices,defended=1;scenario=14-1;window=1000,10.0,,,
wu26.faithful-ieee14-20261003t073730z-d5c927-7c491d,wu26.faithful,ieee14,described,,,devices,defended=1;scenario=14-1;window=1001,10.0,,,
wu26.faithful-ieee14-20261003t073730z-d5c927-7c491d,wu26.faithful,ieee14,described,,,devices,defended=1;scenario=14-1;window=1002,10.0,,,
wu26.faithful-ieee14-20261003t073730z-d5c927-7c491d,wu26.faithful,ieee14,described,,,devices,defended=1;scenario=14-1;window=1003,10.0,,,
wu26.faithful-ieee14-20261003t073730z-d5c927-7c491d,wu26.faithful,ieee14,described,,,devices,defended=1;scenario=14-1;window=1004,11.0,,,
wu26.faithful-ieee14-20261003t073730z-d5c927-7c491d,wu26.faithful,ieee14,described,,,devices,defended=1;scenario=14-1;window=1005,10.0,,,
wu26.faithful-ieee14-20261003t073730z-d5c927-7c491d,wu26.faithful,ieee14,described,,,devices,defended=1;scenario=14-1;window=1006,10.0,,,
wu26.faithful-ieee14-20261003t073730z-d5c927-7c491d,wu26.faithful,ieee14,described,,,devices,defended=1;scenario=14-1;window=1007,10.0,,,
wu26.faithful-ieee14-20261003t073730z-d5c927-7c491d,wu26.faithful,ieee14,described,,,devices,defended=1;scenario=14-1;window=1008,10.0,,,
wu26.faithful-ieee14-20261003t073730z-d5c927-7c491d,wu26.faithful,ieee14,described,,,devices,defended=1;scenario=14-1;window=1009,10.0,,,
wu26.faithful-ieee14-20261003t073730z-d5c927-7c491d,wu26.faithful,ieee14,described,,,devices,defended=1;scenario=14-1;window=1010,10.0,,,
wu26.faithful-ieee14-20261003t073730z-d5c927-7c491d,wu26.faithful,ieee14,described,,,devices,defended=1;scenario=14-1;window=1011,10.0,,,
wu26.faithful-ieee14-20261003t073730z-d5c927-7c491d,wu26.faithful,ieee14,described,,,devices,defended=1;scenario=14-1;window=1012,14.0,,,
wu26.faithful-ieee14-20261003t073730z-d5c927-7c491d,wu26.faithful,ieee14,described,,,devices,defended=1;scenario=14-1;window=1013,10.0,,,
wu26.faithful-ieee14-20261003t073730z-d5c927-7c491d,wu26.faithful,ieee14,described,,,devices,defended=1;scenario=14-1;window=1014,11.0,,,
wu26.faithful-ieee14-20261003t073730z-d5c927-7c491d,wu26.faithful,ieee14,described,,,devices,defended=1;scenario=14-1;window=1015,10.0,,,
wu26.faithful-ieee14-20261003t073730z-d5c927-7c491d,wu26.faithful,ieee14,described,,,devices,defended=1;scenario=14-1;window=1016,10.0,,,
wu26.faithful-ieee14-20261003t073730z-d5c927-7c491d,wu26.faithful,ieee14,described,,,devices,defended=1;scenario=14-1;window=1017,10.0,,,
wu26.faithful-ieee14-20261003t073730z-d5c927-7c491d,wu26.faithful,ieee14,described,,,devices,defended=1;scenario=14-1;window=1018,10.0,,,
wu26.faithful-ieee14-20261003t073730z-d5c927-7c491d,wu26.faithful,ieee14,described,,,devices,defended=1;scenario=14-1;window=1019,10.0,,,
wu26.faithful-ieee14-20261003t073730z-d5c927-7c491d,wu26.faithful,ieee14,described,,,extra_devices,defended=1;scenario=14-1;window=1000,0.0,,,
wu26.faithful-ieee14-20261003t073730z-d5c927-7c491d,wu26.faithful,ieee14,described,,,extra_devices,defended=1;scenario=14-1;window=1001,0.0,,,
wu26.faithful-ieee14-20261003t073730z-d5c927-7c491d,wu26.faithful,ieee14,described,,,extra_devices,defended=1;scenario=14-1;window=1002,0.0,,,
wu26.faithful-ieee14-20261003t073730z-d5c927-7c491d,wu26.faithful,ieee14,described,,,extra_devices,defended=1;scenario=14-1;window=1003,0.0,,,
wu26.faithful-ieee14-20261003t073730z-d5c927-7c491d,wu26.faithful,ieee14,described,,,extra_devices,defended=1;scenario=14-1;window=1004,1.0,,,
wu26.faithful-ieee14-20261003t073730z-d5c927-7c491d,wu26.faithful,ieee14,described,,,extra_devices,defended=1;scenario=14-1;window=1005,0.0,,,
wu26.faithful-ieee14-20261003t073730z-d5c927-7c491d,wu26.faithful,ieee14,described,,,extra_devices,defended=1;scenario=14-1;window=1006,0.0,,,
wu26.faithful-ieee14-20261003t073730z-d5c927-7c491d,wu26.faithful,ieee14,described,,,extra_devices,defended=1;scenario=14-1;window=1007,0.0,,,
wu26.faithful-ieee14-20261003t073730z-d5c927-7c491d,wu26.faithful,ieee14,described,,,extra_devices,defended=1;scenario=14-1;window=1008,0.0,,,
wu26.faithful-ieee14-20261003t073730z-d5c927-7c491d,wu26.faithful,ieee14,described,,,extra_devices,defended=1;scenario=14-1;window=1009,0.0,,,
wu26.faithful-ieee14-20261003t073730z-d5c927-7c491d,wu26.faithful,ieee14,described,,,extra_devices,defended=1;scenario=14-1;window=1010,0.0,,,
wu26.faithful-ieee14-20261003t073730z-d5c927-7c491d,wu26.faithful,ieee14,described,,,extra_devices,defended=1;scenario=14-1;window=1011,0.0,,,
wu26.faithful-ieee14-20261003t073730z-d5c927-7c491d,wu26.faithful,ieee14,described,,,extra_devices,defended=1;scenario=14-1;window=1012,4.0,,,
wu26.faithful-ieee14-20261003t073730z-d5c927-7c491d,wu26.faithful,ieee14,described,,,extra_devices,defended=1;scenario=14-1;window=1013,0.0,,,
wu26.faithful-ieee14-20261003t073730z-d5c927-7c491d,wu26.faithful,ieee14,described,,,extra_devices,defended=1;scenario=14-1;window=1014,1.0,,,
wu26.faithful-ieee14-20261003t073730z-d5c927-7c491d,wu26.faithful,ieee14,described,,,extra_devices,defended=1;scenario=14-1;window=1015,0.0,,,
wu26.faithful-ieee14-20261003t073730z-d5c927-7c491d,wu26.faithful,ieee14,described,,,extra_devices,defended=1;scenario=14-1;window=1016,0.0,,,
wu26.faithful-ieee14-20261003t073730z-d5c927-7c491d,wu26.faithful,ieee14,described,,,extra_devices,defended=1;scenario=14-1;window=1017,0.0,,,
wu26.faithful-ieee14-20261003t073730z-d5c927-7c491d,wu26.faithful,ieee14,described,,,extra_devices,defended=1;scenario=14-1;window=1018,0.0,,,
wu26.faithful-ieee14-20261003t073730z-d5c927-7c491d,wu26.faithful,ieee14,described,,,extra_devices,defended=1;scenario=14-1;window=1019,0.0,,,
wu26.faithful-ieee14-20261003t073730z-d5c927-7c491d,wu26.faithful,ieee14,described,,,feasible,defended=1;scenario=14-1;window=1000,1.0,,,
wu26.faithful-ieee14-20261003t073730z-d5c927-7c491d,wu26.faithful,ieee14,described,,,feasible,defended=1;scenario=14-1;window=1001,1.0,,,
wu26.faithful-ieee14-20261003t073730z-d5c927-7c491d,wu26.faithful,ieee14,described,,,feasible,defended=1;scenario=14-1;window=1002,1.0,,,
wu26.faithful-ieee14-20261003t073730z-d5c927-7c491d,wu26.faithful,ieee14,described,,,feasible,defended=1;scenario=14-1;window=1003,1.0,,,
wu26.faithful-ieee14-20261003t073730z-d5c927-7c491d,wu26.faithful,ieee14,described,,,feasible,defended=1;scenario=14-1;window=1004,1.0,,,
wu26.faithful-ieee14-20261003t073730z-d5c927-7c491d,wu26.faithful,ieee14,described,,,feasible,defended=1;scenario=14-1;window=1005,1.0,,,
wu26.faithful-ieee14-20261003t073730z-d5c927-7c491d,wu26.faithful,ieee14,described,,,feasible,defended=1;scenario=14-1;window=1006,1.0,,,
wu26.faithful-ieee14-20261003t073730z-d5c927-7c491d,wu26.faithful,ieee14,described,,,feasible,defended=1;scenario=14-1;window=1007,1.0,,,
wu26.faithful-ieee14-20261003t073730z-d5c927-7c491d,wu26.faithful,ieee14,described,,,feasible,defended=1;scenario=14-1;window=1008,1.0,,,
wu26.faithful-ieee14-20261003t073730z-d5c927-7c491d,wu26.faithful,ieee14,described,,,feasible,defended=1;scenario=14-1;window=1009,1.0,,,
wu26.faithful-ieee14-20261003t073730z-d5c927-7c491d,wu26.faithful,ieee14,described,,,feasible,defended=1;scenario=14-1;window=1010,1.0,,,
wu26.faithful-ieee14-20261003t073730z-d5c927-7c491d,wu26.faithful,ieee14,described,,,feasible,defended=1;scenario=14-1;window=1011,1.0,,,
wu26.faithful-ieee14-20261003t073730z-d5c927-7c491d,wu26.faithful,ieee14,described,,,feasible,defended=1;scenario=14-1;window=1012,1.0,,,
wu26.faithful-ieee14-20261003t073730z-d5c927-7c491d,wu26.faithful,ieee14,described,,,feasible,defended=1;scenario=14-1;window=1013,1.0,,,
wu26.faithful-ieee14-20261003t073730z-d5c927-7c491d,wu26.faithful,ieee14,described,,,feasible,defended=1;scenario=14-1;window=1014,1.0,,,
wu26.faithful-ieee14-20261003t073730z-d5c927-7c491d,wu26.faithful,ieee14,described,,,feasible,defended=1;scenario=14-1;window=1015,1.0,,,
wu26.faithful-ieee14-20261003t073730z-d5c927-7c491d,wu26.faithful,ieee14,described,,,feasible,defended=1;scenario=14-1;window=1016,1.0,,,
wu26.faithful-ieee14-20261003t073730z-d5c927-7c491d,wu26.faithful,ieee14,described,,,feasible,defended=1;scenario=14-1;window=1017,1.0,,,
wu26.faithful-ieee14-20261003t073730z-d5c927-7c491d,wu26.faithful,ieee14,described,,,feasible,defended=1;scenario=14-1;window=1018,1.0,,,
wu26.faithful-ieee14-20261003t073730z-d5c927-7c491d,wu26.faithful,ieee14,described,,,feasible,defended=1;scenario=14-1;window=1019,1.0,,,
wu26.faithful-ieee14-20261003t073730z-d5c927-7c491d,wu26.faithful,ieee14,described,,,seconds,defended=1;scenario=14-1;window=1000,0.0,,,
wu26.faithful-ieee14-20261003t073730z-d5c927-7c491d,wu26.faithful,ieee14,described,,,seconds,defended=1;scenario=14-1;window=1001,0.0,,,
wu26.faithful-ieee14-20261003t073730z-d5c927-7c491d,wu26.faithful,ieee14,described,,,seconds,defended=1;scenario=14-1;window=1002,0.0,,,
wu26.faithful-ieee14-20261003t073730z-d5c927-7c491d,wu26.faithful,ieee14,described,,,seconds,defended=1;scenario=14-1;window=1003,0.0,,,
wu26.faithful-ieee14-20261003t073730z-d5c927-7c491d,wu26.faithful,ieee14,described,,,seconds,defended=1;scenario=14-1;window=1004,0.0,,,
wu26.faithful-ieee14-20261003t073730z-d5c927-7c491d,wu26.faithful,ieee14,described,,,seconds,defended=1;scenario=14-1;window=1005,0.0,,,
wu26.faithful-ieee14-20261003t073730z-d5c927-7c491d,wu26.faithful,ieee14,described,,,seconds,defended=1;scenario=14-1;window=1006,0.0,,,
wu26.faithful-ieee14-20261003t073730z-d5c927-7c491d,wu26.faithful,ieee14,described,,,seconds,defended=1;scenario=14-1;window=1007,0.0,,,
wu26.faithful-ieee14-20261003t073730z-d5c927-7c491d,wu26.faithful,ieee14,described,,,seconds,defended=1;scenario=14-1;window=1008,0.0,,,
wu26.faithful-ieee14-20261003t073730z-d5c927-7c491d,wu26.faithful,ieee14,described,,,seconds,defended=1;scenario=14-1;window=1009,0.0,,,
wu26.faithful-ieee14-20261003t073730z-d5c927-7c491d,wu26.faithful,ieee14,described,,,seconds,defended=1;scenario=14-1;window=1010,0.0,,,
wu26.faithful-ieee14-20261003t073730z-d5c927-7c491d,wu26.faithful,ieee14,described,,,seconds,defended=1;scenario=14-1;window=1011,0.0,,,
wu26.faithful-ieee14-20261003t073730z-d5c927-7c491d,wu26.faithful,ieee14,described,,,seconds,defended=1;scenario=14-1;window=1012,0.0,,,
wu26.faithful-ieee14-20261003t073730z-d5c927-7c491d,wu26.faithful,ieee14,described,,,seconds,defended=1;scenario=14-1;window=1013,0.0,,,
wu26.faithful-ieee14-20261003t073730z-d5c927-7c491d,wu26.faithful,ieee14,described,,,seconds,defended=1;scenario=14-1;window=1014,0.0,,,
wu26.faithful-ieee14-20261003t073730z-d5c927-7c491d,wu26.faithful,ieee14,described,,,seconds,defended=1;scenario=14-1;window=1015,0.0,,,
wu26.faithful-ieee14-20261003t073730z-d5c927-7c491d,wu26.faithful,ieee14,described,,,seconds,defended=1;scenario=14-1;window=1016,0.002009868621826172,,,
wu26.faithful-ieee14-20261003t073730z-d5c927-7c491d,wu26.faithful,ieee14,described,,,seconds,defended=1;scenario=14-1;window=1017,0.0,,,
wu26.faithful-ieee14-20261003t073730z-d5c927-7c491d,wu26.faithful,ieee14,described,,,seconds,defended=1;scenario=14-1;window=1018,0.0,,,
wu26.faithful-ieee14-20261003t073730z-d5c927-7c491d,wu26.faithful,ieee14,described,,,seconds,defended=1;scenario=14-1;window=1019,0.0,,,
wu26.faithful-ieee14-20261003t073730z-d5c927-7c491d,wu26.faithful,ieee14,solution1,,,channels,defended=1;scenario=14-1;window=1000,54.0,,,
wu26.faithful-ieee14-20261003t073730z-d5c927-7c491d,wu26.faithful,ieee14,solution1,,,channels,defended=1;scenario=14-1;window=1001,52.0,,,
wu26.faithful-ieee14-20261003t073730z-d5c927-7c491d,wu26.faithful,ieee14,solution1,,,channels,defended=1;scenario=14-1;window=1002,53.0,,,
wu26.faithful-ieee14-20261003t073730z-d5c927-7c491d,wu26.faithful,ieee14,solution1,,,channels,defended=1;scenario=14-1;window=1003,54.0,,,
wu26.faithful-ieee14-20261003t073730z-d5c927-7c491d,wu26.faithful,ieee14,solution1,,,channels,defended=1;scenario=14-1;window=1004,52.0,,,
wu26.faithful-ieee14-20261003t073730z-d5c927-7c491d,wu26.faithful,ieee14,solution1,,,channels,defended=1;scenario=14-1;window=1005,55.0,,,
wu26.faithful-ieee14-20261003t073730z-d5c927-7c491d,wu26.faithful,ieee14,solution1,,,channels,defended=1;scenario=14-1;window=1006,54.0,,,
wu26.faithful-ieee14-20261003t073730z-d5c927-7c491d,wu26.faithful,ieee14,solution1,,,channels,defended=1;scenario=14-1;window=1007,53.0,,,
wu26.faithful-ieee14-20261003t073730z-d5c927-7c491d,wu26.faithful,ieee14,solution1,,,channels,defended=1;scenario=14-1;window=1008,53.0,,,
wu26.faithful-ieee14-20261003t073730z-d5c927-7c491d,wu26.faithful,ieee14,solution1,,,channels,defended=1;scenario=14-1;window=1009,54.0,,,
wu26.faithful-ieee14-20261003t073730z-d5c927-7c491d,wu26.faithful,ieee14,solution1,,,channels,defended=1;scenario=14-1;window=1010,56.0,,,
wu26.faithful-ieee14-20261003t073730z-d5c927-7c491d,wu26.faithful,ieee14,solution1,,,channels,defended=1;scenario=14-1;window=1011,52.0,,,
wu26.faithful-ieee14-20261003t073730z-d5c927-7c491d,wu26.faithful,ieee14,solution1,,,channels,defended=1;scenario=14-1;window=1012,99.0,,,
wu26.faithful-ieee14-20261003t073730z-d5c927-7c491d,wu26.faithful,ieee14,solution1,,,channels,defended=1;scenario=14-1;window=1013,52.0,,,
wu26.faithful-ieee14-20261003t073730z-d5c927-7c491d,wu26.faithful,ieee14,solution1,,,channels,defended=1;scenario=14-1;window=1014,49.0,,,
wu26.faithful-ieee14-20261003t073730z-d5c927-7c491d,wu26.faithful,ieee14,solution1,,,channels,defended=1;scenario=14-1;window=1015,52.0,,,
wu26.faithful-ieee14-20261003t073730z-d5c927-7c491d,wu26.faithful,ieee14,solution1,,,channels,defended=1;scenario=14-1;window=1016,53.0,,,
wu26.faithful-ieee14-20261003t073730z-d5c927-7c491d,wu26.faithful,ieee14,solution1,,,channels,defended=1;scenario=14-1;window=1017,55.0,,,
wu26.faithful-ieee14-20261003t073730z-d5c927-7c491d,wu26.faithful,ieee14,solution1,,,channels,defended=1;scenario=14-1;window=1018,52.0,,,
wu26.faithful-ieee14-20261003t073730z-d5c927-7c491d,wu26.faithful,ieee14,solution1,,,channels,defended=1;scenario=14-1;window=1019,53.0,,,
wu26.faithful-ieee14-20261003t073730z-d5c927-7c491d,wu26.faithful,ieee14,solution1,,,cost_increase_pct,defended=1;scenario=14-1;window=1000,0.0,,,
wu26.faithful-ieee14-20261003t073730z-d5c927-7c491d,wu26.faithful,ieee14,solution1,,,cost_increase_pct,defended=1;scenario=14-1;window=1001,0.0,,,
wu26.faithful-ieee14-20261003t073730z-d5c927-7c491d,wu26.faithful,ieee14,solution1,,,cost_increase_pct,defended=1;scenario=14-1;window=1002,0.0,,,
wu26.faithful-ieee14-20261003t073730z-d5c927-7c491d,wu26.faithful,ieee14,solution1,,,cost_increase_pct,defended=1;scenario=14-1;window=1003,0.0,,,
wu26.faithful-ieee14-20261003t073730z-d5c927-7c491d,wu26.faithful,ieee14,solution1,,,cost_increase_pct,defended=1;scenario=14-1;window=1004,10.0,,,
wu26.faithful-ieee14-20261003t073730z-d5c927-7c491d,wu26.faithful,ieee14,solution1,,,cost_increase_pct,defended=1;scenario=14-1;window=1005,0.0,,,
wu26.faithful-ieee14-20261003t073730z-d5c927-7c491d,wu26.faithful,ieee14,solution1,,,cost_increase_pct,defended=1;scenario=14-1;window=1006,0.0,,,
wu26.faithful-ieee14-20261003t073730z-d5c927-7c491d,wu26.faithful,ieee14,solution1,,,cost_increase_pct,defended=1;scenario=14-1;window=1007,0.0,,,
wu26.faithful-ieee14-20261003t073730z-d5c927-7c491d,wu26.faithful,ieee14,solution1,,,cost_increase_pct,defended=1;scenario=14-1;window=1008,0.0,,,
wu26.faithful-ieee14-20261003t073730z-d5c927-7c491d,wu26.faithful,ieee14,solution1,,,cost_increase_pct,defended=1;scenario=14-1;window=1009,0.0,,,
wu26.faithful-ieee14-20261003t073730z-d5c927-7c491d,wu26.faithful,ieee14,solution1,,,cost_increase_pct,defended=1;scenario=14-1;window=1010,0.0,,,
wu26.faithful-ieee14-20261003t073730z-d5c927-7c491d,wu26.faithful,ieee14,solution1,,,cost_increase_pct,defended=1;scenario=14-1;window=1011,0.0,,,
wu26.faithful-ieee14-20261003t073730z-d5c927-7c491d,wu26.faithful,ieee14,solution1,,,cost_increase_pct,defended=1;scenario=14-1;window=1012,40.0,,,
wu26.faithful-ieee14-20261003t073730z-d5c927-7c491d,wu26.faithful,ieee14,solution1,,,cost_increase_pct,defended=1;scenario=14-1;window=1013,0.0,,,
wu26.faithful-ieee14-20261003t073730z-d5c927-7c491d,wu26.faithful,ieee14,solution1,,,cost_increase_pct,defended=1;scenario=14-1;window=1014,10.0,,,
wu26.faithful-ieee14-20261003t073730z-d5c927-7c491d,wu26.faithful,ieee14,solution1,,,cost_increase_pct,defended=1;scenario=14-1;window=1015,0.0,,,
wu26.faithful-ieee14-20261003t073730z-d5c927-7c491d,wu26.faithful,ieee14,solution1,,,cost_increase_pct,defended=1;scenario=14-1;window=1016,0.0,,,
wu26.faithful-ieee14-20261003t073730z-d5c927-7c491d,wu26.faithful,ieee14,solution1,,,cost_increase_pct,defended=1;scenario=14-1;window=1017,0.0,,,
wu26.faithful-ieee14-20261003t073730z-d5c927-7c491d,wu26.faithful,ieee14,solution1,,,cost_increase_pct,defended=1;scenario=14-1;window=1018,0.0,,,
wu26.faithful-ieee14-20261003t073730z-d5c927-7c491d,wu26.faithful,ieee14,solution1,,,cost_increase_pct,defended=1;scenario=14-1;window=1019,0.0,,,
wu26.faithful-ieee14-20261003t073730z-d5c927-7c491d,wu26.faithful,ieee14,solution1,,,devices,defended=1;scenario=14-1;window=1000,10.0,,,
wu26.faithful-ieee14-20261003t073730z-d5c927-7c491d,wu26.faithful,ieee14,solution1,,,devices,defended=1;scenario=14-1;window=1001,10.0,,,
wu26.faithful-ieee14-20261003t073730z-d5c927-7c491d,wu26.faithful,ieee14,solution1,,,devices,defended=1;scenario=14-1;window=1002,10.0,,,
wu26.faithful-ieee14-20261003t073730z-d5c927-7c491d,wu26.faithful,ieee14,solution1,,,devices,defended=1;scenario=14-1;window=1003,10.0,,,
wu26.faithful-ieee14-20261003t073730z-d5c927-7c491d,wu26.faithful,ieee14,solution1,,,devices,defended=1;scenario=14-1;window=1004,11.0,,,
wu26.faithful-ieee14-20261003t073730z-d5c927-7c491d,wu26.faithful,ieee14,solution1,,,devices,defended=1;scenario=14-1;window=1005,10.0,,,
wu26.faithful-ieee14-20261003t073730z-d5c927-7c491d,wu26.faithful,ieee14,solution1,,,devices,defended=1;scenario=14-1;window=1006,10.0,,,
wu26.faithful-ieee14-20261003t073730z-d5c927-7c491d,wu26.faithful,ieee14,solution1,,,devices,defended=1;scenario=14-1;window=1007,10.0,,,
wu26.faithful-ieee14-20261003t073730z-d5c927-7c491d,wu26.faithful,ieee14,solution1,,,devices,defended=1;scenario=14-1;window=1008,10.0,,,
wu26.faithful-ieee14-20261003t073730z-d5c927-7c491d,wu26.faithful,ieee14,solution1,,,devices,defended=1;scenario=14-1;window=1009,10.0,,,
wu26.faithful-ieee14-20261003t073730z-d5c927-7c491d,wu26.faithful,ieee14,solution1,,,devices,defended=1;scenario=14-1;window=1010,10.0,,,
wu26.faithful-ieee14-20261003t073730z-d5c927-7c491d,wu26.faithful,ieee14,solution1,,,devices,defended=1;scenario=14-1;window=1011,10.0,,,
wu26.faithful-ieee14-20261003t073730z-d5c927-7c491d,wu26.faithful,ieee14,solution1,,,devices,defended=1;scenario=14-1;window=1012,14.0,,,
wu26.faithful-ieee14-20261003t073730z-d5c927-7c491d,wu26.faithful,ieee14,solution1,,,devices,defended=1;scenario=14-1;window=1013,10.0,,,
wu26.faithful-ieee14-20261003t073730z-d5c927-7c491d,wu26.faithful,ieee14,solution1,,,devices,defended=1;scenario=14-1;window=1014,11.0,,,
wu26.faithful-ieee14-20261003t073730z-d5c927-7c491d,wu26.faithful,ieee14,solution1,,,devices,defended=1;scenario=14-1;window=1015,10.0,,,
wu26.faithful-ieee14-20261003t073730z-d5c927-7c491d,wu26.faithful,ieee14,solution1,,,devices,defended=1;scenario=14-1;window=1016,10.0,,,
wu26.faithful-ieee14-20261003t073730z-d5c927-7c491d,wu26.faithful,ieee14,solution1,,,devices,defended=1;scenario=14-1;window=1017,10.0,,,
wu26.faithful-ieee14-20261003t073730z-d5c927-7c491d,wu26.faithful,ieee14,solution1,,,devices,defended=1;scenario=14-1;window=1018,10.0,,,
wu26.faithful-ieee14-20261003t073730z-d5c927-7c491d,wu26.faithful,ieee14,solution1,,,devices,defended=1;scenario=14-1;window=1019,10.0,,,
wu26.faithful-ieee14-20261003t073730z-d5c927-7c491d,wu26.faithful,ieee14,solution1,,,extra_devices,defended=1;scenario=14-1;window=1000,0.0,,,
wu26.faithful-ieee14-20261003t073730z-d5c927-7c491d,wu26.faithful,ieee14,solution1,,,extra_devices,defended=1;scenario=14-1;window=1001,0.0,,,
wu26.faithful-ieee14-20261003t073730z-d5c927-7c491d,wu26.faithful,ieee14,solution1,,,extra_devices,defended=1;scenario=14-1;window=1002,0.0,,,
wu26.faithful-ieee14-20261003t073730z-d5c927-7c491d,wu26.faithful,ieee14,solution1,,,extra_devices,defended=1;scenario=14-1;window=1003,0.0,,,
wu26.faithful-ieee14-20261003t073730z-d5c927-7c491d,wu26.faithful,ieee14,solution1,,,extra_devices,defended=1;scenario=14-1;window=1004,1.0,,,
wu26.faithful-ieee14-20261003t073730z-d5c927-7c491d,wu26.faithful,ieee14,solution1,,,extra_devices,defended=1;scenario=14-1;window=1005,0.0,,,
wu26.faithful-ieee14-20261003t073730z-d5c927-7c491d,wu26.faithful,ieee14,solution1,,,extra_devices,defended=1;scenario=14-1;window=1006,0.0,,,
wu26.faithful-ieee14-20261003t073730z-d5c927-7c491d,wu26.faithful,ieee14,solution1,,,extra_devices,defended=1;scenario=14-1;window=1007,0.0,,,
wu26.faithful-ieee14-20261003t073730z-d5c927-7c491d,wu26.faithful,ieee14,solution1,,,extra_devices,defended=1;scenario=14-1;window=1008,0.0,,,
wu26.faithful-ieee14-20261003t073730z-d5c927-7c491d,wu26.faithful,ieee14,solution1,,,extra_devices,defended=1;scenario=14-1;window=1009,0.0,,,
wu26.faithful-ieee14-20261003t073730z-d5c927-7c491d,wu26.faithful,ieee14,solution1,,,extra_devices,defended=1;scenario=14-1;window=1010,0.0,,,
wu26.faithful-ieee14-20261003t073730z-d5c927-7c491d,wu26.faithful,ieee14,solution1,,,extra_devices,defended=1;scenario=14-1;window=1011,0.0,,,
wu26.faithful-ieee14-20261003t073730z-d5c927-7c491d,wu26.faithful,ieee14,solution1,,,extra_devices,defended=1;scenario=14-1;window=1012,4.0,,,
wu26.faithful-ieee14-20261003t073730z-d5c927-7c491d,wu26.faithful,ieee14,solution1,,,extra_devices,defended=1;scenario=14-1;window=1013,0.0,,,
wu26.faithful-ieee14-20261003t073730z-d5c927-7c491d,wu26.faithful,ieee14,solution1,,,extra_devices,defended=1;scenario=14-1;window=1014,1.0,,,
wu26.faithful-ieee14-20261003t073730z-d5c927-7c491d,wu26.faithful,ieee14,solution1,,,extra_devices,defended=1;scenario=14-1;window=1015,0.0,,,
wu26.faithful-ieee14-20261003t073730z-d5c927-7c491d,wu26.faithful,ieee14,solution1,,,extra_devices,defended=1;scenario=14-1;window=1016,0.0,,,
wu26.faithful-ieee14-20261003t073730z-d5c927-7c491d,wu26.faithful,ieee14,solution1,,,extra_devices,defended=1;scenario=14-1;window=1017,0.0,,,
wu26.faithful-ieee14-20261003t073730z-d5c927-7c491d,wu26.faithful,ieee14,solution1,,,extra_devices,defended=1;scenario=14-1;window=1018,0.0,,,
wu26.faithful-ieee14-20261003t073730z-d5c927-7c491d,wu26.faithful,ieee14,solution1,,,extra_devices,defended=1;scenario=14-1;window=1019,0.0,,,
wu26.faithful-ieee14-20261003t073730z-d5c927-7c491d,wu26.faithful,ieee14,solution1,,,feasible,defended=1;scenario=14-1;window=1000,1.0,,,
wu26.faithful-ieee14-20261003t073730z-d5c927-7c491d,wu26.faithful,ieee14,solution1,,,feasible,defended=1;scenario=14-1;window=1001,1.0,,,
wu26.faithful-ieee14-20261003t073730z-d5c927-7c491d,wu26.faithful,ieee14,solution1,,,feasible,defended=1;scenario=14-1;window=1002,1.0,,,
wu26.faithful-ieee14-20261003t073730z-d5c927-7c491d,wu26.faithful,ieee14,solution1,,,feasible,defended=1;scenario=14-1;window=1003,1.0,,,
wu26.faithful-ieee14-20261003t073730z-d5c927-7c491d,wu26.faithful,ieee14,solution1,,,feasible,defended=1;scenario=14-1;window=1004,1.0,,,
wu26.faithful-ieee14-20261003t073730z-d5c927-7c491d,wu26.faithful,ieee14,solution1,,,feasible,defended=1;scenario=14-1;window=1005,1.0,,,
wu26.faithful-ieee14-20261003t073730z-d5c927-7c491d,wu26.faithful,ieee14,solution1,,,feasible,defended=1;scenario=14-1;window=1006,1.0,,,
wu26.faithful-ieee14-20261003t073730z-d5c927-7c491d,wu26.faithful,ieee14,solution1,,,feasible,defended=1;scenario=14-1;window=1007,1.0,,,
wu26.faithful-ieee14-20261003t073730z-d5c927-7c491d,wu26.faithful,ieee14,solution1,,,feasible,defended=1;scenario=14-1;window=1008,1.0,,,
wu26.faithful-ieee14-20261003t073730z-d5c927-7c491d,wu26.faithful,ieee14,solution1,,,feasible,defended=1;scenario=14-1;window=1009,1.0,,,
wu26.faithful-ieee14-20261003t073730z-d5c927-7c491d,wu26.faithful,ieee14,solution1,,,feasible,defended=1;scenario=14-1;window=1010,1.0,,,
wu26.faithful-ieee14-20261003t073730z-d5c927-7c491d,wu26.faithful,ieee14,solution1,,,feasible,defended=1;scenario=14-1;window=1011,1.0,,,
wu26.faithful-ieee14-20261003t073730z-d5c927-7c491d,wu26.faithful,ieee14,solution1,,,feasible,defended=1;scenario=14-1;window=1012,1.0,,,
wu26.faithful-ieee14-20261003t073730z-d5c927-7c491d,wu26.faithful,ieee14,solution1,,,feasible,defended=1;scenario=14-1;window=1013,1.0,,,
wu26.faithful-ieee14-20261003t073730z-d5c927-7c491d,wu26.faithful,ieee14,solution1,,,feasible,defended=1;scenario=14-1;window=1014,1.0,,,
wu26.faithful-ieee14-20261003t073730z-d5c927-7c491d,wu26.faithful,ieee14,solution1,,,feasible,defended=1;scenario=14-1;window=1015,1.0,,,
wu26.faithful-ieee14-20261003t073730z-d5c927-7c491d,wu26.faithful,ieee14,solution1,,,feasible,defended=1;scenario=14-1;window=1016,1.0,,,
wu26.faithful-ieee14-20261003t073730z-d5c927-7c491d,wu26.faithful,ieee14,solution1,,,feasible,defended=1;scenario=14-1;window=1017,1.0,,,
wu26.faithful-ieee14-20261003t073730z-d5c927-7c491d,wu26.faithful,ieee14,solution1,,,feasible,defended=1;scenario=14-1;window=1018,1.0,,,
wu26.faithful-ieee14-20261003t073730z-d5c927-7c491d,wu26.faithful,ieee14,solution1,,,feasible,defended=1;scenario=14-1;window=1019,1.0,,,
wu26.faithful-ieee14-20261003t073730z-d5c927-7c491d,wu26.faithful,ieee14,solution1,,,seconds,defended=1;scenario=14-1;window=1000,72.82805347442627,,,
wu26.faithful-ieee14-20261003t073730z-d5c927-7c491d,wu26.faithful,ieee14,solution1,,,seconds,defended=1;scenario=14-1;window=1001,74.69461989402771,,,
wu26.faithful-ieee14-20261003t073730z-d5c927-7c491d,wu26.faithful,ieee14,solution1,,,seconds,defended=1;scenario=14-1;window=1002,72.21701693534851,,,
wu26.faithful-ieee14-20261003t073730z-d5c927-7c491d,wu26.faithful,ieee14,solution1,,,seconds,defended=1;scenario=14-1;window=1003,74.0539824962616,,,
wu26.faithful-ieee14-20261003t073730z-d5c927-7c491d,wu26.faithful,ieee14,solution1,,,seconds,defended=1;scenario=14-1;window=1004,73.27608132362366,,,
wu26.faithful-ieee14-20261003t073730z-d5c927-7c491d,wu26.faithful,ieee14,solution1,,,seconds,defended=1;scenario=14-1;window=1005,73.64539504051208,,,
wu26.faithful-ieee14-20261003t073730z-d5c927-7c491d,wu26.faithful,ieee14,solution1,,,seconds,defended=1;scenario=14-1;window=1006,74.21954894065857,,,
wu26.faithful-ieee14-20261003t073730z-d5c927-7c491d,wu26.faithful,ieee14,solution1,,,seconds,defended=1;scenario=14-1;window=1007,72.416659116745,,,
wu26.faithful-ieee14-20261003t073730z-d5c927-7c491d,wu26.faithful,ieee14,solution1,,,seconds,defended=1;scenario=14-1;window=1008,73.00985527038574,,,
wu26.faithful-ieee14-20261003t073730z-d5c927-7c491d,wu26.faithful,ieee14,solution1,,,seconds,defended=1;scenario=14-1;window=1009,73.0131025314331,,,
wu26.faithful-ieee14-20261003t073730z-d5c927-7c491d,wu26.faithful,ieee14,solution1,,,seconds,defended=1;scenario=14-1;window=1010,75.00055456161499,,,
wu26.faithful-ieee14-20261003t073730z-d5c927-7c491d,wu26.faithful,ieee14,solution1,,,seconds,defended=1;scenario=14-1;window=1011,73.11137342453003,,,
wu26.faithful-ieee14-20261003t073730z-d5c927-7c491d,wu26.faithful,ieee14,solution1,,,seconds,defended=1;scenario=14-1;window=1012,73.69721722602844,,,
wu26.faithful-ieee14-20261003t073730z-d5c927-7c491d,wu26.faithful,ieee14,solution1,,,seconds,defended=1;scenario=14-1;window=1013,73.1575973033905,,,
wu26.faithful-ieee14-20261003t073730z-d5c927-7c491d,wu26.faithful,ieee14,solution1,,,seconds,defended=1;scenario=14-1;window=1014,73.21765351295471,,,
wu26.faithful-ieee14-20261003t073730z-d5c927-7c491d,wu26.faithful,ieee14,solution1,,,seconds,defended=1;scenario=14-1;window=1015,72.43593907356262,,,
wu26.faithful-ieee14-20261003t073730z-d5c927-7c491d,wu26.faithful,ieee14,solution1,,,seconds,defended=1;scenario=14-1;window=1016,70.950355052948,,,
wu26.faithful-ieee14-20261003t073730z-d5c927-7c491d,wu26.faithful,ieee14,solution1,,,seconds,defended=1;scenario=14-1;window=1017,74.23263812065125,,,
wu26.faithful-ieee14-20261003t073730z-d5c927-7c491d,wu26.faithful,ieee14,solution1,,,seconds,defended=1;scenario=14-1;window=1018,74.50464916229248,,,
wu26.faithful-ieee14-20261003t073730z-d5c927-7c491d,wu26.faithful,ieee14,solution1,,,seconds,defended=1;scenario=14-1;window=1019,71.85510754585266,,,
wu26.faithful-ieee14-20261003t073730z-d5c927-7c491d,wu26.faithful,ieee14,solution1,,,trusted_pmu,scenario=14-1;step=1,1.0,,,
wu26.faithful-ieee14-20261003t073730z-d5c927-7c491d,wu26.faithful,ieee14,solution1,,,trusted_pmu,scenario=14-1;step=2,4.0,,,
wu26.faithful-ieee14-20261003t073730z-d5c927-7c491d,wu26.faithful,ieee14,solution1,,,trusted_pmu,scenario=14-1;step=3,6.0,,,
wu26.faithful-ieee14-20261003t073730z-d5c927-7c491d,wu26.faithful,ieee14,solution1,,,trusted_pmu,scenario=14-1;step=4,13.0,,,
wu26.faithful-ieee14-20261003t074126z-4d383b-7224ef,wu26.faithful,ieee14,,,,channels,defended=0;scenario=14-2;window=1000,70.0,,,
wu26.faithful-ieee14-20261003t074126z-4d383b-7224ef,wu26.faithful,ieee14,,,,channels,defended=0;scenario=14-2;window=1001,70.0,,,
wu26.faithful-ieee14-20261003t074126z-4d383b-7224ef,wu26.faithful,ieee14,,,,channels,defended=0;scenario=14-2;window=1002,70.0,,,
wu26.faithful-ieee14-20261003t074126z-4d383b-7224ef,wu26.faithful,ieee14,,,,channels,defended=0;scenario=14-2;window=1003,70.0,,,
wu26.faithful-ieee14-20261003t074126z-4d383b-7224ef,wu26.faithful,ieee14,,,,channels,defended=0;scenario=14-2;window=1004,70.0,,,
wu26.faithful-ieee14-20261003t074126z-4d383b-7224ef,wu26.faithful,ieee14,,,,channels,defended=0;scenario=14-2;window=1005,70.0,,,
wu26.faithful-ieee14-20261003t074126z-4d383b-7224ef,wu26.faithful,ieee14,,,,channels,defended=0;scenario=14-2;window=1006,70.0,,,
wu26.faithful-ieee14-20261003t074126z-4d383b-7224ef,wu26.faithful,ieee14,,,,channels,defended=0;scenario=14-2;window=1007,70.0,,,
wu26.faithful-ieee14-20261003t074126z-4d383b-7224ef,wu26.faithful,ieee14,,,,channels,defended=0;scenario=14-2;window=1008,71.0,,,
wu26.faithful-ieee14-20261003t074126z-4d383b-7224ef,wu26.faithful,ieee14,,,,channels,defended=0;scenario=14-2;window=1009,71.0,,,
wu26.faithful-ieee14-20261003t074126z-4d383b-7224ef,wu26.faithful,ieee14,,,,channels,defended=0;scenario=14-2;window=1010,70.0,,,
wu26.faithful-ieee14-20261003t074126z-4d383b-7224ef,wu26.faithful,ieee14,,,,channels,defended=0;scenario=14-2;window=1011,70.0,,,
wu26.faithful-ieee14-20261003t074126z-4d383b-7224ef,wu26.faithful,ieee14,,,,channels,defended=0;scenario=14-2;window=1012,70.0,,,
wu26.faithful-ieee14-20261003t074126z-4d383b-7224ef,wu26.faithful,ieee14,,,,channels,defended=0;scenario=14-2;window=1013,70.0,,,
wu26.faithful-ieee14-20261003t074126z-4d383b-7224ef,wu26.faithful,ieee14,,,,channels,defended=0;scenario=14-2;window=1014,70.0,,,
wu26.faithful-ieee14-20261003t074126z-4d383b-7224ef,wu26.faithful,ieee14,,,,channels,defended=0;scenario=14-2;window=1015,78.0,,,
wu26.faithful-ieee14-20261003t074126z-4d383b-7224ef,wu26.faithful,ieee14,,,,channels,defended=0;scenario=14-2;window=1016,71.0,,,
wu26.faithful-ieee14-20261003t074126z-4d383b-7224ef,wu26.faithful,ieee14,,,,channels,defended=0;scenario=14-2;window=1017,71.0,,,
wu26.faithful-ieee14-20261003t074126z-4d383b-7224ef,wu26.faithful,ieee14,,,,channels,defended=0;scenario=14-2;window=1018,71.0,,,
wu26.faithful-ieee14-20261003t074126z-4d383b-7224ef,wu26.faithful,ieee14,,,,channels,defended=0;scenario=14-2;window=1019,70.0,,,
wu26.faithful-ieee14-20261003t074126z-4d383b-7224ef,wu26.faithful,ieee14,,,,devices,defended=0;scenario=14-2;window=1000,13.0,,,
wu26.faithful-ieee14-20261003t074126z-4d383b-7224ef,wu26.faithful,ieee14,,,,devices,defended=0;scenario=14-2;window=1001,12.0,,,
wu26.faithful-ieee14-20261003t074126z-4d383b-7224ef,wu26.faithful,ieee14,,,,devices,defended=0;scenario=14-2;window=1002,12.0,,,
wu26.faithful-ieee14-20261003t074126z-4d383b-7224ef,wu26.faithful,ieee14,,,,devices,defended=0;scenario=14-2;window=1003,12.0,,,
wu26.faithful-ieee14-20261003t074126z-4d383b-7224ef,wu26.faithful,ieee14,,,,devices,defended=0;scenario=14-2;window=1004,12.0,,,
wu26.faithful-ieee14-20261003t074126z-4d383b-7224ef,wu26.faithful,ieee14,,,,devices,defended=0;scenario=14-2;window=1005,12.0,,,
wu26.faithful-ieee14-20261003t074126z-4d383b-7224ef,wu26.faithful,ieee14,,,,devices,defended=0;scenario=14-2;window=1006,12.0,,,
wu26.faithful-ieee14-20261003t074126z-4d383b-7224ef,wu26.faithful,ieee14,,,,devices,defended=0;scenario=14-2;window=1007,12.0,,,
wu26.faithful-ieee14-20261003t074126z-4d383b-7224ef,wu26.faithful,ieee14,,,,devices,defended=0;scenario=14-2;window=1008,12.0,,,
wu26.faithful-ieee14-20261003t074126z-4d383b-7224ef,wu26.faithful,ieee14,,,,devices,defended=0;scenario=14-2;window=1009,12.0,,,
wu26.faithful-ieee14-20261003t074126z-4d383b-7224ef,wu26.faithful,ieee14,,,,devices,defended=0;scenario=14-2;window=1010,13.0,,,
wu26.faithful-ieee14-20261003t074126z-4d383b-7224ef,wu26.faithful,ieee14,,,,devices,defended=0;scenario=14-2;window=1011,12.0,,,
wu26.faithful-ieee14-20261003t074126z-4d383b-7224ef,wu26.faithful,ieee14,,,,devices,defended=0;scenario=14-2;window=1012,13.0,,,
wu26.faithful-ieee14-20261003t074126z-4d383b-7224ef,wu26.faithful,ieee14,,,,devices,defended=0;scenario=14-2;window=1013,12.0,,,
wu26.faithful-ieee14-20261003t074126z-4d383b-7224ef,wu26.faithful,ieee14,,,,devices,defended=0;scenario=14-2;window=1014,12.0,,,
wu26.faithful-ieee14-20261003t074126z-4d383b-7224ef,wu26.faithful,ieee14,,,,devices,defended=0;scenario=14-2;window=1015,13.0,,,
wu26.faithful-ieee14-20261003t074126z-4d383b-7224ef,wu26.faithful,ieee14,,,,devices,defended=0;scenario=14-2;window=1016,12.0,,,
wu26.faithful-ieee14-20261003t074126z-4d383b-7224ef,wu26.faithful,ieee14,,,,devices,defended=0;scenario=14-2;window=1017,12.0,,,
wu26.faithful-ieee14-20261003t074126z-4d383b-7224ef,wu26.faithful,ieee14,,,,devices,defended=0;scenario=14-2;window=1018,12.0,,,
wu26.faithful-ieee14-20261003t074126z-4d383b-7224ef,wu26.faithful,ieee14,,,,devices,defended=0;scenario=14-2;window=1019,12.0,,,
wu26.faithful-ieee14-20261003t074126z-4d383b-7224ef,wu26.faithful,ieee14,,,,feasible,defended=0;scenario=14-2;window=1000,1.0,,,
wu26.faithful-ieee14-20261003t074126z-4d383b-7224ef,wu26.faithful,ieee14,,,,feasible,defended=0;scenario=14-2;window=1001,1.0,,,
wu26.faithful-ieee14-20261003t074126z-4d383b-7224ef,wu26.faithful,ieee14,,,,feasible,defended=0;scenario=14-2;window=1002,1.0,,,
wu26.faithful-ieee14-20261003t074126z-4d383b-7224ef,wu26.faithful,ieee14,,,,feasible,defended=0;scenario=14-2;window=1003,1.0,,,
wu26.faithful-ieee14-20261003t074126z-4d383b-7224ef,wu26.faithful,ieee14,,,,feasible,defended=0;scenario=14-2;window=1004,1.0,,,
wu26.faithful-ieee14-20261003t074126z-4d383b-7224ef,wu26.faithful,ieee14,,,,feasible,defended=0;scenario=14-2;window=1005,1.0,,,
wu26.faithful-ieee14-20261003t074126z-4d383b-7224ef,wu26.faithful,ieee14,,,,feasible,defended=0;scenario=14-2;window=1006,1.0,,,
wu26.faithful-ieee14-20261003t074126z-4d383b-7224ef,wu26.faithful,ieee14,,,,feasible,defended=0;scenario=14-2;window=1007,1.0,,,
wu26.faithful-ieee14-20261003t074126z-4d383b-7224ef,wu26.faithful,ieee14,,,,feasible,defended=0;scenario=14-2;window=1008,1.0,,,
wu26.faithful-ieee14-20261003t074126z-4d383b-7224ef,wu26.faithful,ieee14,,,,feasible,defended=0;scenario=14-2;window=1009,1.0,,,
wu26.faithful-ieee14-20261003t074126z-4d383b-7224ef,wu26.faithful,ieee14,,,,feasible,defended=0;scenario=14-2;window=1010,1.0,,,
wu26.faithful-ieee14-20261003t074126z-4d383b-7224ef,wu26.faithful,ieee14,,,,feasible,defended=0;scenario=14-2;window=1011,1.0,,,
wu26.faithful-ieee14-20261003t074126z-4d383b-7224ef,wu26.faithful,ieee14,,,,feasible,defended=0;scenario=14-2;window=1012,1.0,,,
wu26.faithful-ieee14-20261003t074126z-4d383b-7224ef,wu26.faithful,ieee14,,,,feasible,defended=0;scenario=14-2;window=1013,1.0,,,
wu26.faithful-ieee14-20261003t074126z-4d383b-7224ef,wu26.faithful,ieee14,,,,feasible,defended=0;scenario=14-2;window=1014,1.0,,,
wu26.faithful-ieee14-20261003t074126z-4d383b-7224ef,wu26.faithful,ieee14,,,,feasible,defended=0;scenario=14-2;window=1015,1.0,,,
wu26.faithful-ieee14-20261003t074126z-4d383b-7224ef,wu26.faithful,ieee14,,,,feasible,defended=0;scenario=14-2;window=1016,1.0,,,
wu26.faithful-ieee14-20261003t074126z-4d383b-7224ef,wu26.faithful,ieee14,,,,feasible,defended=0;scenario=14-2;window=1017,1.0,,,
wu26.faithful-ieee14-20261003t074126z-4d383b-7224ef,wu26.faithful,ieee14,,,,feasible,defended=0;scenario=14-2;window=1018,1.0,,,
wu26.faithful-ieee14-20261003t074126z-4d383b-7224ef,wu26.faithful,ieee14,,,,feasible,defended=0;scenario=14-2;window=1019,1.0,,,
wu26.faithful-ieee14-20261003t074126z-4d383b-7224ef,wu26.faithful,ieee14,,,,jaccard_pmu,defended=0;scenario=14-2;window=1000,0.75,,,
wu26.faithful-ieee14-20261003t074126z-4d383b-7224ef,wu26.faithful,ieee14,,,,jaccard_pmu,defended=0;scenario=14-2;window=1001,0.75,,,
wu26.faithful-ieee14-20261003t074126z-4d383b-7224ef,wu26.faithful,ieee14,,,,jaccard_pmu,defended=0;scenario=14-2;window=1002,0.75,,,
wu26.faithful-ieee14-20261003t074126z-4d383b-7224ef,wu26.faithful,ieee14,,,,jaccard_pmu,defended=0;scenario=14-2;window=1003,0.75,,,
wu26.faithful-ieee14-20261003t074126z-4d383b-7224ef,wu26.faithful,ieee14,,,,jaccard_pmu,defended=0;scenario=14-2;window=1004,0.75,,,
wu26.faithful-ieee14-20261003t074126z-4d383b-7224ef,wu26.faithful,ieee14,,,,jaccard_pmu,defended=0;scenario=14-2;window=1005,0.75,,,
wu26.faithful-ieee14-20261003t074126z-4d383b-7224ef,wu26.faithful,ieee14,,,,jaccard_pmu,defended=0;scenario=14-2;window=1006,0.75,,,
wu26.faithful-ieee14-20261003t074126z-4d383b-7224ef,wu26.faithful,ieee14,,,,jaccard_pmu,defended=0;scenario=14-2;window=1007,0.75,,,
wu26.faithful-ieee14-20261003t074126z-4d383b-7224ef,wu26.faithful,ieee14,,,,jaccard_pmu,defended=0;scenario=14-2;window=1008,0.75,,,
wu26.faithful-ieee14-20261003t074126z-4d383b-7224ef,wu26.faithful,ieee14,,,,jaccard_pmu,defended=0;scenario=14-2;window=1009,0.75,,,
wu26.faithful-ieee14-20261003t074126z-4d383b-7224ef,wu26.faithful,ieee14,,,,jaccard_pmu,defended=0;scenario=14-2;window=1010,0.75,,,
wu26.faithful-ieee14-20261003t074126z-4d383b-7224ef,wu26.faithful,ieee14,,,,jaccard_pmu,defended=0;scenario=14-2;window=1011,0.75,,,
wu26.faithful-ieee14-20261003t074126z-4d383b-7224ef,wu26.faithful,ieee14,,,,jaccard_pmu,defended=0;scenario=14-2;window=1012,0.75,,,
wu26.faithful-ieee14-20261003t074126z-4d383b-7224ef,wu26.faithful,ieee14,,,,jaccard_pmu,defended=0;scenario=14-2;window=1013,0.75,,,
wu26.faithful-ieee14-20261003t074126z-4d383b-7224ef,wu26.faithful,ieee14,,,,jaccard_pmu,defended=0;scenario=14-2;window=1014,0.75,,,
wu26.faithful-ieee14-20261003t074126z-4d383b-7224ef,wu26.faithful,ieee14,,,,jaccard_pmu,defended=0;scenario=14-2;window=1015,0.75,,,
wu26.faithful-ieee14-20261003t074126z-4d383b-7224ef,wu26.faithful,ieee14,,,,jaccard_pmu,defended=0;scenario=14-2;window=1016,0.75,,,
wu26.faithful-ieee14-20261003t074126z-4d383b-7224ef,wu26.faithful,ieee14,,,,jaccard_pmu,defended=0;scenario=14-2;window=1017,0.75,,,
wu26.faithful-ieee14-20261003t074126z-4d383b-7224ef,wu26.faithful,ieee14,,,,jaccard_pmu,defended=0;scenario=14-2;window=1018,0.75,,,
wu26.faithful-ieee14-20261003t074126z-4d383b-7224ef,wu26.faithful,ieee14,,,,jaccard_pmu,defended=0;scenario=14-2;window=1019,0.75,,,
wu26.faithful-ieee14-20261003t074126z-4d383b-7224ef,wu26.faithful,ieee14,,,,jaccard_scada,defended=0;scenario=14-2;window=1000,0.5,,,
wu26.faithful-ieee14-20261003t074126z-4d383b-7224ef,wu26.faithful,ieee14,,,,jaccard_scada,defended=0;scenario=14-2;window=1001,0.4,,,
wu26.faithful-ieee14-20261003t074126z-4d383b-7224ef,wu26.faithful,ieee14,,,,jaccard_scada,defended=0;scenario=14-2;window=1002,0.4,,,
wu26.faithful-ieee14-20261003t074126z-4d383b-7224ef,wu26.faithful,ieee14,,,,jaccard_scada,defended=0;scenario=14-2;window=1003,0.4,,,
wu26.faithful-ieee14-20261003t074126z-4d383b-7224ef,wu26.faithful,ieee14,,,,jaccard_scada,defended=0;scenario=14-2;window=1004,0.4,,,
wu26.faithful-ieee14-20261003t074126z-4d383b-7224ef,wu26.faithful,ieee14,,,,jaccard_scada,defended=0;scenario=14-2;window=1005,0.4,,,
wu26.faithful-ieee14-20261003t074126z-4d383b-7224ef,wu26.faithful,ieee14,,,,jaccard_scada,defended=0;scenario=14-2;window=1006,0.4,,,
wu26.faithful-ieee14-20261003t074126z-4d383b-7224ef,wu26.faithful,ieee14,,,,jaccard_scada,defended=0;scenario=14-2;window=1007,0.4,,,
wu26.faithful-ieee14-20261003t074126z-4d383b-7224ef,wu26.faithful,ieee14,,,,jaccard_scada,defended=0;scenario=14-2;window=1008,0.4,,,
wu26.faithful-ieee14-20261003t074126z-4d383b-7224ef,wu26.faithful,ieee14,,,,jaccard_scada,defended=0;scenario=14-2;window=1009,0.4,,,
wu26.faithful-ieee14-20261003t074126z-4d383b-7224ef,wu26.faithful,ieee14,,,,jaccard_scada,defended=0;scenario=14-2;window=1010,0.5,,,
wu26.faithful-ieee14-20261003t074126z-4d383b-7224ef,wu26.faithful,ieee14,,,,jaccard_scada,defended=0;scenario=14-2;window=1011,0.4,,,
wu26.faithful-ieee14-20261003t074126z-4d383b-7224ef,wu26.faithful,ieee14,,,,jaccard_scada,defended=0;scenario=14-2;window=1012,0.5,,,
wu26.faithful-ieee14-20261003t074126z-4d383b-7224ef,wu26.faithful,ieee14,,,,jaccard_scada,defended=0;scenario=14-2;window=1013,0.4,,,
wu26.faithful-ieee14-20261003t074126z-4d383b-7224ef,wu26.faithful,ieee14,,,,jaccard_scada,defended=0;scenario=14-2;window=1014,0.4,,,
wu26.faithful-ieee14-20261003t074126z-4d383b-7224ef,wu26.faithful,ieee14,,,,jaccard_scada,defended=0;scenario=14-2;window=1015,0.5,,,
wu26.faithful-ieee14-20261003t074126z-4d383b-7224ef,wu26.faithful,ieee14,,,,jaccard_scada,defended=0;scenario=14-2;window=1016,0.4,,,
wu26.faithful-ieee14-20261003t074126z-4d383b-7224ef,wu26.faithful,ieee14,,,,jaccard_scada,defended=0;scenario=14-2;window=1017,0.4,,,
wu26.faithful-ieee14-20261003t074126z-4d383b-7224ef,wu26.faithful,ieee14,,,,jaccard_scada,defended=0;scenario=14-2;window=1018,0.4,,,
wu26.faithful-ieee14-20261003t074126z-4d383b-7224ef,wu26.faithful,ieee14,,,,jaccard_scada,defended=0;scenario=14-2;window=1019,0.4,,,
wu26.faithful-ieee14-20261003t074126z-4d383b-7224ef,wu26.faithful,ieee14,,,,max_change_pu,defended=0;scenario=14-2;window=1000,0.2011691760580205,,,
wu26.faithful-ieee14-20261003t074126z-4d383b-7224ef,wu26.faithful,ieee14,,,,max_change_pu,defended=0;scenario=14-2;window=1001,0.20062791775749705,,,
wu26.faithful-ieee14-20261003t074126z-4d383b-7224ef,wu26.faithful,ieee14,,,,max_change_pu,defended=0;scenario=14-2;window=1002,0.20099839660015317,,,
wu26.faithful-ieee14-20261003t074126z-4d383b-7224ef,wu26.faithful,ieee14,,,,max_change_pu,defended=0;scenario=14-2;window=1003,0.2014300602272089,,,
wu26.faithful-ieee14-20261003t074126z-4d383b-7224ef,wu26.faithful,ieee14,,,,max_change_pu,defended=0;scenario=14-2;window=1004,0.20157013876179053,,,
wu26.faithful-ieee14-20261003t074126z-4d383b-7224ef,wu26.faithful,ieee14,,,,max_change_pu,defended=0;scenario=14-2;window=1005,0.20164348691503442,,,
wu26.faithful-ieee14-20261003t074126z-4d383b-7224ef,wu26.faithful,ieee14,,,,max_change_pu,defended=0;scenario=14-2;window=1006,0.20131142053734494,,,
wu26.faithful-ieee14-20261003t074126z-4d383b-7224ef,wu26.faithful,ieee14,,,,max_change_pu,defended=0;scenario=14-2;window=1007,0.20146963001548632,,,
wu26.faithful-ieee14-20261003t074126z-4d383b-7224ef,wu26.faithful,ieee14,,,,max_change_pu,defended=0;scenario=14-2;window=1008,0.20117538447300787,,,
wu26.faithful-ieee14-20261003t074126z-4d383b-7224ef,wu26.faithful,ieee14,,,,max_change_pu,defended=0;scenario=14-2;window=1009,0.20129950725550938,,,
wu26.faithful-ieee14-20261003t074126z-4d383b-7224ef,wu26.faithful,ieee14,,,,max_change_pu,defended=0;scenario=14-2;window=1010,0.20175560677842994,,,
wu26.faithful-ieee14-20261003t074126z-4d383b-7224ef,wu26.faithful,ieee14,,,,max_change_pu,defended=0;scenario=14-2;window=1011,0.20129900234356776,,,
wu26.faithful-ieee14-20261003t074126z-4d383b-7224ef,wu26.faithful,ieee14,,,,max_change_pu,defended=0;scenario=14-2;window=1012,0.201139234296792,,,
wu26.faithful-ieee14-20261003t074126z-4d383b-7224ef,wu26.faithful,ieee14,,,,max_change_pu,defended=0;scenario=14-2;window=1013,0.20028894905824085,,,
wu26.faithful-ieee14-20261003t074126z-4d383b-7224ef,wu26.faithful,ieee14,,,,max_change_pu,defended=0;scenario=14-2;window=1014,0.20086839880927967,,,
wu26.faithful-ieee14-20261003t074126z-4d383b-7224ef,wu26.faithful,ieee14,,,,max_change_pu,defended=0;scenario=14-2;window=1015,0.20056191233337084,,,
wu26.faithful-ieee14-20261003t074126z-4d383b-7224ef,wu26.faithful,ieee14,,,,max_change_pu,defended=0;scenario=14-2;window=1016,0.20119795028617526,,,
wu26.faithful-ieee14-20261003t074126z-4d383b-7224ef,wu26.faithful,ieee14,,,,max_change_pu,defended=0;scenario=14-2;window=1017,0.20027044957239287,,,
wu26.faithful-ieee14-20261003t074126z-4d383b-7224ef,wu26.faithful,ieee14,,,,max_change_pu,defended=0;scenario=14-2;window=1018,0.20152986159216138,,,
wu26.faithful-ieee14-20261003t074126z-4d383b-7224ef,wu26.faithful,ieee14,,,,max_change_pu,defended=0;scenario=14-2;window=1019,0.20136804079892237,,,
wu26.faithful-ieee14-20261003t074126z-4d383b-7224ef,wu26.faithful,ieee14,,,,reference_hits,defended=0;scenario=14-2;window=1000,8.0,,,
wu26.faithful-ieee14-20261003t074126z-4d383b-7224ef,wu26.faithful,ieee14,,,,reference_hits,defended=0;scenario=14-2;window=1001,7.0,,,
wu26.faithful-ieee14-20261003t074126z-4d383b-7224ef,wu26.faithful,ieee14,,,,reference_hits,defended=0;scenario=14-2;window=1002,7.0,,,
wu26.faithful-ieee14-20261003t074126z-4d383b-7224ef,wu26.faithful,ieee14,,,,reference_hits,defended=0;scenario=14-2;window=1003,7.0,,,
wu26.faithful-ieee14-20261003t074126z-4d383b-7224ef,wu26.faithful,ieee14,,,,reference_hits,defended=0;scenario=14-2;window=1004,7.0,,,
wu26.faithful-ieee14-20261003t074126z-4d383b-7224ef,wu26.faithful,ieee14,,,,reference_hits,defended=0;scenario=14-2;window=1005,7.0,,,
wu26.faithful-ieee14-20261003t074126z-4d383b-7224ef,wu26.faithful,ieee14,,,,reference_hits,defended=0;scenario=14-2;window=1006,7.0,,,
wu26.faithful-ieee14-20261003t074126z-4d383b-7224ef,wu26.faithful,ieee14,,,,reference_hits,defended=0;scenario=14-2;window=1007,7.0,,,
wu26.faithful-ieee14-20261003t074126z-4d383b-7224ef,wu26.faithful,ieee14,,,,reference_hits,defended=0;scenario=14-2;window=1008,7.0,,,
wu26.faithful-ieee14-20261003t074126z-4d383b-7224ef,wu26.faithful,ieee14,,,,reference_hits,defended=0;scenario=14-2;window=1009,7.0,,,
wu26.faithful-ieee14-20261003t074126z-4d383b-7224ef,wu26.faithful,ieee14,,,,reference_hits,defended=0;scenario=14-2;window=1010,8.0,,,
wu26.faithful-ieee14-20261003t074126z-4d383b-7224ef,wu26.faithful,ieee14,,,,reference_hits,defended=0;scenario=14-2;window=1011,7.0,,,
wu26.faithful-ieee14-20261003t074126z-4d383b-7224ef,wu26.faithful,ieee14,,,,reference_hits,defended=0;scenario=14-2;window=1012,8.0,,,
wu26.faithful-ieee14-20261003t074126z-4d383b-7224ef,wu26.faithful,ieee14,,,,reference_hits,defended=0;scenario=14-2;window=1013,7.0,,,
wu26.faithful-ieee14-20261003t074126z-4d383b-7224ef,wu26.faithful,ieee14,,,,reference_hits,defended=0;scenario=14-2;window=1014,7.0,,,
wu26.faithful-ieee14-20261003t074126z-4d383b-7224ef,wu26.faithful,ieee14,,,,reference_hits,defended=0;scenario=14-2;window=1015,8.0,,,
wu26.faithful-ieee14-20261003t074126z-4d383b-7224ef,wu26.faithful,ieee14,,,,reference_hits,defended=0;scenario=14-2;window=1016,7.0,,,
wu26.faithful-ieee14-20261003t074126z-4d383b-7224ef,wu26.faithful,ieee14,,,,reference_hits,defended=0;scenario=14-2;window=1017,7.0,,,
wu26.faithful-ieee14-20261003t074126z-4d383b-7224ef,wu26.faithful,ieee14,,,,reference_hits,defended=0;scenario=14-2;window=1018,7.0,,,
wu26.faithful-ieee14-20261003t074126z-4d383b-7224ef,wu26.faithful,ieee14,,,,reference_hits,defended=0;scenario=14-2;window=1019,7.0,,,
wu26.faithful-ieee14-20261003t074126z-4d383b-7224ef,wu26.faithful,ieee14,,,,seconds,defended=0;scenario=14-2;window=1000,70.8412413597107,,,
wu26.faithful-ieee14-20261003t074126z-4d383b-7224ef,wu26.faithful,ieee14,,,,seconds,defended=0;scenario=14-2;window=1001,72.81292080879211,,,
wu26.faithful-ieee14-20261003t074126z-4d383b-7224ef,wu26.faithful,ieee14,,,,seconds,defended=0;scenario=14-2;window=1002,72.37985587120056,,,
wu26.faithful-ieee14-20261003t074126z-4d383b-7224ef,wu26.faithful,ieee14,,,,seconds,defended=0;scenario=14-2;window=1003,72.09804320335388,,,
wu26.faithful-ieee14-20261003t074126z-4d383b-7224ef,wu26.faithful,ieee14,,,,seconds,defended=0;scenario=14-2;window=1004,70.67750930786133,,,
wu26.faithful-ieee14-20261003t074126z-4d383b-7224ef,wu26.faithful,ieee14,,,,seconds,defended=0;scenario=14-2;window=1005,73.42500591278076,,,
wu26.faithful-ieee14-20261003t074126z-4d383b-7224ef,wu26.faithful,ieee14,,,,seconds,defended=0;scenario=14-2;window=1006,71.50710773468018,,,
wu26.faithful-ieee14-20261003t074126z-4d383b-7224ef,wu26.faithful,ieee14,,,,seconds,defended=0;scenario=14-2;window=1007,73.58186221122742,,,
wu26.faithful-ieee14-20261003t074126z-4d383b-7224ef,wu26.faithful,ieee14,,,,seconds,defended=0;scenario=14-2;window=1008,72.60602712631226,,,
wu26.faithful-ieee14-20261003t074126z-4d383b-7224ef,wu26.faithful,ieee14,,,,seconds,defended=0;scenario=14-2;window=1009,72.72545433044434,,,
wu26.faithful-ieee14-20261003t074126z-4d383b-7224ef,wu26.faithful,ieee14,,,,seconds,defended=0;scenario=14-2;window=1010,71.08416604995728,,,
wu26.faithful-ieee14-20261003t074126z-4d383b-7224ef,wu26.faithful,ieee14,,,,seconds,defended=0;scenario=14-2;window=1011,71.72030377388,,,
wu26.faithful-ieee14-20261003t074126z-4d383b-7224ef,wu26.faithful,ieee14,,,,seconds,defended=0;scenario=14-2;window=1012,72.60512614250183,,,
wu26.faithful-ieee14-20261003t074126z-4d383b-7224ef,wu26.faithful,ieee14,,,,seconds,defended=0;scenario=14-2;window=1013,73.24081659317017,,,
wu26.faithful-ieee14-20261003t074126z-4d383b-7224ef,wu26.faithful,ieee14,,,,seconds,defended=0;scenario=14-2;window=1014,72.31021666526794,,,
wu26.faithful-ieee14-20261003t074126z-4d383b-7224ef,wu26.faithful,ieee14,,,,seconds,defended=0;scenario=14-2;window=1015,72.49519801139832,,,
wu26.faithful-ieee14-20261003t074126z-4d383b-7224ef,wu26.faithful,ieee14,,,,seconds,defended=0;scenario=14-2;window=1016,70.54025745391846,,,
wu26.faithful-ieee14-20261003t074126z-4d383b-7224ef,wu26.faithful,ieee14,,,,seconds,defended=0;scenario=14-2;window=1017,71.53509783744812,,,
wu26.faithful-ieee14-20261003t074126z-4d383b-7224ef,wu26.faithful,ieee14,,,,seconds,defended=0;scenario=14-2;window=1018,70.86306619644165,,,
wu26.faithful-ieee14-20261003t074126z-4d383b-7224ef,wu26.faithful,ieee14,,,,seconds,defended=0;scenario=14-2;window=1019,72.10878825187683,,,
wu26.faithful-ieee14-20261003t074126z-4d383b-7224ef,wu26.faithful,ieee14,described,,,channels,defended=1;scenario=14-2;window=1000,71.0,,,
wu26.faithful-ieee14-20261003t074126z-4d383b-7224ef,wu26.faithful,ieee14,described,,,channels,defended=1;scenario=14-2;window=1001,71.0,,,
wu26.faithful-ieee14-20261003t074126z-4d383b-7224ef,wu26.faithful,ieee14,described,,,channels,defended=1;scenario=14-2;window=1002,71.0,,,
wu26.faithful-ieee14-20261003t074126z-4d383b-7224ef,wu26.faithful,ieee14,described,,,channels,defended=1;scenario=14-2;window=1003,70.0,,,
wu26.faithful-ieee14-20261003t074126z-4d383b-7224ef,wu26.faithful,ieee14,described,,,channels,defended=1;scenario=14-2;window=1004,72.0,,,
wu26.faithful-ieee14-20261003t074126z-4d383b-7224ef,wu26.faithful,ieee14,described,,,channels,defended=1;scenario=14-2;window=1005,71.0,,,
wu26.faithful-ieee14-20261003t074126z-4d383b-7224ef,wu26.faithful,ieee14,described,,,channels,defended=1;scenario=14-2;window=1006,71.0,,,
wu26.faithful-ieee14-20261003t074126z-4d383b-7224ef,wu26.faithful,ieee14,described,,,channels,defended=1;scenario=14-2;window=1007,71.0,,,
wu26.faithful-ieee14-20261003t074126z-4d383b-7224ef,wu26.faithful,ieee14,described,,,channels,defended=1;scenario=14-2;window=1008,71.0,,,
wu26.faithful-ieee14-20261003t074126z-4d383b-7224ef,wu26.faithful,ieee14,described,,,channels,defended=1;scenario=14-2;window=1009,69.0,,,
wu26.faithful-ieee14-20261003t074126z-4d383b-7224ef,wu26.faithful,ieee14,described,,,channels,defended=1;scenario=14-2;window=1010,71.0,,,
wu26.faithful-ieee14-20261003t074126z-4d383b-7224ef,wu26.faithful,ieee14,described,,,channels,defended=1;scenario=14-2;window=1011,71.0,,,
wu26.faithful-ieee14-20261003t074126z-4d383b-7224ef,wu26.faithful,ieee14,described,,,channels,defended=1;scenario=14-2;window=1012,72.0,,,
wu26.faithful-ieee14-20261003t074126z-4d383b-7224ef,wu26.faithful,ieee14,described,,,channels,defended=1;scenario=14-2;window=1013,72.0,,,
wu26.faithful-ieee14-20261003t074126z-4d383b-7224ef,wu26.faithful,ieee14,described,,,channels,defended=1;scenario=14-2;window=1014,72.0,,,
wu26.faithful-ieee14-20261003t074126z-4d383b-7224ef,wu26.faithful,ieee14,described,,,channels,defended=1;scenario=14-2;window=1015,82.0,,,
wu26.faithful-ieee14-20261003t074126z-4d383b-7224ef,wu26.faithful,ieee14,described,,,channels,defended=1;scenario=14-2;window=1016,71.0,,,
wu26.faithful-ieee14-20261003t074126z-4d383b-7224ef,wu26.faithful,ieee14,described,,,channels,defended=1;scenario=14-2;window=1017,71.0,,,
wu26.faithful-ieee14-20261003t074126z-4d383b-7224ef,wu26.faithful,ieee14,described,,,channels,defended=1;scenario=14-2;window=1018,68.0,,,
wu26.faithful-ieee14-20261003t074126z-4d383b-7224ef,wu26.faithful,ieee14,described,,,channels,defended=1;scenario=14-2;window=1019,70.0,,,
wu26.faithful-ieee14-20261003t074126z-4d383b-7224ef,wu26.faithful,ieee14,described,,,cost_increase_pct,defended=1;scenario=14-2;window=1000,0.0,,,
wu26.faithful-ieee14-20261003t074126z-4d383b-7224ef,wu26.faithful,ieee14,described,,,cost_increase_pct,defended=1;scenario=14-2;window=1001,0.0,,,
wu26.faithful-ieee14-20261003t074126z-4d383b-7224ef,wu26.faithful,ieee14,described,,,cost_increase_pct,defended=1;scenario=14-2;window=1002,8.333333333333334,,,
wu26.faithful-ieee14-20261003t074126z-4d383b-7224ef,wu26.faithful,ieee14,described,,,cost_increase_pct,defended=1;scenario=14-2;window=1003,0.0,,,
wu26.faithful-ieee14-20261003t074126z-4d383b-7224ef,wu26.faithful,ieee14,described,,,cost_increase_pct,defended=1;scenario=14-2;window=1004,0.0,,,
wu26.faithful-ieee14-20261003t074126z-4d383b-7224ef,wu26.faithful,ieee14,described,,,cost_increase_pct,defended=1;scenario=14-2;window=1005,0.0,,,
wu26.faithful-ieee14-20261003t074126z-4d383b-7224ef,wu26.faithful,ieee14,described,,,cost_increase_pct,defended=1;scenario=14-2;window=1006,0.0,,,
wu26.faithful-ieee14-20261003t074126z-4d383b-7224ef,wu26.faithful,ieee14,described,,,cost_increase_pct,defended=1;scenario=14-2;window=1007,0.0,,,
wu26.faithful-ieee14-20261003t074126z-4d383b-7224ef,wu26.faithful,ieee14,described,,,cost_increase_pct,defended=1;scenario=14-2;window=1008,0.0,,,
wu26.faithful-ieee14-20261003t074126z-4d383b-7224ef,wu26.faithful,ieee14,described,,,cost_increase_pct,defended=1;scenario=14-2;window=1009,0.0,,,
wu26.faithful-ieee14-20261003t074126z-4d383b-7224ef,wu26.faithful,ieee14,described,,,cost_increase_pct,defended=1;scenario=14-2;window=1010,0.0,,,
wu26.faithful-ieee14-20261003t074126z-4d383b-7224ef,wu26.faithful,ieee14,described,,,cost_increase_pct,defended=1;scenario=14-2;window=1011,0.0,,,
wu26.faithful-ieee14-20261003t074126z-4d383b-7224ef,wu26.faithful,ieee14,described,,,cost_increase_pct,defended=1;scenario=14-2;window=1012,0.0,,,
wu26.faithful-ieee14-20261003t074126z-4d383b-7224ef,wu26.faithful,ieee14,described,,,cost_increase_pct,defended=1;scenario=14-2;window=1013,0.0,,,
wu26.faithful-ieee14-20261003t074126z-4d383b-7224ef,wu26.faithful,ieee14,described,,,cost_increase_pct,defended=1;scenario=14-2;window=1014,8.333333333333334,,,
wu26.faithful-ieee14-20261003t074126z-4d383b-7224ef,wu26.faithful,ieee14,described,,,cost_increase_pct,defended=1;scenario=14-2;window=1015,-7.6923076923076925,,,
wu26.faithful-ieee14-20261003t074126z-4d383b-7224ef,wu26.faithful,ieee14,described,,,cost_increase_pct,defended=1;scenario=14-2;window=1016,0.0,,,
wu26.faithful-ieee14-20261003t074126z-4d383b-7224ef,wu26.faithful,ieee14,described,,,cost_increase_pct,defended=1;scenario=14-2;window=1017,0.0,,,
wu26.faithful-ieee14-20261003t074126z-4d383b-7224ef,wu26.faithful,ieee14,described,,,cost_increase_pct,defended=1;scenario=14-2;window=1018,0.0,,,
wu26.faithful-ieee14-20261003t074126z-4d383b-7224ef,wu26.faithful,ieee14,described,,,cost_increase_pct,defended=1;scenario=14-2;window=1019,0.0,,,
wu26.faithful-ieee14-20261003t074126z-4d383b-7224ef,wu26.faithful,ieee14,described,,,devices,defended=1;scenario=14-2;window=1000,13.0,,,
wu26.faithful-ieee14-20261003t074126z-4d383b-7224ef,wu26.faithful,ieee14,described,,,devices,defended=1;scenario=14-2;window=1001,12.0,,,
wu26.faithful-ieee14-20261003t074126z-4d383b-7224ef,wu26.faithful,ieee14,described,,,devices,defended=1;scenario=14-2;window=1002,13.0,,,
wu26.faithful-ieee14-20261003t074126z-4d383b-7224ef,wu26.faithful,ieee14,described,,,devices,defended=1;scenario=14-2;window=1003,12.0,,,
wu26.faithful-ieee14-20261003t074126z-4d383b-7224ef,wu26.faithful,ieee14,described,,,devices,defended=1;scenario=14-2;window=1004,12.0,,,
wu26.faithful-ieee14-20261003t074126z-4d383b-7224ef,wu26.faithful,ieee14,described,,,devices,defended=1;scenario=14-2;window=1005,12.0,,,
wu26.faithful-ieee14-20261003t074126z-4d383b-7224ef,wu26.faithful,ieee14,described,,,devices,defended=1;scenario=14-2;window=1006,12.0,,,
wu26.faithful-ieee14-20261003t074126z-4d383b-7224ef,wu26.faithful,ieee14,described,,,devices,defended=1;scenario=14-2;window=1007,12.0,,,
wu26.faithful-ieee14-20261003t074126z-4d383b-7224ef,wu26.faithful,ieee14,described,,,devices,defended=1;scenario=14-2;window=1008,12.0,,,
wu26.faithful-ieee14-20261003t074126z-4d383b-7224ef,wu26.faithful,ieee14,described,,,devices,defended=1;scenario=14-2;window=1009,12.0,,,
wu26.faithful-ieee14-20261003t074126z-4d383b-7224ef,wu26.faithful,ieee14,described,,,devices,defended=1;scenario=14-2;window=1010,13.0,,,
wu26.faithful-ieee14-20261003t074126z-4d383b-7224ef,wu26.faithful,ieee14,described,,,devices,defended=1;scenario=14-2;window=1011,12.0,,,
wu26.faithful-ieee14-20261003t074126z-4d383b-7224ef,wu26.faithful,ieee14,described,,,devices,defended=1;scenario=14-2;window=1012,13.0,,,
wu26.faithful-ieee14-20261003t074126z-4d383b-7224ef,wu26.faithful,ieee14,described,,,devices,defended=1;scenario=14-2;window=1013,12.0,,,
wu26.faithful-ieee14-20261003t074126z-4d383b-7224ef,wu26.faithful,ieee14,described,,,devices,defended=1;scenario=14-2;window=1014,13.0,,,
wu26.faithful-ieee14-20261003t074126z-4d383b-7224ef,wu26.faithful,ieee14,described,,,devices,defended=1;scenario=14-2;window=1015,12.0,,,
wu26.faithful-ieee14-20261003t074126z-4d383b-7224ef,wu26.faithful,ieee14,described,,,devices,defended=1;scenario=14-2;window=1016,12.0,,,
wu26.faithful-ieee14-20261003t074126z-4d383b-7224ef,wu26.faithful,ieee14,described,,,devices,defended=1;scenario=14-2;window=1017,12.0,,,
wu26.faithful-ieee14-20261003t074126z-4d383b-7224ef,wu26.faithful,ieee14,described,,,devices,defended=1;scenario=14-2;window=1018,12.0,,,
wu26.faithful-ieee14-20261003t074126z-4d383b-7224ef,wu26.faithful,ieee14,described,,,devices,defended=1;scenario=14-2;window=1019,12.0,,,
wu26.faithful-ieee14-20261003t074126z-4d383b-7224ef,wu26.faithful,ieee14,described,,,extra_devices,defended=1;scenario=14-2;window=1000,0.0,,,
wu26.faithful-ieee14-20261003t074126z-4d383b-7224ef,wu26.faithful,ieee14,described,,,extra_devices,defended=1;scenario=14-2;window=1001,0.0,,,
wu26.faithful-ieee14-20261003t074126z-4d383b-7224ef,wu26.faithful,ieee14,described,,,extra_devices,defended=1;scenario=14-2;window=1002,1.0,,,
wu26.faithful-ieee14-20261003t074126z-4d383b-7224ef,wu26.faithful,ieee14,described,,,extra_devices,defended=1;scenario=14-2;window=1003,0.0,,,
wu26.faithful-ieee14-20261003t074126z-4d383b-7224ef,wu26.faithful,ieee14,described,,,extra_devices,defended=1;scenario=14-2;window=1004,0.0,,,
wu26.faithful-ieee14-20261003t074126z-4d383b-7224ef,wu26.faithful,ieee14,described,,,extra_devices,defended=1;scenario=14-2;window=1005,0.0,,,
wu26.faithful-ieee14-20261003t074126z-4d383b-7224ef,wu26.faithful,ieee14,described,,,extra_devices,defended=1;scenario=14-2;window=1006,0.0,,,
wu26.faithful-ieee14-20261003t074126z-4d383b-7224ef,wu26.faithful,ieee14,described,,,extra_devices,defended=1;scenario=14-2;window=1007,0.0,,,
wu26.faithful-ieee14-20261003t074126z-4d383b-7224ef,wu26.faithful,ieee14,described,,,extra_devices,defended=1;scenario=14-2;window=1008,0.0,,,
wu26.faithful-ieee14-20261003t074126z-4d383b-7224ef,wu26.faithful,ieee14,described,,,extra_devices,defended=1;scenario=14-2;window=1009,0.0,,,
wu26.faithful-ieee14-20261003t074126z-4d383b-7224ef,wu26.faithful,ieee14,described,,,extra_devices,defended=1;scenario=14-2;window=1010,0.0,,,
wu26.faithful-ieee14-20261003t074126z-4d383b-7224ef,wu26.faithful,ieee14,described,,,extra_devices,defended=1;scenario=14-2;window=1011,0.0,,,
wu26.faithful-ieee14-20261003t074126z-4d383b-7224ef,wu26.faithful,ieee14,described,,,extra_devices,defended=1;scenario=14-2;window=1012,0.0,,,
wu26.faithful-ieee14-20261003t074126z-4d383b-7224ef,wu26.faithful,ieee14,described,,,extra_devices,defended=1;scenario=14-2;window=1013,0.0,,,
wu26.faithful-ieee14-20261003t074126z-4d383b-7224ef,wu26.faithful,ieee14,described,,,extra_devices,defended=1;scenario=14-2;window=1014,1.0,,,
wu26.faithful-ieee14-20261003t074126z-4d383b-7224ef,wu26.faithful,ieee14,described,,,extra_devices,defended=1;scenario=14-2;window=1015,0.0,,,
wu26.faithful-ieee14-20261003t074126z-4d383b-7224ef,wu26.faithful,ieee14,described,,,extra_devices,defended=1;scenario=14-2;window=1016,0.0,,,
wu26.faithful-ieee14-20261003t074126z-4d383b-7224ef,wu26.faithful,ieee14,described,,,extra_devices,defended=1;scenario=14-2;window=1017,0.0,,,
wu26.faithful-ieee14-20261003t074126z-4d383b-7224ef,wu26.faithful,ieee14,described,,,extra_devices,defended=1;scenario=14-2;window=1018,0.0,,,
wu26.faithful-ieee14-20261003t074126z-4d383b-7224ef,wu26.faithful,ieee14,described,,,extra_devices,defended=1;scenario=14-2;window=1019,0.0,,,
wu26.faithful-ieee14-20261003t074126z-4d383b-7224ef,wu26.faithful,ieee14,described,,,feasible,defended=1;scenario=14-2;window=1000,1.0,,,
wu26.faithful-ieee14-20261003t074126z-4d383b-7224ef,wu26.faithful,ieee14,described,,,feasible,defended=1;scenario=14-2;window=1001,1.0,,,
wu26.faithful-ieee14-20261003t074126z-4d383b-7224ef,wu26.faithful,ieee14,described,,,feasible,defended=1;scenario=14-2;window=1002,1.0,,,
wu26.faithful-ieee14-20261003t074126z-4d383b-7224ef,wu26.faithful,ieee14,described,,,feasible,defended=1;scenario=14-2;window=1003,1.0,,,
wu26.faithful-ieee14-20261003t074126z-4d383b-7224ef,wu26.faithful,ieee14,described,,,feasible,defended=1;scenario=14-2;window=1004,1.0,,,
wu26.faithful-ieee14-20261003t074126z-4d383b-7224ef,wu26.faithful,ieee14,described,,,feasible,defended=1;scenario=14-2;window=1005,1.0,,,
wu26.faithful-ieee14-20261003t074126z-4d383b-7224ef,wu26.faithful,ieee14,described,,,feasible,defended=1;scenario=14-2;window=1006,1.0,,,
wu26.faithful-ieee14-20261003t074126z-4d383b-7224ef,wu26.faithful,ieee14,described,,,feasible,defended=1;scenario=14-2;window=1007,1.0,,,
wu26.faithful-ieee14-20261003t074126z-4d383b-7224ef,wu26.faithful,ieee14,described,,,feasible,defended=1;scenario=14-2;window=1008,1.0,,,
wu26.faithful-ieee14-20261003t074126z-4d383b-7224ef,wu26.faithful,ieee14,described,,,feasible,defended=1;scenario=14-2;window=1009,1.0,,,
wu26.faithful-ieee14-20261003t074126z-4d383b-7224ef,wu26.faithful,ieee14,described,,,feasible,defended=1;scenario=14-2;window=1010,1.0,,,
wu26.faithful-ieee14-20261003t074126z-4d383b-7224ef,wu26.faithful,ieee14,described,,,feasible,defended=1;scenario=14-2;window=1011,1.0,,,
wu26.faithful-ieee14-20261003t074126z-4d383b-7224ef,wu26.faithful,ieee14,described,,,feasible,defended=1;scenario=14-2;window=1012,1.0,,,
wu26.faithful-ieee14-20261003t074126z-4d383b-7224ef,wu26.faithful,ieee14,described,,,feasible,defended=1;scenario=14-2;window=1013,1.0,,,
wu26.faithful-ieee14-20261003t074126z-4d383b-7224ef,wu26.faithful,ieee14,described,,,feasible,defended=1;scenario=14-2;window=1014,1.0,,,
wu26.faithful-ieee14-20261003t074126z-4d383b-7224ef,wu26.faithful,ieee14,described,,,feasible,defended=1;scenario=14-2;window=1015,1.0,,,
wu26.faithful-ieee14-20261003t074126z-4d383b-7224ef,wu26.faithful,ieee14,described,,,feasible,defended=1;scenario=14-2;window=1016,1.0,,,
wu26.faithful-ieee14-20261003t074126z-4d383b-7224ef,wu26.faithful,ieee14,described,,,feasible,defended=1;scenario=14-2;window=1017,1.0,,,
wu26.faithful-ieee14-20261003t074126z-4d383b-7224ef,wu26.faithful,ieee14,described,,,feasible,defended=1;scenario=14-2;window=1018,1.0,,,
wu26.faithful-ieee14-20261003t074126z-4d383b-7224ef,wu26.faithful,ieee14,described,,,feasible,defended=1;scenario=14-2;window=1019,1.0,,,
wu26.faithful-ieee14-20261003t074126z-4d383b-7224ef,wu26.faithful,ieee14,described,,,seconds,defended=1;scenario=14-2;window=1000,69.63542246818542,,,
wu26.faithful-ieee14-20261003t074126z-4d383b-7224ef,wu26.faithful,ieee14,described,,,seconds,defended=1;scenario=14-2;window=1001,69.22477698326111,,,
wu26.faithful-ieee14-20261003t074126z-4d383b-7224ef,wu26.faithful,ieee14,described,,,seconds,defended=1;scenario=14-2;window=1002,69.84096169471741,,,
wu26.faithful-ieee14-20261003t074126z-4d383b-7224ef,wu26.faithful,ieee14,described,,,seconds,defended=1;scenario=14-2;window=1003,70.82162761688232,,,
wu26.faithful-ieee14-20261003t074126z-4d383b-7224ef,wu26.faithful,ieee14,described,,,seconds,defended=1;scenario=14-2;window=1004,68.58989000320435,,,
wu26.faithful-ieee14-20261003t074126z-4d383b-7224ef,wu26.faithful,ieee14,described,,,seconds,defended=1;scenario=14-2;window=1005,67.17044925689697,,,
wu26.faithful-ieee14-20261003t074126z-4d383b-7224ef,wu26.faithful,ieee14,described,,,seconds,defended=1;scenario=14-2;window=1006,68.4158787727356,,,
wu26.faithful-ieee14-20261003t074126z-4d383b-7224ef,wu26.faithful,ieee14,described,,,seconds,defended=1;scenario=14-2;window=1007,69.20981860160828,,,
wu26.faithful-ieee14-20261003t074126z-4d383b-7224ef,wu26.faithful,ieee14,described,,,seconds,defended=1;scenario=14-2;window=1008,68.96320128440857,,,
wu26.faithful-ieee14-20261003t074126z-4d383b-7224ef,wu26.faithful,ieee14,described,,,seconds,defended=1;scenario=14-2;window=1009,68.67509031295776,,,
wu26.faithful-ieee14-20261003t074126z-4d383b-7224ef,wu26.faithful,ieee14,described,,,seconds,defended=1;scenario=14-2;window=1010,68.90078616142273,,,
wu26.faithful-ieee14-20261003t074126z-4d383b-7224ef,wu26.faithful,ieee14,described,,,seconds,defended=1;scenario=14-2;window=1011,68.48038506507874,,,
wu26.faithful-ieee14-20261003t074126z-4d383b-7224ef,wu26.faithful,ieee14,described,,,seconds,defended=1;scenario=14-2;window=1012,68.60195922851562,,,
wu26.faithful-ieee14-20261003t074126z-4d383b-7224ef,wu26.faithful,ieee14,described,,,seconds,defended=1;scenario=14-2;window=1013,68.94074869155884,,,
wu26.faithful-ieee14-20261003t074126z-4d383b-7224ef,wu26.faithful,ieee14,described,,,seconds,defended=1;scenario=14-2;window=1014,70.02598094940186,,,
wu26.faithful-ieee14-20261003t074126z-4d383b-7224ef,wu26.faithful,ieee14,described,,,seconds,defended=1;scenario=14-2;window=1015,66.68700885772705,,,
wu26.faithful-ieee14-20261003t074126z-4d383b-7224ef,wu26.faithful,ieee14,described,,,seconds,defended=1;scenario=14-2;window=1016,70.33729457855225,,,
wu26.faithful-ieee14-20261003t074126z-4d383b-7224ef,wu26.faithful,ieee14,described,,,seconds,defended=1;scenario=14-2;window=1017,68.80958437919617,,,
wu26.faithful-ieee14-20261003t074126z-4d383b-7224ef,wu26.faithful,ieee14,described,,,seconds,defended=1;scenario=14-2;window=1018,69.29897904396057,,,
wu26.faithful-ieee14-20261003t074126z-4d383b-7224ef,wu26.faithful,ieee14,described,,,seconds,defended=1;scenario=14-2;window=1019,70.7746217250824,,,
wu26.faithful-ieee14-20261003t074126z-4d383b-7224ef,wu26.faithful,ieee14,solution1,,,channels,defended=1;scenario=14-2;window=1000,70.0,,,
wu26.faithful-ieee14-20261003t074126z-4d383b-7224ef,wu26.faithful,ieee14,solution1,,,channels,defended=1;scenario=14-2;window=1001,71.0,,,
wu26.faithful-ieee14-20261003t074126z-4d383b-7224ef,wu26.faithful,ieee14,solution1,,,channels,defended=1;scenario=14-2;window=1002,69.0,,,
wu26.faithful-ieee14-20261003t074126z-4d383b-7224ef,wu26.faithful,ieee14,solution1,,,channels,defended=1;scenario=14-2;window=1003,68.0,,,
wu26.faithful-ieee14-20261003t074126z-4d383b-7224ef,wu26.faithful,ieee14,solution1,,,channels,defended=1;scenario=14-2;window=1004,68.0,,,
wu26.faithful-ieee14-20261003t074126z-4d383b-7224ef,wu26.faithful,ieee14,solution1,,,channels,defended=1;scenario=14-2;window=1005,70.0,,,
wu26.faithful-ieee14-20261003t074126z-4d383b-7224ef,wu26.faithful,ieee14,solution1,,,channels,defended=1;scenario=14-2;window=1006,69.0,,,
wu26.faithful-ieee14-20261003t074126z-4d383b-7224ef,wu26.faithful,ieee14,solution1,,,channels,defended=1;scenario=14-2;window=1007,69.0,,,
wu26.faithful-ieee14-20261003t074126z-4d383b-7224ef,wu26.faithful,ieee14,solution1,,,channels,defended=1;scenario=14-2;window=1008,66.0,,,
wu26.faithful-ieee14-20261003t074126z-4d383b-7224ef,wu26.faithful,ieee14,solution1,,,channels,defended=1;scenario=14-2;window=1009,70.0,,,
wu26.faithful-ieee14-20261003t074126z-4d383b-7224ef,wu26.faithful,ieee14,solution1,,,channels,defended=1;scenario=14-2;window=1010,71.0,,,
wu26.faithful-ieee14-20261003t074126z-4d383b-7224ef,wu26.faithful,ieee14,solution1,,,channels,defended=1;scenario=14-2;window=1011,70.0,,,
wu26.faithful-ieee14-20261003t074126z-4d383b-7224ef,wu26.faithful,ieee14,solution1,,,channels,defended=1;scenario=14-2;window=1012,68.0,,,
wu26.faithful-ieee14-20261003t074126z-4d383b-7224ef,wu26.faithful,ieee14,solution1,,,channels,defended=1;scenario=14-2;window=1013,69.0,,,
wu26.faithful-ieee14-20261003t074126z-4d383b-7224ef,wu26.faithful,ieee14,solution1,,,channels,defended=1;scenario=14-2;window=1014,71.0,,,
wu26.faithful-ieee14-20261003t074126z-4d383b-7224ef,wu26.faithful,ieee14,solution1,,,channels,defended=1;scenario=14-2;window=1015,78.0,,,
wu26.faithful-ieee14-20261003t074126z-4d383b-7224ef,wu26.faithful,ieee14,solution1,,,channels,defended=1;scenario=14-2;window=1016,69.0,,,
wu26.faithful-ieee14-20261003t074126z-4d383b-7224ef,wu26.faithful,ieee14,solution1,,,channels,defended=1;scenario=14-2;window=1017,70.0,,,
wu26.faithful-ieee14-20261003t074126z-4d383b-7224ef,wu26.faithful,ieee14,solution1,,,channels,defended=1;scenario=14-2;window=1018,70.0,,,
wu26.faithful-ieee14-20261003t074126z-4d383b-7224ef,wu26.faithful,ieee14,solution1,,,channels,defended=1;scenario=14-2;window=1019,69.0,,,
wu26.faithful-ieee14-20261003t074126z-4d383b-7224ef,wu26.faithful,ieee14,solution1,,,cost_increase_pct,defended=1;scenario=14-2;window=1000,7.6923076923076925,,,
wu26.faithful-ieee14-20261003t074126z-4d383b-7224ef,wu26.faithful,ieee14,solution1,,,cost_increase_pct,defended=1;scenario=14-2;window=1001,8.333333333333334,,,
wu26.faithful-ieee14-20261003t074126z-4d383b-7224ef,wu26.faithful,ieee14,solution1,,,cost_increase_pct,defended=1;scenario=14-2;window=1002,16.666666666666668,,,
wu26.faithful-ieee14-20261003t074126z-4d383b-7224ef,wu26.faithful,ieee14,solution1,,,cost_increase_pct,defended=1;scenario=14-2;window=1003,8.333333333333334,,,
wu26.faithful-ieee14-20261003t074126z-4d383b-7224ef,wu26.faithful,ieee14,solution1,,,cost_increase_pct,defended=1;scenario=14-2;window=1004,8.333333333333334,,,
wu26.faithful-ieee14-20261003t074126z-4d383b-7224ef,wu26.faithful,ieee14,solution1,,,cost_increase_pct,defended=1;scenario=14-2;window=1005,8.333333333333334,,,
wu26.faithful-ieee14-20261003t074126z-4d383b-7224ef,wu26.faithful,ieee14,solution1,,,cost_increase_pct,defended=1;scenario=14-2;window=1006,8.333333333333334,,,
wu26.faithful-ieee14-20261003t074126z-4d383b-7224ef,wu26.faithful,ieee14,solution1,,,cost_increase_pct,defended=1;scenario=14-2;window=1007,8.333333333333334,,,
wu26.faithful-ieee14-20261003t074126z-4d383b-7224ef,wu26.faithful,ieee14,solution1,,,cost_increase_pct,defended=1;scenario=14-2;window=1008,8.333333333333334,,,
wu26.faithful-ieee14-20261003t074126z-4d383b-7224ef,wu26.faithful,ieee14,solution1,,,cost_increase_pct,defended=1;scenario=14-2;window=1009,8.333333333333334,,,
wu26.faithful-ieee14-20261003t074126z-4d383b-7224ef,wu26.faithful,ieee14,solution1,,,cost_increase_pct,defended=1;scenario=14-2;window=1010,7.6923076923076925,,,
wu26.faithful-ieee14-20261003t074126z-4d383b-7224ef,wu26.faithful,ieee14,solution1,,,cost_increase_pct,defended=1;scenario=14-2;window=1011,8.333333333333334,,,
wu26.faithful-ieee14-20261003t074126z-4d383b-7224ef,wu26.faithful,ieee14,solution1,,,cost_increase_pct,defended=1;scenario=14-2;window=1012,7.6923076923076925,,,
wu26.faithful-ieee14-20261003t074126z-4d383b-7224ef,wu26.faithful,ieee14,solution1,,,cost_increase_pct,defended=1;scenario=14-2;window=1013,8.333333333333334,,,
wu26.faithful-ieee14-20261003t074126z-4d383b-7224ef,wu26.faithful,ieee14,solution1,,,cost_increase_pct,defended=1;scenario=14-2;window=1014,8.333333333333334,,,
wu26.faithful-ieee14-20261003t074126z-4d383b-7224ef,wu26.faithful,ieee14,solution1,,,cost_increase_pct,defended=1;scenario=14-2;window=1015,0.0,,,
wu26.faithful-ieee14-20261003t074126z-4d383b-7224ef,wu26.faithful,ieee14,solution1,,,cost_increase_pct,defended=1;scenario=14-2;window=1016,8.333333333333334,,,
wu26.faithful-ieee14-20261003t074126z-4d383b-7224ef,wu26.faithful,ieee14,solution1,,,cost_increase_pct,defended=1;scenario=14-2;window=1017,8.333333333333334,,,
wu26.faithful-ieee14-20261003t074126z-4d383b-7224ef,wu26.faithful,ieee14,solution1,,,cost_increase_pct,defended=1;scenario=14-2;window=1018,8.333333333333334,,,
wu26.faithful-ieee14-20261003t074126z-4d383b-7224ef,wu26.faithful,ieee14,solution1,,,cost_increase_pct,defended=1;scenario=14-2;window=1019,8.333333333333334,,,
wu26.faithful-ieee14-20261003t074126z-4d383b-7224ef,wu26.faithful,ieee14,solution1,,,devices,defended=1;scenario=14-2;window=1000,14.0,,,
wu26.faithful-ieee14-20261003t074126z-4d383b-7224ef,wu26.faithful,ieee14,solution1,,,devices,defended=1;scenario=14-2;window=1001,13.0,,,
wu26.faithful-ieee14-20261003t074126z-4d383b-7224ef,wu26.faithful,ieee14,solution1,,,devices,defended=1;scenario=14-2;window=1002,14.0,,,
wu26.faithful-ieee14-20261003t074126z-4d383b-7224ef,wu26.faithful,ieee14,solution1,,,devices,defended=1;scenario=14-2;window=1003,13.0,,,
wu26.faithful-ieee14-20261003t074126z-4d383b-7224ef,wu26.faithful,ieee14,solution1,,,devices,defended=1;scenario=14-2;window=1004,13.0,,,
wu26.faithful-ieee14-20261003t074126z-4d383b-7224ef,wu26.faithful,ieee14,solution1,,,devices,defended=1;scenario=14-2;window=1005,13.0,,,
wu26.faithful-ieee14-20261003t074126z-4d383b-7224ef,wu26.faithful,ieee14,solution1,,,devices,defended=1;scenario=14-2;window=1006,13.0,,,
wu26.faithful-ieee14-20261003t074126z-4d383b-7224ef,wu26.faithful,ieee14,solution1,,,devices,defended=1;scenario=14-2;window=1007,13.0,,,
wu26.faithful-ieee14-20261003t074126z-4d383b-7224ef,wu26.faithful,ieee14,solution1,,,devices,defended=1;scenario=14-2;window=1008,13.0,,,
wu26.faithful-ieee14-20261003t074126z-4d383b-7224ef,wu26.faithful,ieee14,solution1,,,devices,defended=1;scenario=14-2;window=1009,13.0,,,
wu26.faithful-ieee14-20261003t074126z-4d383b-7224ef,wu26.faithful,ieee14,solution1,,,devices,defended=1;scenario=14-2;window=1010,14.0,,,
wu26.faithful-ieee14-20261003t074126z-4d383b-7224ef,wu26.faithful,ieee14,solution1,,,devices,defended=1;scenario=14-2;window=1011,13.0,,,
wu26.faithful-ieee14-20261003t074126z-4d383b-7224ef,wu26.faithful,ieee14,solution1,,,devices,defended=1;scenario=14-2;window=1012,14.0,,,
wu26.faithful-ieee14-20261003t074126z-4d383b-7224ef,wu26.faithful,ieee14,solution1,,,devices,defended=1;scenario=14-2;window=1013,13.0,,,
wu26.faithful-ieee14-20261003t074126z-4d383b-7224ef,wu26.faithful,ieee14,solution1,,,devices,defended=1;scenario=14-2;window=1014,13.0,,,
wu26.faithful-ieee14-20261003t074126z-4d383b-7224ef,wu26.faithful,ieee14,solution1,,,devices,defended=1;scenario=14-2;window=1015,13.0,,,
wu26.faithful-ieee14-20261003t074126z-4d383b-7224ef,wu26.faithful,ieee14,solution1,,,devices,defended=1;scenario=14-2;window=1016,13.0,,,
wu26.faithful-ieee14-20261003t074126z-4d383b-7224ef,wu26.faithful,ieee14,solution1,,,devices,defended=1;scenario=14-2;window=1017,13.0,,,
wu26.faithful-ieee14-20261003t074126z-4d383b-7224ef,wu26.faithful,ieee14,solution1,,,devices,defended=1;scenario=14-2;window=1018,13.0,,,
wu26.faithful-ieee14-20261003t074126z-4d383b-7224ef,wu26.faithful,ieee14,solution1,,,devices,defended=1;scenario=14-2;window=1019,13.0,,,
wu26.faithful-ieee14-20261003t074126z-4d383b-7224ef,wu26.faithful,ieee14,solution1,,,extra_devices,defended=1;scenario=14-2;window=1000,1.0,,,
wu26.faithful-ieee14-20261003t074126z-4d383b-7224ef,wu26.faithful,ieee14,solution1,,,extra_devices,defended=1;scenario=14-2;window=1001,1.0,,,
wu26.faithful-ieee14-20261003t074126z-4d383b-7224ef,wu26.faithful,ieee14,solution1,,,extra_devices,defended=1;scenario=14-2;window=1002,2.0,,,
wu26.faithful-ieee14-20261003t074126z-4d383b-7224ef,wu26.faithful,ieee14,solution1,,,extra_devices,defended=1;scenario=14-2;window=1003,1.0,,,
wu26.faithful-ieee14-20261003t074126z-4d383b-7224ef,wu26.faithful,ieee14,solution1,,,extra_devices,defended=1;scenario=14-2;window=1004,1.0,,,
wu26.faithful-ieee14-20261003t074126z-4d383b-7224ef,wu26.faithful,ieee14,solution1,,,extra_devices,defended=1;scenario=14-2;window=1005,1.0,,,
wu26.faithful-ieee14-20261003t074126z-4d383b-7224ef,wu26.faithful,ieee14,solution1,,,extra_devices,defended=1;scenario=14-2;window=1006,1.0,,,
wu26.faithful-ieee14-20261003t074126z-4d383b-7224ef,wu26.faithful,ieee14,solution1,,,extra_devices,defended=1;scenario=14-2;window=1007,1.0,,,
wu26.faithful-ieee14-20261003t074126z-4d383b-7224ef,wu26.faithful,ieee14,solution1,,,extra_devices,defended=1;scenario=14-2;window=1008,1.0,,,
wu26.faithful-ieee14-20261003t074126z-4d383b-7224ef,wu26.faithful,ieee14,solution1,,,extra_devices,defended=1;scenario=14-2;window=1009,1.0,,,
wu26.faithful-ieee14-20261003t074126z-4d383b-7224ef,wu26.faithful,ieee14,solution1,,,extra_devices,defended=1;scenario=14-2;window=1010,1.0,,,
wu26.faithful-ieee14-20261003t074126z-4d383b-7224ef,wu26.faithful,ieee14,solution1,,,extra_devices,defended=1;scenario=14-2;window=1011,1.0,,,
wu26.faithful-ieee14-20261003t074126z-4d383b-7224ef,wu26.faithful,ieee14,solution1,,,extra_devices,defended=1;scenario=14-2;window=1012,1.0,,,
wu26.faithful-ieee14-20261003t074126z-4d383b-7224ef,wu26.faithful,ieee14,solution1,,,extra_devices,defended=1;scenario=14-2;window=1013,1.0,,,
wu26.faithful-ieee14-20261003t074126z-4d383b-7224ef,wu26.faithful,ieee14,solution1,,,extra_devices,defended=1;scenario=14-2;window=1014,1.0,,,
wu26.faithful-ieee14-20261003t074126z-4d383b-7224ef,wu26.faithful,ieee14,solution1,,,extra_devices,defended=1;scenario=14-2;window=1015,1.0,,,
wu26.faithful-ieee14-20261003t074126z-4d383b-7224ef,wu26.faithful,ieee14,solution1,,,extra_devices,defended=1;scenario=14-2;window=1016,1.0,,,
wu26.faithful-ieee14-20261003t074126z-4d383b-7224ef,wu26.faithful,ieee14,solution1,,,extra_devices,defended=1;scenario=14-2;window=1017,1.0,,,
wu26.faithful-ieee14-20261003t074126z-4d383b-7224ef,wu26.faithful,ieee14,solution1,,,extra_devices,defended=1;scenario=14-2;window=1018,1.0,,,
wu26.faithful-ieee14-20261003t074126z-4d383b-7224ef,wu26.faithful,ieee14,solution1,,,extra_devices,defended=1;scenario=14-2;window=1019,1.0,,,
wu26.faithful-ieee14-20261003t074126z-4d383b-7224ef,wu26.faithful,ieee14,solution1,,,feasible,defended=1;scenario=14-2;window=1000,1.0,,,
wu26.faithful-ieee14-20261003t074126z-4d383b-7224ef,wu26.faithful,ieee14,solution1,,,feasible,defended=1;scenario=14-2;window=1001,1.0,,,
wu26.faithful-ieee14-20261003t074126z-4d383b-7224ef,wu26.faithful,ieee14,solution1,,,feasible,defended=1;scenario=14-2;window=1002,1.0,,,
wu26.faithful-ieee14-20261003t074126z-4d383b-7224ef,wu26.faithful,ieee14,solution1,,,feasible,defended=1;scenario=14-2;window=1003,1.0,,,
wu26.faithful-ieee14-20261003t074126z-4d383b-7224ef,wu26.faithful,ieee14,solution1,,,feasible,defended=1;scenario=14-2;window=1004,1.0,,,
wu26.faithful-ieee14-20261003t074126z-4d383b-7224ef,wu26.faithful,ieee14,solution1,,,feasible,defended=1;scenario=14-2;window=1005,1.0,,,
wu26.faithful-ieee14-20261003t074126z-4d383b-7224ef,wu26.faithful,ieee14,solution1,,,feasible,defended=1;scenario=14-2;window=1006,1.0,,,
wu26.faithful-ieee14-20261003t074126z-4d383b-7224ef,wu26.faithful,ieee14,solution1,,,feasible,defended=1;scenario=14-2;window=1007,1.0,,,
wu26.faithful-ieee14-20261003t074126z-4d383b-7224ef,wu26.faithful,ieee14,solution1,,,feasible,defended=1;scenario=14-2;window=1008,1.0,,,
wu26.faithful-ieee14-20261003t074126z-4d383b-7224ef,wu26.faithful,ieee14,solution1,,,feasible,defended=1;scenario=14-2;window=1009,1.0,,,
wu26.faithful-ieee14-20261003t074126z-4d383b-7224ef,wu26.faithful,ieee14,solution1,,,feasible,defended=1;scenario=14-2;window=1010,1.0,,,
wu26.faithful-ieee14-20261003t074126z-4d383b-7224ef,wu26.faithful,ieee14,solution1,,,feasible,defended=1;scenario=14-2;window=1011,1.0,,,
wu26.faithful-ieee14-20261003t074126z-4d383b-7224ef,wu26.faithful,ieee14,solution1,,,feasible,defended=1;scenario=14-2;window=1012,1.0,,,
wu26.faithful-ieee14-20261003t074126z-4d383b-7224ef,wu26.faithful,ieee14,solution1,,,feasible,defended=1;scenario=14-2;window=1013,1.0,,,
wu26.faithful-ieee14-20261003t074126z-4d383b-7224ef,wu26.faithful,ieee14,solution1,,,feasible,defended=1;scenario=14-2;window=1014,1.0,,,
wu26.faithful-ieee14-20261003t074126z-4d383b-7224ef,wu26.faithful,ieee14,solution1,,,feasible,defended=1;scenario=14-2;window=1015,1.0,,,
wu26.faithful-ieee14-20261003t074126z-4d383b-7224ef,wu26.faithful,ieee14,solution1,,,feasible,defended=1;scenario=14-2;window=1016,1.0,,,
wu26.faithful-ieee14-20261003t074126z-4d383b-7224ef,wu26.faithful,ieee14,solution1,,,feasible,defended=1;scenario=14-2;window=1017,1.0,,,
wu26.faithful-ieee14-20261003t074126z-4d383b-7224ef,wu26.faithful,ieee14,solution1,,,feasible,defended=1;scenario=14-2;window=1018,1.0,,,
wu26.faithful-ieee14-20261003t074126z-4d383b-7224ef,wu26.faithful,ieee14,solution1,,,feasible,defended=1;scenario=14-2;window=1019,1.0,,,
wu26.faithful-ieee14-20261003t074126z-4d383b-7224ef,wu26.faithful,ieee14,solution1,,,seconds,defended=1;scenario=14-2;window=1000,70.60515427589417,,,
wu26.faithful-ieee14-20261003t074126z-4d383b-7224ef,wu26.faithful,ieee14,solution1,,,seconds,defended=1;scenario=14-2;window=1001,72.83817887306213,,,
wu26.faithful-ieee14-20261003t074126z-4d383b-7224ef,wu26.faithful,ieee14,solution1,,,seconds,defended=1;scenario=14-2;window=1002,70.82812643051147,,,
wu26.faithful-ieee14-20261003t074126z-4d383b-7224ef,wu26.faithful,ieee14,solution1,,,seconds,defended=1;scenario=14-2;window=1003,71.02528858184814,,,
wu26.faithful-ieee14-20261003t074126z-4d383b-7224ef,wu26.faithful,ieee14,solution1,,,seconds,defended=1;scenario=14-2;window=1004,69.74776935577393,,,
wu26.faithful-ieee14-20261003t074126z-4d383b-7224ef,wu26.faithful,ieee14,solution1,,,seconds,defended=1;scenario=14-2;window=1005,69.03086256980896,,,
wu26.faithful-ieee14-20261003t074126z-4d383b-7224ef,wu26.faithful,ieee14,solution1,,,seconds,defended=1;scenario=14-2;window=1006,70.42917346954346,,,
wu26.faithful-ieee14-20261003t074126z-4d383b-7224ef,wu26.faithful,ieee14,solution1,,,seconds,defended=1;scenario=14-2;window=1007,70.96567368507385,,,
wu26.faithful-ieee14-20261003t074126z-4d383b-7224ef,wu26.faithful,ieee14,solution1,,,seconds,defended=1;scenario=14-2;window=1008,70.53313088417053,,,
wu26.faithful-ieee14-20261003t074126z-4d383b-7224ef,wu26.faithful,ieee14,solution1,,,seconds,defended=1;scenario=14-2;window=1009,69.90394353866577,,,
wu26.faithful-ieee14-20261003t074126z-4d383b-7224ef,wu26.faithful,ieee14,solution1,,,seconds,defended=1;scenario=14-2;window=1010,69.41102719306946,,,
wu26.faithful-ieee14-20261003t074126z-4d383b-7224ef,wu26.faithful,ieee14,solution1,,,seconds,defended=1;scenario=14-2;window=1011,67.83705878257751,,,
wu26.faithful-ieee14-20261003t074126z-4d383b-7224ef,wu26.faithful,ieee14,solution1,,,seconds,defended=1;scenario=14-2;window=1012,70.86667776107788,,,
wu26.faithful-ieee14-20261003t074126z-4d383b-7224ef,wu26.faithful,ieee14,solution1,,,seconds,defended=1;scenario=14-2;window=1013,70.89833688735962,,,
wu26.faithful-ieee14-20261003t074126z-4d383b-7224ef,wu26.faithful,ieee14,solution1,,,seconds,defended=1;scenario=14-2;window=1014,69.40745043754578,,,
wu26.faithful-ieee14-20261003t074126z-4d383b-7224ef,wu26.faithful,ieee14,solution1,,,seconds,defended=1;scenario=14-2;window=1015,69.87018513679504,,,
wu26.faithful-ieee14-20261003t074126z-4d383b-7224ef,wu26.faithful,ieee14,solution1,,,seconds,defended=1;scenario=14-2;window=1016,71.45796656608582,,,
wu26.faithful-ieee14-20261003t074126z-4d383b-7224ef,wu26.faithful,ieee14,solution1,,,seconds,defended=1;scenario=14-2;window=1017,70.98924279212952,,,
wu26.faithful-ieee14-20261003t074126z-4d383b-7224ef,wu26.faithful,ieee14,solution1,,,seconds,defended=1;scenario=14-2;window=1018,70.66430187225342,,,
wu26.faithful-ieee14-20261003t074126z-4d383b-7224ef,wu26.faithful,ieee14,solution1,,,seconds,defended=1;scenario=14-2;window=1019,71.22079992294312,,,
wu26.faithful-ieee14-20261003t074126z-4d383b-7224ef,wu26.faithful,ieee14,solution1,,,trusted_pmu,scenario=14-2;step=1,1.0,,,
wu26.faithful-ieee14-20261003t074126z-4d383b-7224ef,wu26.faithful,ieee14,solution1,,,trusted_pmu,scenario=14-2;step=2,4.0,,,
wu26.faithful-ieee14-20261003t074126z-4d383b-7224ef,wu26.faithful,ieee14,solution1,,,trusted_pmu,scenario=14-2;step=3,13.0,,,
wu26.faithful-ieee14-20261003t074126z-4d383b-7224ef,wu26.faithful,ieee14,solution1,,,trusted_pmu,scenario=14-2;step=4,6.0,,,
